timestamp,company_id,service_name,cpu_percent,memory_percent,response_time_ms,error_rate,active_connections,throughput_rps,queue_depth,db_query_time_ms
2014-02-14 14:27:00,AWS-Enterprise-Cluster,unified-cluster-service,70.0,45.0,2670.0,113239.3,182,5640,629107,34.7
2014-02-14 14:32:00,AWS-Enterprise-Cluster,unified-cluster-service,60.1,45.0,1720.0,1441579.5,179,3360,8008775,33.7
2014-02-14 14:37:00,AWS-Enterprise-Cluster,unified-cluster-service,55.7,45.0,4995.0,129328.6,181,11220,718492,34.4
2014-02-14 14:42:00,AWS-Enterprise-Cluster,unified-cluster-service,65.6,45.0,2695.0,107524.8,179,5700,597360,33.7
2014-02-14 14:47:00,AWS-Enterprise-Cluster,unified-cluster-service,63.1,45.0,1595.0,110646.0,179,3060,614700,33.8
2014-02-14 14:52:00,AWS-Enterprise-Cluster,unified-cluster-service,60.7,45.0,320.0,105376.5,181,600,585425,34.4
2014-02-14 14:57:00,AWS-Enterprise-Cluster,unified-cluster-service,66.3,45.0,1545.0,115108.6,183,2940,639492,35.0
2014-02-14 15:02:00,AWS-Enterprise-Cluster,unified-cluster-service,54.6,45.0,2295.0,109800.9,182,4740,610005,34.7
2014-02-14 15:07:00,AWS-Enterprise-Cluster,unified-cluster-service,72.1,45.0,320.0,231473.3,182,1440,1285962,34.7
2014-02-14 15:12:00,AWS-Enterprise-Cluster,unified-cluster-service,61.3,45.0,2145.0,121897.3,179,4380,677207,33.8
2014-02-14 15:17:00,AWS-Enterprise-Cluster,unified-cluster-service,58.3,45.0,1445.0,112449.1,181,2700,624717,34.3
2014-02-14 15:22:00,AWS-Enterprise-Cluster,unified-cluster-service,67.1,45.0,320.0,1440873.0,180,540,8004850,34.1
2014-02-14 15:27:00,AWS-Enterprise-Cluster,unified-cluster-service,62.6,45.0,1145.0,126287.1,180,1980,701595,34.1
2014-02-14 15:32:00,AWS-Enterprise-Cluster,unified-cluster-service,59.1,45.0,320.0,1454283.0,179,840,8079350,33.8
2014-02-14 15:37:00,AWS-Enterprise-Cluster,unified-cluster-service,64.2,45.0,1745.0,100421.1,182,3420,557895,34.7
2014-02-14 15:42:00,AWS-Enterprise-Cluster,unified-cluster-service,55.0,45.0,3795.0,109155.6,178,8340,606420,33.4
2014-02-14 15:47:00,AWS-Enterprise-Cluster,unified-cluster-service,69.1,45.0,320.0,99858.2,181,1260,554767,34.4
2014-02-14 15:52:00,AWS-Enterprise-Cluster,unified-cluster-service,62.5,45.0,1495.0,111841.6,180,2820,621342,34.1
2014-02-14 15:57:00,AWS-Enterprise-Cluster,unified-cluster-service,60.8,45.0,3420.0,100544.8,180,7440,558582,34.1
2014-02-14 16:02:00,AWS-Enterprise-Cluster,unified-cluster-service,67.8,45.0,1170.0,111289.5,179,2040,618275,33.8
2014-02-14 16:07:00,AWS-Enterprise-Cluster,unified-cluster-service,64.9,45.0,2145.0,101146.9,180,4380,561927,34.0
2014-02-14 16:12:00,AWS-Enterprise-Cluster,unified-cluster-service,58.8,45.0,320.0,100650.6,179,360,559170,33.8
2014-02-14 16:17:00,AWS-Enterprise-Cluster,unified-cluster-service,65.9,45.0,3195.0,108019.8,182,6900,600110,34.6
2014-02-14 16:22:00,AWS-Enterprise-Cluster,unified-cluster-service,55.3,45.0,320.0,1449580.5,183,840,8053225,35.0
2014-02-14 16:27:00,AWS-Enterprise-Cluster,unified-cluster-service,71.0,45.0,320.0,106022.7,180,1260,589015,34.1
2014-02-14 16:32:00,AWS-Enterprise-Cluster,unified-cluster-service,61.8,45.0,2595.0,1441260.0,178,5460,8007000,33.4
2014-02-14 16:37:00,AWS-Enterprise-Cluster,unified-cluster-service,58.2,45.0,1695.0,109886.4,181,3300,610480,34.3
2014-02-14 16:42:00,AWS-Enterprise-Cluster,unified-cluster-service,68.5,45.0,2445.0,104278.1,180,5100,579322,34.1
2014-02-14 16:47:00,AWS-Enterprise-Cluster,unified-cluster-service,62.5,45.0,2870.0,113152.5,179,6120,628625,33.8
2014-02-14 16:52:00,AWS-Enterprise-Cluster,unified-cluster-service,58.1,45.0,3295.0,98703.9,180,7140,548355,34.0
2014-02-14 16:57:00,AWS-Enterprise-Cluster,unified-cluster-service,68.5,45.0,3795.0,108464.4,180,8340,602580,34.1
2014-02-14 17:02:00,AWS-Enterprise-Cluster,unified-cluster-service,61.8,45.0,2045.0,98884.8,178,4140,549360,33.4
2014-02-14 17:07:00,AWS-Enterprise-Cluster,unified-cluster-service,62.8,45.0,3870.0,104630.0,181,8520,581277,34.4
2014-02-14 17:12:00,AWS-Enterprise-Cluster,unified-cluster-service,65.0,45.0,1445.0,107015.0,182,2700,594527,34.7
2014-02-14 17:17:00,AWS-Enterprise-Cluster,unified-cluster-service,54.3,45.0,1520.0,101715.3,185,2880,565085,35.6
2014-02-14 17:22:00,AWS-Enterprise-Cluster,unified-cluster-service,71.0,45.0,320.0,1449076.5,179,180,8050425,33.8
2014-02-14 17:27:00,AWS-Enterprise-Cluster,unified-cluster-service,60.3,45.0,1120.0,102894.3,181,1920,571635,34.4
2014-02-14 17:32:00,AWS-Enterprise-Cluster,unified-cluster-service,57.8,45.0,320.0,1452523.5,180,240,8069575,34.0
2014-02-14 17:37:00,AWS-Enterprise-Cluster,unified-cluster-service,66.5,45.0,2120.0,115607.7,181,4320,642265,34.4
2014-02-14 17:42:00,AWS-Enterprise-Cluster,unified-cluster-service,63.6,45.0,2895.0,97407.9,179,6180,541155,33.8
2014-02-14 17:47:00,AWS-Enterprise-Cluster,unified-cluster-service,61.4,45.0,1920.0,107208.0,179,3840,595600,33.8
2014-02-14 17:52:00,AWS-Enterprise-Cluster,unified-cluster-service,63.4,45.0,1420.0,105219.4,179,2640,584552,33.8
2014-02-14 17:57:00,AWS-Enterprise-Cluster,unified-cluster-service,58.3,45.0,320.0,107580.2,180,1800,597667,34.1
2014-02-14 18:02:00,AWS-Enterprise-Cluster,unified-cluster-service,71.5,45.0,320.0,103206.6,181,240,573370,34.3
2014-02-14 18:07:00,AWS-Enterprise-Cluster,unified-cluster-service,63.7,45.0,320.0,105261.3,178,240,584785,33.4
2014-02-14 18:12:00,AWS-Enterprise-Cluster,unified-cluster-service,58.2,45.0,2295.0,110380.0,178,4740,613222,33.5
2014-02-14 18:17:00,AWS-Enterprise-Cluster,unified-cluster-service,68.4,45.0,2395.0,1440490.5,180,4980,8002725,34.0
2014-02-14 18:22:00,AWS-Enterprise-Cluster,unified-cluster-service,62.5,45.0,320.0,112440.2,179,180,624667,33.8
2014-02-14 18:27:00,AWS-Enterprise-Cluster,unified-cluster-service,61.0,45.0,320.0,1443501.0,186,1260,8019450,35.9
2014-02-14 18:32:00,AWS-Enterprise-Cluster,unified-cluster-service,64.6,45.0,1145.0,108837.0,180,1980,604650,34.0
2014-02-14 18:37:00,AWS-Enterprise-Cluster,unified-cluster-service,56.5,45.0,2120.0,99156.1,181,4320,550867,34.4
2014-02-14 18:42:00,AWS-Enterprise-Cluster,unified-cluster-service,71.8,45.0,2495.0,109801.4,179,5220,610007,33.8
2014-02-14 18:47:00,AWS-Enterprise-Cluster,unified-cluster-service,60.3,45.0,5070.0,1450746.0,179,11400,8059700,33.8
2014-02-14 18:52:00,AWS-Enterprise-Cluster,unified-cluster-service,58.4,45.0,320.0,470718.0,180,600,2615100,34.1
2014-02-14 18:57:00,AWS-Enterprise-Cluster,unified-cluster-service,71.8,45.0,1420.0,664897.5,180,2640,3693875,34.1
2014-02-14 19:02:00,AWS-Enterprise-Cluster,unified-cluster-service,61.4,45.0,320.0,107663.4,179,1440,598130,33.7
2014-02-14 19:07:00,AWS-Enterprise-Cluster,unified-cluster-service,63.8,45.0,1120.0,110464.6,182,1920,613692,34.7
2014-02-14 19:12:00,AWS-Enterprise-Cluster,unified-cluster-service,62.7,45.0,3095.0,104858.1,180,6660,582545,34.1
2014-02-14 19:17:00,AWS-Enterprise-Cluster,unified-cluster-service,54.2,45.0,2970.0,1446241.5,180,6360,8034675,34.1
2014-02-14 19:22:00,AWS-Enterprise-Cluster,unified-cluster-service,70.9,45.0,1545.0,108868.1,180,2940,604822,34.1
2014-02-14 19:27:00,AWS-Enterprise-Cluster,unified-cluster-service,61.5,45.0,1720.0,1443969.0,185,3360,8022050,35.7
2014-02-14 19:32:00,AWS-Enterprise-Cluster,unified-cluster-service,59.3,45.0,2295.0,106468.6,181,4740,591492,34.4
2014-02-14 19:37:00,AWS-Enterprise-Cluster,unified-cluster-service,64.9,45.0,1370.0,107749.3,181,2520,598607,34.4
2014-02-14 19:42:00,AWS-Enterprise-Cluster,unified-cluster-service,61.3,45.0,3120.0,109989.9,179,6720,611055,33.8
2014-02-14 19:47:00,AWS-Enterprise-Cluster,unified-cluster-service,61.5,45.0,320.0,101588.0,180,1260,564377,34.1
2014-02-14 19:52:00,AWS-Enterprise-Cluster,unified-cluster-service,71.9,45.0,1520.0,112911.8,179,2880,627287,33.8
2014-02-14 19:57:00,AWS-Enterprise-Cluster,unified-cluster-service,63.4,45.0,1520.0,100553.4,181,2880,558630,34.4
2014-02-14 20:02:00,AWS-Enterprise-Cluster,unified-cluster-service,71.3,45.0,2595.0,111810.6,179,5460,621170,33.8
2014-02-14 20:07:00,AWS-Enterprise-Cluster,unified-cluster-service,66.2,45.0,5095.0,100468.8,181,11460,558160,34.3
2014-02-14 20:12:00,AWS-Enterprise-Cluster,unified-cluster-service,62.4,45.0,320.0,111777.7,179,480,620987,33.8
2014-02-14 20:17:00,AWS-Enterprise-Cluster,unified-cluster-service,67.8,45.0,320.0,1446246.0,182,1500,8034700,34.7
2014-02-14 20:22:00,AWS-Enterprise-Cluster,unified-cluster-service,63.7,45.0,2645.0,113728.9,183,5580,631827,35.0
2014-02-14 20:27:00,AWS-Enterprise-Cluster,unified-cluster-service,61.1,45.0,1245.0,1438969.5,180,2220,7994275,34.1
2014-02-14 20:32:00,AWS-Enterprise-Cluster,unified-cluster-service,66.3,45.0,320.0,110214.4,179,1440,612302,33.7
2014-02-14 20:37:00,AWS-Enterprise-Cluster,unified-cluster-service,55.0,45.0,1195.0,106310.2,180,2100,590612,34.1
2014-02-14 20:42:00,AWS-Enterprise-Cluster,unified-cluster-service,70.9,45.0,1445.0,108747.5,179,2700,604152,33.7
2014-02-14 20:47:00,AWS-Enterprise-Cluster,unified-cluster-service,61.2,45.0,320.0,107775.9,180,660,598755,34.1
2014-02-14 20:52:00,AWS-Enterprise-Cluster,unified-cluster-service,56.5,45.0,1570.0,102138.8,180,3000,567437,34.0
2014-02-14 20:57:00,AWS-Enterprise-Cluster,unified-cluster-service,69.5,45.0,320.0,106511.8,179,180,591732,33.8
2014-02-14 21:02:00,AWS-Enterprise-Cluster,unified-cluster-service,63.3,45.0,2195.0,102515.0,180,4500,569527,34.1
2014-02-14 21:07:00,AWS-Enterprise-Cluster,unified-cluster-service,62.7,45.0,2295.0,113637.1,180,4740,631317,34.1
2014-02-14 21:12:00,AWS-Enterprise-Cluster,unified-cluster-service,63.9,45.0,320.0,111084.8,178,1320,617137,33.4
2014-02-14 21:17:00,AWS-Enterprise-Cluster,unified-cluster-service,54.5,45.0,3895.0,1486948.5,186,8580,8260825,35.9
2014-02-14 21:22:00,AWS-Enterprise-Cluster,unified-cluster-service,70.3,45.0,320.0,111516.3,180,1440,619535,34.1
2014-02-14 21:27:00,AWS-Enterprise-Cluster,unified-cluster-service,64.6,45.0,5870.0,1504953.0,180,13320,8360850,34.0
2014-02-14 21:32:00,AWS-Enterprise-Cluster,unified-cluster-service,57.7,45.0,1745.0,72913.5,179,3420,405075,33.8
2014-02-14 21:37:00,AWS-Enterprise-Cluster,unified-cluster-service,68.2,45.0,320.0,104350.9,182,600,579727,34.7
2014-02-14 21:42:00,AWS-Enterprise-Cluster,unified-cluster-service,61.2,45.0,1470.0,110279.7,180,2760,612665,34.1
2014-02-14 21:47:00,AWS-Enterprise-Cluster,unified-cluster-service,58.3,45.0,320.0,96756.3,181,360,537535,34.4
2014-02-14 21:52:00,AWS-Enterprise-Cluster,unified-cluster-service,65.3,45.0,1820.0,115538.9,181,3600,641882,34.4
2014-02-14 21:57:00,AWS-Enterprise-Cluster,unified-cluster-service,64.7,45.0,320.0,96480.0,180,1800,536000,34.1
2014-02-14 22:02:00,AWS-Enterprise-Cluster,unified-cluster-service,59.4,45.0,320.0,113482.8,180,1020,630460,34.0
2014-02-14 22:07:00,AWS-Enterprise-Cluster,unified-cluster-service,66.8,45.0,320.0,102195.0,181,660,567750,34.4
2014-02-14 22:12:00,AWS-Enterprise-Cluster,unified-cluster-service,63.6,45.0,2995.0,115924.5,179,6420,644025,33.8
2014-02-14 22:17:00,AWS-Enterprise-Cluster,unified-cluster-service,59.7,45.0,3320.0,1460038.5,181,7200,8111325,34.4
2014-02-14 22:22:00,AWS-Enterprise-Cluster,unified-cluster-service,63.7,45.0,320.0,101740.5,180,240,565225,34.1
2014-02-14 22:27:00,AWS-Enterprise-Cluster,unified-cluster-service,56.3,45.0,4070.0,1450426.5,184,9000,8057925,35.3
2014-02-14 22:32:00,AWS-Enterprise-Cluster,unified-cluster-service,72.4,45.0,2570.0,109709.5,182,5400,609497,34.7
2014-02-14 22:37:00,AWS-Enterprise-Cluster,unified-cluster-service,63.2,45.0,1620.0,100754.5,181,3120,559747,34.4
2014-02-14 22:42:00,AWS-Enterprise-Cluster,unified-cluster-service,60.5,45.0,1195.0,109210.5,182,2100,606725,34.7
2014-02-14 22:47:00,AWS-Enterprise-Cluster,unified-cluster-service,66.9,45.0,320.0,109501.6,176,480,608342,33.1
2014-02-14 22:52:00,AWS-Enterprise-Cluster,unified-cluster-service,61.9,45.0,320.0,106704.9,180,300,592805,34.1
2014-02-14 22:57:00,AWS-Enterprise-Cluster,unified-cluster-service,63.1,45.0,4495.0,110141.1,180,10020,611895,34.1
2014-02-14 23:02:00,AWS-Enterprise-Cluster,unified-cluster-service,68.5,45.0,3795.0,105746.4,179,8340,587480,33.8
2014-02-14 23:07:00,AWS-Enterprise-Cluster,unified-cluster-service,58.9,45.0,1670.0,110338.2,183,3240,612990,34.9
2014-02-14 23:12:00,AWS-Enterprise-Cluster,unified-cluster-service,72.3,45.0,320.0,105940.8,183,180,588560,35.0
2014-02-14 23:17:00,AWS-Enterprise-Cluster,unified-cluster-service,62.7,45.0,2870.0,1456033.5,180,6120,8089075,34.0
2014-02-14 23:22:00,AWS-Enterprise-Cluster,unified-cluster-service,58.1,45.0,320.0,103865.0,178,720,577027,33.5
2014-02-14 23:27:00,AWS-Enterprise-Cluster,unified-cluster-service,66.2,45.0,320.0,1450089.0,181,1020,8056050,34.4
2014-02-14 23:32:00,AWS-Enterprise-Cluster,unified-cluster-service,62.4,45.0,1970.0,112012.7,178,3960,622292,33.4
2014-02-14 23:37:00,AWS-Enterprise-Cluster,unified-cluster-service,60.6,45.0,2670.0,104283.4,181,5640,579352,34.4
2014-02-14 23:42:00,AWS-Enterprise-Cluster,unified-cluster-service,65.5,45.0,320.0,112340.2,178,360,624112,33.4
2014-02-14 23:47:00,AWS-Enterprise-Cluster,unified-cluster-service,55.1,45.0,2870.0,104504.4,180,6120,580580,34.0
2014-02-14 23:52:00,AWS-Enterprise-Cluster,unified-cluster-service,70.7,45.0,2370.0,112737.1,179,4920,626317,33.9
2014-02-14 23:57:00,AWS-Enterprise-Cluster,unified-cluster-service,63.7,45.0,1445.0,106633.8,181,2700,592410,34.3
2014-02-15 00:02:00,AWS-Enterprise-Cluster,unified-cluster-service,58.5,45.0,320.0,107974.8,179,480,599860,33.7
2014-02-15 00:07:00,AWS-Enterprise-Cluster,unified-cluster-service,71.6,45.0,320.0,101326.9,181,180,562927,34.4
2014-02-15 00:12:00,AWS-Enterprise-Cluster,unified-cluster-service,63.0,45.0,2995.0,116366.8,185,6420,646482,35.6
2014-02-15 00:17:00,AWS-Enterprise-Cluster,unified-cluster-service,62.3,45.0,320.0,1444018.5,183,900,8022325,35.0
2014-02-15 00:22:00,AWS-Enterprise-Cluster,unified-cluster-service,64.5,45.0,320.0,105617.7,180,540,586765,34.1
2014-02-15 00:27:00,AWS-Enterprise-Cluster,unified-cluster-service,55.8,45.0,320.0,1455120.0,181,60,8084000,34.3
2014-02-15 00:32:00,AWS-Enterprise-Cluster,unified-cluster-service,70.4,45.0,1845.0,108198.0,179,3660,601100,33.8
2014-02-15 00:37:00,AWS-Enterprise-Cluster,unified-cluster-service,61.8,45.0,1570.0,111996.0,181,3000,622200,34.4
2014-02-15 00:42:00,AWS-Enterprise-Cluster,unified-cluster-service,57.8,45.0,2470.0,103683.2,179,5160,576017,33.7
2014-02-15 00:47:00,AWS-Enterprise-Cluster,unified-cluster-service,66.2,45.0,2045.0,113308.2,180,4140,629490,34.1
2014-02-15 00:52:00,AWS-Enterprise-Cluster,unified-cluster-service,61.6,45.0,320.0,104716.4,180,300,581757,34.1
2014-02-15 00:57:00,AWS-Enterprise-Cluster,unified-cluster-service,62.5,45.0,1795.0,112307.9,180,3540,623932,34.1
2014-02-15 01:02:00,AWS-Enterprise-Cluster,unified-cluster-service,63.1,45.0,1170.0,97981.6,179,2040,544342,33.7
2014-02-15 01:07:00,AWS-Enterprise-Cluster,unified-cluster-service,58.2,45.0,2695.0,107885.2,189,5700,599362,36.8
2014-02-15 01:12:00,AWS-Enterprise-Cluster,unified-cluster-service,69.8,45.0,2320.0,1853856.0,180,4800,10299200,34.1
2014-02-15 01:17:00,AWS-Enterprise-Cluster,unified-cluster-service,60.2,45.0,3970.0,101916.0,181,8760,566200,34.4
2014-02-15 01:22:00,AWS-Enterprise-Cluster,unified-cluster-service,57.9,45.0,2120.0,112987.8,179,4320,627710,33.8
2014-02-15 01:27:00,AWS-Enterprise-Cluster,unified-cluster-service,66.0,45.0,1420.0,1443091.5,179,2640,8017175,33.7
2014-02-15 01:32:00,AWS-Enterprise-Cluster,unified-cluster-service,61.6,45.0,2945.0,108432.0,180,6300,602400,34.0
2014-02-15 01:37:00,AWS-Enterprise-Cluster,unified-cluster-service,59.5,45.0,2020.0,107113.1,181,4080,595072,34.3
2014-02-15 01:42:00,AWS-Enterprise-Cluster,unified-cluster-service,64.4,45.0,1320.0,111833.6,179,2400,621297,33.8
2014-02-15 01:47:00,AWS-Enterprise-Cluster,unified-cluster-service,54.4,45.0,320.0,106643.7,181,840,592465,34.3
2014-02-15 01:52:00,AWS-Enterprise-Cluster,unified-cluster-service,70.8,45.0,320.0,105378.3,181,360,585435,34.4
2014-02-15 01:57:00,AWS-Enterprise-Cluster,unified-cluster-service,63.4,45.0,2295.0,106124.8,181,4740,589582,34.4
2014-02-15 02:02:00,AWS-Enterprise-Cluster,unified-cluster-service,58.2,45.0,4895.0,108533.2,186,10980,602962,36.0
2014-02-15 02:07:00,AWS-Enterprise-Cluster,unified-cluster-service,70.0,45.0,3770.0,105136.6,183,8280,584092,35.0
2014-02-15 02:12:00,AWS-Enterprise-Cluster,unified-cluster-service,62.5,45.0,3295.0,106152.3,180,7140,589735,34.1
2014-02-15 02:17:00,AWS-Enterprise-Cluster,unified-cluster-service,62.3,45.0,6695.0,1457640.0,181,15300,8098000,34.4
2014-02-15 02:22:00,AWS-Enterprise-Cluster,unified-cluster-service,64.9,45.0,2170.0,112164.3,180,4440,623135,34.1
2014-02-15 02:27:00,AWS-Enterprise-Cluster,unified-cluster-service,55.2,45.0,1195.0,1452064.5,180,2100,8067025,34.1
2014-02-15 02:32:00,AWS-Enterprise-Cluster,unified-cluster-service,71.1,45.0,320.0,98703.4,179,720,548352,33.7
2014-02-15 02:37:00,AWS-Enterprise-Cluster,unified-cluster-service,61.2,45.0,2020.0,112670.6,181,4080,625947,34.4
2014-02-15 02:42:00,AWS-Enterprise-Cluster,unified-cluster-service,59.2,45.0,320.0,109749.6,179,60,609720,33.8
2014-02-15 02:47:00,AWS-Enterprise-Cluster,unified-cluster-service,66.4,45.0,2770.0,104234.8,180,5880,579082,34.1
2014-02-15 02:52:00,AWS-Enterprise-Cluster,unified-cluster-service,54.0,45.0,320.0,103318.6,180,1260,573992,34.1
2014-02-15 02:57:00,AWS-Enterprise-Cluster,unified-cluster-service,71.4,45.0,1995.0,112434.3,181,4020,624635,34.4
2014-02-15 03:02:00,AWS-Enterprise-Cluster,unified-cluster-service,63.3,45.0,4720.0,101999.7,179,10560,566665,33.8
2014-02-15 03:07:00,AWS-Enterprise-Cluster,unified-cluster-service,58.6,45.0,5295.0,106184.2,180,11940,589912,34.0
2014-02-15 03:12:00,AWS-Enterprise-Cluster,unified-cluster-service,67.8,45.0,3320.0,114146.1,179,7200,634145,33.8
2014-02-15 03:17:00,AWS-Enterprise-Cluster,unified-cluster-service,61.9,45.0,1895.0,1453608.0,180,3780,8075600,34.1
2014-02-15 03:22:00,AWS-Enterprise-Cluster,unified-cluster-service,59.3,45.0,4870.0,114413.4,185,10920,635630,35.7
2014-02-15 03:27:00,AWS-Enterprise-Cluster,unified-cluster-service,65.0,45.0,4470.0,1443861.0,184,9960,8021450,35.3
2014-02-15 03:32:00,AWS-Enterprise-Cluster,unified-cluster-service,55.1,45.0,2920.0,112031.1,179,6240,622395,33.8
2014-02-15 03:37:00,AWS-Enterprise-Cluster,unified-cluster-service,73.2,45.0,3845.0,101943.4,181,8460,566352,34.4
2014-02-15 03:42:00,AWS-Enterprise-Cluster,unified-cluster-service,63.3,45.0,1820.0,108161.6,180,3600,600897,34.1
2014-02-15 03:47:00,AWS-Enterprise-Cluster,unified-cluster-service,56.5,45.0,320.0,106607.7,181,540,592265,34.4
2014-02-15 03:52:00,AWS-Enterprise-Cluster,unified-cluster-service,69.6,45.0,1920.0,111240.0,181,3840,618000,34.4
2014-02-15 03:57:00,AWS-Enterprise-Cluster,unified-cluster-service,64.4,45.0,1595.0,110219.4,182,3060,612330,34.7
2014-02-15 04:02:00,AWS-Enterprise-Cluster,unified-cluster-service,61.0,45.0,2420.0,112452.3,180,5040,624735,34.1
2014-02-15 04:07:00,AWS-Enterprise-Cluster,unified-cluster-service,68.4,45.0,320.0,101822.9,181,1620,565682,34.3
2014-02-15 04:12:00,AWS-Enterprise-Cluster,unified-cluster-service,39.9,45.0,4945.0,106557.3,180,11100,591985,34.1
2014-02-15 04:17:00,AWS-Enterprise-Cluster,unified-cluster-service,68.5,45.0,2220.0,1455349.5,180,4560,8085275,34.1
2014-02-15 04:22:00,AWS-Enterprise-Cluster,unified-cluster-service,62.3,45.0,2620.0,115194.6,180,5520,639970,34.1
2014-02-15 04:27:00,AWS-Enterprise-Cluster,unified-cluster-service,58.2,45.0,2745.0,1452028.5,180,5820,8066825,34.0
2014-02-15 04:32:00,AWS-Enterprise-Cluster,unified-cluster-service,67.1,45.0,320.0,100836.9,179,1560,560205,33.8
2014-02-15 04:37:00,AWS-Enterprise-Cluster,unified-cluster-service,63.0,45.0,4520.0,111209.4,180,10080,617830,34.1
2014-02-15 04:42:00,AWS-Enterprise-Cluster,unified-cluster-service,60.7,45.0,1170.0,107126.6,180,2040,595147,34.1
2014-02-15 04:47:00,AWS-Enterprise-Cluster,unified-cluster-service,64.0,45.0,320.0,111977.5,180,600,622097,34.1
2014-02-15 04:52:00,AWS-Enterprise-Cluster,unified-cluster-service,54.3,45.0,1670.0,100831.9,180,3240,560177,34.0
2014-02-15 04:57:00,AWS-Enterprise-Cluster,unified-cluster-service,72.7,45.0,5270.0,106617.6,179,11880,592320,33.8
2014-02-15 05:02:00,AWS-Enterprise-Cluster,unified-cluster-service,58.4,45.0,3870.0,109736.1,180,8520,609645,34.1
2014-02-15 05:07:00,AWS-Enterprise-Cluster,unified-cluster-service,59.9,45.0,6120.0,110304.0,181,13920,612800,34.4
2014-02-15 05:12:00,AWS-Enterprise-Cluster,unified-cluster-service,66.3,45.0,320.0,113252.4,179,420,629180,33.8
2014-02-15 05:17:00,AWS-Enterprise-Cluster,unified-cluster-service,61.4,45.0,2845.0,1449279.0,179,6060,8051550,33.7
2014-02-15 05:22:00,AWS-Enterprise-Cluster,unified-cluster-service,60.4,45.0,1620.0,112398.3,180,3120,624435,34.0
2014-02-15 05:27:00,AWS-Enterprise-Cluster,unified-cluster-service,63.0,45.0,4520.0,1446025.5,180,10080,8033475,34.1
2014-02-15 05:32:00,AWS-Enterprise-Cluster,unified-cluster-service,56.4,45.0,1895.0,116032.5,179,3780,644625,33.8
2014-02-15 05:37:00,AWS-Enterprise-Cluster,unified-cluster-service,70.7,45.0,1195.0,108084.6,179,2100,600470,33.8
2014-02-15 05:42:00,AWS-Enterprise-Cluster,unified-cluster-service,60.6,45.0,320.0,116060.0,180,600,644777,34.1
2014-02-15 05:47:00,AWS-Enterprise-Cluster,unified-cluster-service,57.0,45.0,2845.0,105788.7,183,6060,587715,35.0
2014-02-15 05:52:00,AWS-Enterprise-Cluster,unified-cluster-service,67.0,45.0,2670.0,109665.5,181,5640,609252,34.4
2014-02-15 05:57:00,AWS-Enterprise-Cluster,unified-cluster-service,64.3,45.0,320.0,109819.8,179,1740,610110,33.8
2014-02-15 06:02:00,AWS-Enterprise-Cluster,unified-cluster-service,60.5,45.0,1945.0,104207.9,180,3900,578932,34.0
2014-02-15 06:07:00,AWS-Enterprise-Cluster,unified-cluster-service,66.6,45.0,2395.0,109589.4,180,4980,608830,34.1
2014-02-15 06:12:00,AWS-Enterprise-Cluster,unified-cluster-service,54.9,45.0,4970.0,108204.3,180,11160,601135,34.1
2014-02-15 06:17:00,AWS-Enterprise-Cluster,unified-cluster-service,69.7,45.0,5195.0,1463067.0,181,11700,8128150,34.4
2014-02-15 06:22:00,AWS-Enterprise-Cluster,unified-cluster-service,60.8,45.0,320.0,107431.2,180,1620,596840,34.0
2014-02-15 06:27:00,AWS-Enterprise-Cluster,unified-cluster-service,58.9,45.0,1520.0,1457883.0,181,2880,8099350,34.4
2014-02-15 06:32:00,AWS-Enterprise-Cluster,unified-cluster-service,68.6,45.0,8695.0,106002.9,181,20100,588905,34.3
2014-02-15 06:37:00,AWS-Enterprise-Cluster,unified-cluster-service,60.0,45.0,2645.0,108281.7,180,5580,601565,34.1
2014-02-15 06:42:00,AWS-Enterprise-Cluster,unified-cluster-service,59.7,45.0,320.0,111583.4,180,420,619907,34.1
2014-02-15 06:47:00,AWS-Enterprise-Cluster,unified-cluster-service,65.1,45.0,1820.0,102057.7,181,3600,566987,34.4
2014-02-15 06:52:00,AWS-Enterprise-Cluster,unified-cluster-service,55.5,45.0,6920.0,113233.5,181,15840,629075,34.4
2014-02-15 06:57:00,AWS-Enterprise-Cluster,unified-cluster-service,72.8,45.0,1295.0,100904.4,180,2340,560580,34.1
2014-02-15 07:02:00,AWS-Enterprise-Cluster,unified-cluster-service,62.4,45.0,3220.0,115599.1,180,6960,642217,34.1
2014-02-15 07:07:00,AWS-Enterprise-Cluster,unified-cluster-service,58.8,45.0,320.0,107010.5,181,660,594502,34.4
2014-02-15 07:12:00,AWS-Enterprise-Cluster,unified-cluster-service,67.1,45.0,3295.0,163202.0,180,7140,906677,34.1
2014-02-15 07:17:00,AWS-Enterprise-Cluster,unified-cluster-service,58.8,45.0,3545.0,1450305.0,181,7740,8057250,34.4
2014-02-15 07:22:00,AWS-Enterprise-Cluster,unified-cluster-service,56.4,45.0,1570.0,116441.6,180,3000,646897,34.1
2014-02-15 07:27:00,AWS-Enterprise-Cluster,unified-cluster-service,66.6,45.0,2845.0,1451209.5,180,6060,8062275,34.1
2014-02-15 07:32:00,AWS-Enterprise-Cluster,unified-cluster-service,61.4,45.0,4995.0,110862.0,179,11220,615900,33.7
2014-02-15 07:37:00,AWS-Enterprise-Cluster,unified-cluster-service,59.8,45.0,320.0,108419.4,181,1500,602330,34.4
2014-02-15 07:42:00,AWS-Enterprise-Cluster,unified-cluster-service,67.1,45.0,1645.0,109589.8,178,3180,608832,33.4
2014-02-15 07:47:00,AWS-Enterprise-Cluster,unified-cluster-service,55.2,45.0,3545.0,117561.1,181,7740,653117,34.4
2014-02-15 07:52:00,AWS-Enterprise-Cluster,unified-cluster-service,69.9,45.0,4570.0,103623.8,184,10200,575687,35.3
2014-02-15 07:57:00,AWS-Enterprise-Cluster,unified-cluster-service,65.6,45.0,2470.0,152946.5,179,5160,849702,33.7
2014-02-15 08:02:00,AWS-Enterprise-Cluster,unified-cluster-service,56.6,45.0,2795.0,102511.8,182,5940,569510,34.7
2014-02-15 08:07:00,AWS-Enterprise-Cluster,unified-cluster-service,72.5,45.0,320.0,109149.8,183,840,606387,35.0
2014-02-15 08:12:00,AWS-Enterprise-Cluster,unified-cluster-service,62.8,45.0,1920.0,110183.0,176,3840,612127,32.8
2014-02-15 08:17:00,AWS-Enterprise-Cluster,unified-cluster-service,55.8,45.0,1470.0,1462837.5,179,2760,8126875,33.8
2014-02-15 08:22:00,AWS-Enterprise-Cluster,unified-cluster-service,65.3,45.0,2370.0,112196.2,180,4920,623312,34.1
2014-02-15 08:27:00,AWS-Enterprise-Cluster,unified-cluster-service,56.5,45.0,320.0,1473525.0,180,1020,8186250,34.1
2014-02-15 08:32:00,AWS-Enterprise-Cluster,unified-cluster-service,70.7,45.0,1345.0,127659.1,178,2460,709217,33.4
2014-02-15 08:37:00,AWS-Enterprise-Cluster,unified-cluster-service,62.8,45.0,320.0,116270.6,182,840,645947,34.7
2014-02-15 08:42:00,AWS-Enterprise-Cluster,unified-cluster-service,57.1,45.0,7895.0,110747.7,179,18180,615265,33.8
2014-02-15 08:47:00,AWS-Enterprise-Cluster,unified-cluster-service,67.6,45.0,2320.0,126259.2,181,4800,701440,34.4
2014-02-15 08:52:00,AWS-Enterprise-Cluster,unified-cluster-service,61.7,45.0,320.0,113709.1,181,900,631717,34.3
2014-02-15 08:57:00,AWS-Enterprise-Cluster,unified-cluster-service,61.4,45.0,2095.0,104345.6,180,4260,579697,34.1
2014-02-15 09:02:00,AWS-Enterprise-Cluster,unified-cluster-service,65.7,45.0,2270.0,118104.8,181,4680,656137,34.4
2014-02-15 09:07:00,AWS-Enterprise-Cluster,unified-cluster-service,65.0,45.0,1395.0,113467.0,181,2580,630372,34.3
2014-02-15 09:12:00,AWS-Enterprise-Cluster,unified-cluster-service,60.3,45.0,1420.0,125766.4,182,2640,698702,34.7
2014-02-15 09:17:00,AWS-Enterprise-Cluster,unified-cluster-service,61.5,45.0,2645.0,1455201.0,180,5580,8084450,34.1
2014-02-15 09:22:00,AWS-Enterprise-Cluster,unified-cluster-service,55.2,45.0,1720.0,122175.9,181,3360,678755,34.4
2014-02-15 09:27:00,AWS-Enterprise-Cluster,unified-cluster-service,67.5,45.0,4145.0,1449315.0,180,9180,8051750,34.1
2014-02-15 09:32:00,AWS-Enterprise-Cluster,unified-cluster-service,61.3,45.0,1920.0,108386.1,180,3840,602145,34.1
2014-02-15 09:37:00,AWS-Enterprise-Cluster,unified-cluster-service,57.7,45.0,4220.0,117481.1,181,9360,652672,34.3
2014-02-15 09:42:00,AWS-Enterprise-Cluster,unified-cluster-service,64.9,45.0,2345.0,110245.0,180,4860,612472,34.1
2014-02-15 09:47:00,AWS-Enterprise-Cluster,unified-cluster-service,63.0,45.0,2670.0,216450.0,180,5640,1202500,34.1
2014-02-15 09:52:00,AWS-Enterprise-Cluster,unified-cluster-service,59.6,45.0,320.0,105878.7,180,540,588215,34.1
2014-02-15 09:57:00,AWS-Enterprise-Cluster,unified-cluster-service,67.4,45.0,1920.0,114400.8,181,3840,635560,34.4
2014-02-15 10:02:00,AWS-Enterprise-Cluster,unified-cluster-service,55.1,45.0,3570.0,112824.0,178,7800,626800,33.5
2014-02-15 10:07:00,AWS-Enterprise-Cluster,unified-cluster-service,71.8,45.0,1195.0,115872.3,184,2100,643735,35.3
2014-02-15 10:12:00,AWS-Enterprise-Cluster,unified-cluster-service,61.2,45.0,1170.0,105252.3,179,2040,584735,33.7
2014-02-15 10:17:00,AWS-Enterprise-Cluster,unified-cluster-service,56.4,45.0,2420.0,1461109.5,180,5040,8117275,34.1
2014-02-15 10:22:00,AWS-Enterprise-Cluster,unified-cluster-service,65.7,45.0,1495.0,125385.3,180,2820,696585,34.1
2014-02-15 10:27:00,AWS-Enterprise-Cluster,unified-cluster-service,61.5,45.0,2870.0,1763320.5,180,6120,9796225,34.1
2014-02-15 10:32:00,AWS-Enterprise-Cluster,unified-cluster-service,60.8,45.0,1295.0,118443.6,179,2340,658020,33.7
2014-02-15 10:37:00,AWS-Enterprise-Cluster,unified-cluster-service,64.9,45.0,1995.0,90093.1,179,4020,500517,33.8
2014-02-15 10:42:00,AWS-Enterprise-Cluster,unified-cluster-service,56.4,45.0,1445.0,115747.7,181,2700,643042,34.3
2014-02-15 10:47:00,AWS-Enterprise-Cluster,unified-cluster-service,69.8,45.0,320.0,233720.5,180,1800,1298447,34.1
2014-02-15 10:52:00,AWS-Enterprise-Cluster,unified-cluster-service,64.2,45.0,320.0,108083.2,182,600,600462,34.7
2014-02-15 10:57:00,AWS-Enterprise-Cluster,unified-cluster-service,58.2,45.0,1220.0,109186.2,181,2160,606590,34.3
2014-02-15 11:02:00,AWS-Enterprise-Cluster,unified-cluster-service,67.8,45.0,1245.0,116412.3,180,2220,646735,34.1
2014-02-15 11:07:00,AWS-Enterprise-Cluster,unified-cluster-service,64.1,45.0,320.0,106055.6,185,720,589197,35.7
2014-02-15 11:12:00,AWS-Enterprise-Cluster,unified-cluster-service,58.3,45.0,3295.0,128855.2,180,7140,715862,34.1
2014-02-15 11:17:00,AWS-Enterprise-Cluster,unified-cluster-service,64.0,45.0,2970.0,1467751.5,183,6360,8154175,35.0
2014-02-15 11:22:00,AWS-Enterprise-Cluster,unified-cluster-service,39.9,45.0,320.0,119689.6,182,1260,664942,34.7
2014-02-15 11:27:00,AWS-Enterprise-Cluster,unified-cluster-service,69.5,45.0,1720.0,1459939.5,182,3360,8110775,34.7
2014-02-15 11:32:00,AWS-Enterprise-Cluster,unified-cluster-service,59.8,45.0,2920.0,129201.3,181,6240,717785,34.4
2014-02-15 11:37:00,AWS-Enterprise-Cluster,unified-cluster-service,57.0,45.0,320.0,112405.9,183,1080,624477,35.0
2014-02-15 11:42:00,AWS-Enterprise-Cluster,unified-cluster-service,66.5,45.0,320.0,116242.7,181,660,645792,34.4
2014-02-15 11:47:00,AWS-Enterprise-Cluster,unified-cluster-service,62.2,45.0,320.0,118969.2,182,600,660940,34.7
2014-02-15 11:52:00,AWS-Enterprise-Cluster,unified-cluster-service,61.0,45.0,2070.0,111161.7,181,4200,617565,34.4
2014-02-15 11:57:00,AWS-Enterprise-Cluster,unified-cluster-service,66.7,45.0,3220.0,116995.9,182,6960,649977,34.6
2014-02-15 12:02:00,AWS-Enterprise-Cluster,unified-cluster-service,54.4,45.0,320.0,131616.5,180,1140,731202,34.1
2014-02-15 12:07:00,AWS-Enterprise-Cluster,unified-cluster-service,71.8,45.0,1845.0,451242.0,182,3660,2506900,34.7
2014-02-15 12:12:00,AWS-Enterprise-Cluster,unified-cluster-service,61.3,45.0,1920.0,106287.7,181,3840,590487,34.4
2014-02-15 12:17:00,AWS-Enterprise-Cluster,unified-cluster-service,56.8,45.0,1695.0,1475568.0,182,3300,8197600,34.7
2014-02-15 12:22:00,AWS-Enterprise-Cluster,unified-cluster-service,68.1,45.0,320.0,122558.0,182,240,680877,34.7
2014-02-15 12:27:00,AWS-Enterprise-Cluster,unified-cluster-service,63.5,45.0,3420.0,1445179.5,185,7440,8028775,35.6
2014-02-15 12:32:00,AWS-Enterprise-Cluster,unified-cluster-service,60.1,45.0,320.0,117212.4,181,120,651180,34.3
2014-02-15 12:37:00,AWS-Enterprise-Cluster,unified-cluster-service,64.7,45.0,1120.0,100335.2,183,1920,557417,35.0
2014-02-15 12:42:00,AWS-Enterprise-Cluster,unified-cluster-service,56.1,45.0,2220.0,119583.9,181,4560,664355,34.4
2014-02-15 12:47:00,AWS-Enterprise-Cluster,unified-cluster-service,71.2,45.0,320.0,105214.5,182,480,584525,34.6
2014-02-15 12:52:00,AWS-Enterprise-Cluster,unified-cluster-service,61.3,45.0,2220.0,113311.4,182,4560,629507,34.7
2014-02-15 12:57:00,AWS-Enterprise-Cluster,unified-cluster-service,59.5,45.0,5545.0,427488.3,183,12540,2374935,35.0
2014-02-15 13:02:00,AWS-Enterprise-Cluster,unified-cluster-service,68.1,45.0,320.0,110135.2,181,1200,611862,34.4
2014-02-15 13:07:00,AWS-Enterprise-Cluster,unified-cluster-service,64.5,45.0,3395.0,101681.1,182,7380,564895,34.7
2014-02-15 13:12:00,AWS-Enterprise-Cluster,unified-cluster-service,58.9,45.0,1120.0,111796.6,181,1920,621092,34.4
2014-02-15 13:17:00,AWS-Enterprise-Cluster,unified-cluster-service,65.5,45.0,1120.0,1459417.5,186,1920,8107875,35.9
2014-02-15 13:22:00,AWS-Enterprise-Cluster,unified-cluster-service,54.7,45.0,1095.0,147399.8,180,1860,818887,34.1
2014-02-15 13:27:00,AWS-Enterprise-Cluster,unified-cluster-service,69.9,45.0,2620.0,1453860.0,182,5520,8077000,34.7
2014-02-15 13:32:00,AWS-Enterprise-Cluster,unified-cluster-service,62.3,45.0,3345.0,109595.7,182,7260,608865,34.7
2014-02-15 13:37:00,AWS-Enterprise-Cluster,unified-cluster-service,56.8,45.0,320.0,112347.0,182,360,624150,34.7
2014-02-15 13:42:00,AWS-Enterprise-Cluster,unified-cluster-service,65.7,45.0,1795.0,111845.7,181,3540,621365,34.3
2014-02-15 13:47:00,AWS-Enterprise-Cluster,unified-cluster-service,62.0,45.0,320.0,112367.3,181,540,624262,34.4
2014-02-15 13:52:00,AWS-Enterprise-Cluster,unified-cluster-service,61.2,45.0,320.0,110881.8,182,1500,616010,34.7
2014-02-15 13:57:00,AWS-Enterprise-Cluster,unified-cluster-service,65.5,45.0,1670.0,115486.6,182,3240,641592,34.7
2014-02-15 14:02:00,AWS-Enterprise-Cluster,unified-cluster-service,55.2,45.0,3145.0,107633.2,182,6780,597962,34.7
2014-02-15 14:07:00,AWS-Enterprise-Cluster,unified-cluster-service,74.5,45.0,1295.0,104529.6,184,2340,580720,35.3
2014-02-15 14:12:00,AWS-Enterprise-Cluster,unified-cluster-service,59.4,45.0,320.0,113482.8,181,300,630460,34.3
2014-02-15 14:17:00,AWS-Enterprise-Cluster,unified-cluster-service,58.1,45.0,320.0,1454526.0,184,540,8080700,35.4
2014-02-15 14:22:00,AWS-Enterprise-Cluster,unified-cluster-service,65.2,45.0,2695.0,119824.6,179,5700,665692,33.7
2014-02-15 14:27:00,AWS-Enterprise-Cluster,unified-cluster-service,60.5,45.0,1270.0,1465258.5,180,2280,8140325,34.1
2014-02-15 14:32:00,AWS-Enterprise-Cluster,unified-cluster-service,61.0,45.0,320.0,110794.1,182,420,615522,34.6
2014-02-15 14:37:00,AWS-Enterprise-Cluster,unified-cluster-service,63.9,45.0,2945.0,106047.9,182,6300,589155,34.7
2014-02-15 14:42:00,AWS-Enterprise-Cluster,unified-cluster-service,54.1,45.0,1895.0,124962.7,181,3780,694237,34.4
2014-02-15 14:47:00,AWS-Enterprise-Cluster,unified-cluster-service,70.0,45.0,320.0,112148.1,181,1500,623045,34.3
2014-02-15 14:52:00,AWS-Enterprise-Cluster,unified-cluster-service,64.0,45.0,320.0,137323.8,183,1680,762910,35.0
2014-02-15 14:57:00,AWS-Enterprise-Cluster,unified-cluster-service,59.3,45.0,1570.0,110754.0,182,3000,615300,34.7
2014-02-15 15:02:00,AWS-Enterprise-Cluster,unified-cluster-service,68.8,45.0,1545.0,106846.6,182,2940,593592,34.7
2014-02-15 15:07:00,AWS-Enterprise-Cluster,unified-cluster-service,65.0,45.0,1345.0,119388.6,182,2460,663270,34.7
2014-02-15 15:12:00,AWS-Enterprise-Cluster,unified-cluster-service,60.4,45.0,320.0,111863.2,180,1800,621462,34.1
2014-02-15 15:17:00,AWS-Enterprise-Cluster,unified-cluster-service,66.2,45.0,2970.0,1460331.0,185,6360,8112950,35.6
2014-02-15 15:22:00,AWS-Enterprise-Cluster,unified-cluster-service,54.9,45.0,3845.0,108859.1,182,8460,604772,34.7
2014-02-15 15:27:00,AWS-Enterprise-Cluster,unified-cluster-service,69.6,45.0,1745.0,1463886.0,181,3420,8132700,34.4
2014-02-15 15:32:00,AWS-Enterprise-Cluster,unified-cluster-service,63.9,45.0,1420.0,118281.1,180,2640,657117,34.1
2014-02-15 15:37:00,AWS-Enterprise-Cluster,unified-cluster-service,56.4,45.0,2695.0,117470.2,182,5700,652612,34.7
2014-02-15 15:42:00,AWS-Enterprise-Cluster,unified-cluster-service,70.7,45.0,1620.0,120347.1,180,3120,668595,34.1
2014-02-15 15:47:00,AWS-Enterprise-Cluster,unified-cluster-service,60.5,45.0,6245.0,120000.2,181,14220,666667,34.4
2014-02-15 15:52:00,AWS-Enterprise-Cluster,unified-cluster-service,60.4,45.0,2695.0,105976.8,181,5700,588760,34.4
2014-02-15 15:57:00,AWS-Enterprise-Cluster,unified-cluster-service,67.2,45.0,1270.0,138082.0,182,2280,767122,34.6
2014-02-15 16:02:00,AWS-Enterprise-Cluster,unified-cluster-service,54.5,45.0,2620.0,109729.3,179,5520,609607,33.8
2014-02-15 16:07:00,AWS-Enterprise-Cluster,unified-cluster-service,72.1,45.0,320.0,107130.2,182,180,595167,34.7
2014-02-15 16:12:00,AWS-Enterprise-Cluster,unified-cluster-service,60.8,45.0,1870.0,113213.2,179,3720,628962,33.7
2014-02-15 16:17:00,AWS-Enterprise-Cluster,unified-cluster-service,57.0,45.0,320.0,1448374.5,181,300,8046525,34.4
2014-02-15 16:22:00,AWS-Enterprise-Cluster,unified-cluster-service,66.8,45.0,1470.0,112478.4,181,2760,624880,34.4
2014-02-15 16:27:00,AWS-Enterprise-Cluster,unified-cluster-service,62.4,45.0,320.0,1446417.0,184,540,8035650,35.3
2014-02-15 16:32:00,AWS-Enterprise-Cluster,unified-cluster-service,60.0,45.0,2070.0,110132.1,181,4200,611845,34.4
2014-02-15 16:37:00,AWS-Enterprise-Cluster,unified-cluster-service,61.5,45.0,2995.0,106204.1,181,6420,590022,34.4
2014-02-15 16:42:00,AWS-Enterprise-Cluster,unified-cluster-service,62.0,45.0,320.0,109586.2,180,540,608812,34.1
2014-02-15 16:47:00,AWS-Enterprise-Cluster,unified-cluster-service,60.1,45.0,320.0,113341.1,180,1680,629672,34.0
2014-02-15 16:52:00,AWS-Enterprise-Cluster,unified-cluster-service,63.7,45.0,1845.0,111487.5,180,3660,619375,34.1
2014-02-15 16:57:00,AWS-Enterprise-Cluster,unified-cluster-service,58.2,45.0,320.0,106913.2,181,1500,593962,34.4
2014-02-15 17:02:00,AWS-Enterprise-Cluster,unified-cluster-service,72.3,45.0,320.0,104513.0,180,900,580627,34.1
2014-02-15 17:07:00,AWS-Enterprise-Cluster,unified-cluster-service,63.8,45.0,320.0,109991.2,182,780,611062,34.7
2014-02-15 17:12:00,AWS-Enterprise-Cluster,unified-cluster-service,58.3,45.0,320.0,111147.3,183,1260,617485,35.1
2014-02-15 17:17:00,AWS-Enterprise-Cluster,unified-cluster-service,66.3,45.0,3345.0,1451070.0,180,7260,8061500,34.0
2014-02-15 17:22:00,AWS-Enterprise-Cluster,unified-cluster-service,62.5,45.0,3170.0,1454377.5,180,6840,8079875,34.1
2014-02-15 17:27:00,AWS-Enterprise-Cluster,unified-cluster-service,58.5,45.0,1295.0,1453914.0,181,2340,8077300,34.4
2014-02-15 17:32:00,AWS-Enterprise-Cluster,unified-cluster-service,64.9,45.0,320.0,108341.1,179,1260,601895,33.8
2014-02-15 17:37:00,AWS-Enterprise-Cluster,unified-cluster-service,39.6,45.0,1645.0,111158.1,181,3180,617545,34.3
2014-02-15 17:42:00,AWS-Enterprise-Cluster,unified-cluster-service,70.8,45.0,320.0,102425.0,178,1260,569027,33.5
2014-02-15 17:47:00,AWS-Enterprise-Cluster,unified-cluster-service,62.5,45.0,320.0,108170.1,181,600,600945,34.4
2014-02-15 17:52:00,AWS-Enterprise-Cluster,unified-cluster-service,56.9,45.0,320.0,108729.4,180,480,604052,34.1
2014-02-15 17:57:00,AWS-Enterprise-Cluster,unified-cluster-service,70.7,45.0,2195.0,106988.0,187,4500,594377,36.2
2014-02-15 18:02:00,AWS-Enterprise-Cluster,unified-cluster-service,61.4,45.0,320.0,116190.0,179,600,645500,33.7
2014-02-15 18:07:00,AWS-Enterprise-Cluster,unified-cluster-service,62.3,45.0,1220.0,101728.4,182,2160,565157,34.7
2014-02-15 18:12:00,AWS-Enterprise-Cluster,unified-cluster-service,62.4,45.0,3120.0,116819.1,180,6720,648995,34.1
2014-02-15 18:17:00,AWS-Enterprise-Cluster,unified-cluster-service,54.3,45.0,2020.0,1451641.5,181,4080,8064675,34.3
2014-02-15 18:22:00,AWS-Enterprise-Cluster,unified-cluster-service,70.7,45.0,4120.0,113963.4,181,9120,633130,34.4
2014-02-15 18:27:00,AWS-Enterprise-Cluster,unified-cluster-service,61.2,45.0,2445.0,1452555.0,181,5100,8069750,34.4
2014-02-15 18:32:00,AWS-Enterprise-Cluster,unified-cluster-service,58.6,45.0,320.0,109748.7,180,180,609715,34.1
2014-02-15 18:37:00,AWS-Enterprise-Cluster,unified-cluster-service,65.9,45.0,2170.0,100239.8,181,4440,556887,34.4
2014-02-15 18:42:00,AWS-Enterprise-Cluster,unified-cluster-service,54.7,45.0,2195.0,113278.9,184,4500,629327,35.3
2014-02-15 18:47:00,AWS-Enterprise-Cluster,unified-cluster-service,71.8,45.0,4170.0,104613.8,182,9240,581187,34.6
2014-02-15 18:52:00,AWS-Enterprise-Cluster,unified-cluster-service,62.3,45.0,2920.0,108826.2,180,6240,604590,34.1
2014-02-15 18:57:00,AWS-Enterprise-Cluster,unified-cluster-service,58.7,45.0,320.0,111362.9,181,780,618682,34.4
2014-02-15 19:02:00,AWS-Enterprise-Cluster,unified-cluster-service,68.0,45.0,2845.0,107186.4,179,6060,595480,33.7
2014-02-15 19:07:00,AWS-Enterprise-Cluster,unified-cluster-service,65.1,45.0,320.0,111949.6,182,1560,621942,34.7
2014-02-15 19:12:00,AWS-Enterprise-Cluster,unified-cluster-service,60.6,45.0,3595.0,110490.8,181,7860,613837,34.3
2014-02-15 19:17:00,AWS-Enterprise-Cluster,unified-cluster-service,64.0,45.0,1895.0,1457626.5,184,3780,8097925,35.4
2014-02-15 19:22:00,AWS-Enterprise-Cluster,unified-cluster-service,55.5,45.0,1670.0,111724.6,178,3240,620692,33.4
2014-02-15 19:27:00,AWS-Enterprise-Cluster,unified-cluster-service,71.5,45.0,1270.0,1458009.0,181,2280,8100050,34.4
2014-02-15 19:32:00,AWS-Enterprise-Cluster,unified-cluster-service,58.7,45.0,1745.0,104922.9,179,3420,582905,33.7
2014-02-15 19:37:00,AWS-Enterprise-Cluster,unified-cluster-service,55.5,45.0,1670.0,104093.6,180,3240,578297,34.1
2014-02-15 19:42:00,AWS-Enterprise-Cluster,unified-cluster-service,65.3,45.0,2145.0,114561.4,179,4380,636452,33.8
2014-02-15 19:47:00,AWS-Enterprise-Cluster,unified-cluster-service,62.7,45.0,2945.0,105482.7,179,6300,586015,33.7
2014-02-15 19:52:00,AWS-Enterprise-Cluster,unified-cluster-service,58.8,45.0,1720.0,111899.2,180,3360,621662,34.1
2014-02-15 19:57:00,AWS-Enterprise-Cluster,unified-cluster-service,68.2,45.0,2695.0,108647.1,179,5700,603595,33.8
2014-02-15 20:02:00,AWS-Enterprise-Cluster,unified-cluster-service,55.7,45.0,3070.0,113270.9,179,6600,629282,33.7
2014-02-15 20:07:00,AWS-Enterprise-Cluster,unified-cluster-service,73.3,45.0,320.0,102628.8,181,1080,570160,34.4
2014-02-15 20:12:00,AWS-Enterprise-Cluster,unified-cluster-service,61.8,45.0,320.0,121414.5,185,180,674525,35.6
2014-02-15 20:17:00,AWS-Enterprise-Cluster,unified-cluster-service,57.1,45.0,320.0,1452928.5,179,960,8071825,33.7
2014-02-15 20:22:00,AWS-Enterprise-Cluster,unified-cluster-service,68.8,45.0,320.0,120315.6,179,600,668420,33.7
2014-02-15 20:27:00,AWS-Enterprise-Cluster,unified-cluster-service,62.9,45.0,320.0,1445283.0,179,600,8029350,33.8
2014-02-15 20:32:00,AWS-Enterprise-Cluster,unified-cluster-service,61.7,45.0,320.0,153927.9,179,1140,855155,33.8
2014-02-15 20:37:00,AWS-Enterprise-Cluster,unified-cluster-service,65.2,45.0,320.0,111731.8,183,480,620732,35.0
2014-02-15 20:42:00,AWS-Enterprise-Cluster,unified-cluster-service,54.9,45.0,320.0,108725.0,179,240,604027,33.8
2014-02-15 20:47:00,AWS-Enterprise-Cluster,unified-cluster-service,72.3,45.0,2020.0,114958.8,180,4080,638660,34.0
2014-02-15 20:52:00,AWS-Enterprise-Cluster,unified-cluster-service,61.3,45.0,1645.0,106783.6,181,3180,593242,34.4
2014-02-15 20:57:00,AWS-Enterprise-Cluster,unified-cluster-service,60.9,45.0,3445.0,108198.9,180,7500,601105,34.0
2014-02-15 21:02:00,AWS-Enterprise-Cluster,unified-cluster-service,67.2,45.0,320.0,109870.2,180,1200,610390,34.1
2014-02-15 21:07:00,AWS-Enterprise-Cluster,unified-cluster-service,66.1,45.0,320.0,113444.1,181,720,630245,34.4
2014-02-15 21:12:00,AWS-Enterprise-Cluster,unified-cluster-service,60.3,45.0,1170.0,106929.9,184,2040,594055,35.4
2014-02-15 21:17:00,AWS-Enterprise-Cluster,unified-cluster-service,63.5,45.0,2445.0,1455196.5,183,5100,8084425,35.0
2014-02-15 21:22:00,AWS-Enterprise-Cluster,unified-cluster-service,55.6,45.0,320.0,107305.2,178,600,596140,33.5
2014-02-15 21:27:00,AWS-Enterprise-Cluster,unified-cluster-service,70.3,45.0,2845.0,1455453.0,182,6060,8085850,34.7
2014-02-15 21:32:00,AWS-Enterprise-Cluster,unified-cluster-service,61.1,45.0,1995.0,106281.9,179,4020,590455,33.8
2014-02-15 21:37:00,AWS-Enterprise-Cluster,unified-cluster-service,57.7,45.0,1745.0,106128.0,181,3420,589600,34.4
2014-02-15 21:42:00,AWS-Enterprise-Cluster,unified-cluster-service,65.1,45.0,320.0,114626.7,179,840,636815,33.8
2014-02-15 21:47:00,AWS-Enterprise-Cluster,unified-cluster-service,63.1,45.0,1220.0,104682.6,179,2160,581570,34.0
2014-02-15 21:52:00,AWS-Enterprise-Cluster,unified-cluster-service,59.8,45.0,2170.0,109895.0,179,4440,610527,33.8
2014-02-15 21:57:00,AWS-Enterprise-Cluster,unified-cluster-service,66.8,45.0,320.0,105161.8,183,1020,584232,35.0
2014-02-15 22:02:00,AWS-Enterprise-Cluster,unified-cluster-service,54.7,45.0,320.0,111151.4,188,780,617507,36.5
2014-02-15 22:07:00,AWS-Enterprise-Cluster,unified-cluster-service,73.9,45.0,320.0,107966.7,180,540,599815,34.1
2014-02-15 22:12:00,AWS-Enterprise-Cluster,unified-cluster-service,61.5,45.0,320.0,112222.8,178,600,623460,33.5
2014-02-15 22:17:00,AWS-Enterprise-Cluster,unified-cluster-service,56.5,45.0,1495.0,1448370.0,180,2820,8046500,34.0
2014-02-15 22:22:00,AWS-Enterprise-Cluster,unified-cluster-service,66.0,45.0,1120.0,115143.3,179,1920,639685,33.7
2014-02-15 22:27:00,AWS-Enterprise-Cluster,unified-cluster-service,62.6,45.0,320.0,1447960.5,180,1080,8044225,34.0
2014-02-15 22:32:00,AWS-Enterprise-Cluster,unified-cluster-service,60.8,45.0,1320.0,109889.1,179,2400,610495,33.8
2014-02-15 22:37:00,AWS-Enterprise-Cluster,unified-cluster-service,62.1,45.0,3145.0,106876.4,180,6780,593757,34.1
2014-02-15 22:42:00,AWS-Enterprise-Cluster,unified-cluster-service,54.2,45.0,320.0,107055.0,180,1020,594750,34.1
2014-02-15 22:47:00,AWS-Enterprise-Cluster,unified-cluster-service,69.6,45.0,2270.0,112506.8,181,4680,625037,34.4
2014-02-15 22:52:00,AWS-Enterprise-Cluster,unified-cluster-service,60.5,45.0,1545.0,99865.4,180,2940,554807,34.0
2014-02-15 22:57:00,AWS-Enterprise-Cluster,unified-cluster-service,62.4,45.0,320.0,114565.9,180,420,636477,34.1
2014-02-15 23:02:00,AWS-Enterprise-Cluster,unified-cluster-service,65.9,45.0,1645.0,107321.8,180,3180,596232,34.1
2014-02-15 23:07:00,AWS-Enterprise-Cluster,unified-cluster-service,65.8,45.0,5395.0,109204.2,181,12180,606690,34.4
2014-02-15 23:12:00,AWS-Enterprise-Cluster,unified-cluster-service,61.1,45.0,2120.0,109174.1,187,4320,606522,36.3
2014-02-15 23:17:00,AWS-Enterprise-Cluster,unified-cluster-service,63.4,45.0,1295.0,1452118.5,181,2340,8067325,34.4
2014-02-15 23:22:00,AWS-Enterprise-Cluster,unified-cluster-service,55.2,45.0,1770.0,112744.8,180,3480,626360,34.0
2014-02-15 23:27:00,AWS-Enterprise-Cluster,unified-cluster-service,72.0,45.0,2245.0,1448770.5,180,4620,8048725,34.1
2014-02-15 23:32:00,AWS-Enterprise-Cluster,unified-cluster-service,60.6,45.0,4095.0,111407.4,179,9060,618930,33.8
2014-02-15 23:37:00,AWS-Enterprise-Cluster,unified-cluster-service,59.1,45.0,6620.0,102811.5,180,15120,571175,34.1
2014-02-15 23:42:00,AWS-Enterprise-Cluster,unified-cluster-service,64.8,45.0,3070.0,110844.0,180,6600,615800,34.1
2014-02-15 23:47:00,AWS-Enterprise-Cluster,unified-cluster-service,63.2,45.0,320.0,101753.6,180,1260,565297,34.0
2014-02-15 23:52:00,AWS-Enterprise-Cluster,unified-cluster-service,60.4,45.0,3295.0,114348.2,178,7140,635267,33.6
2014-02-15 23:57:00,AWS-Enterprise-Cluster,unified-cluster-service,66.3,45.0,320.0,106455.2,187,1020,591417,36.1
2014-02-16 00:02:00,AWS-Enterprise-Cluster,unified-cluster-service,55.4,45.0,1095.0,107602.2,183,1860,597790,35.0
2014-02-16 00:07:00,AWS-Enterprise-Cluster,unified-cluster-service,71.2,45.0,320.0,109940.0,181,240,610777,34.3
2014-02-16 00:12:00,AWS-Enterprise-Cluster,unified-cluster-service,63.4,45.0,320.0,105534.9,181,1260,586305,34.4
2014-02-16 00:17:00,AWS-Enterprise-Cluster,unified-cluster-service,58.0,45.0,1370.0,1456083.0,180,2520,8089350,34.1
2014-02-16 00:22:00,AWS-Enterprise-Cluster,unified-cluster-service,67.2,45.0,4045.0,110992.0,181,8940,616622,34.4
2014-02-16 00:27:00,AWS-Enterprise-Cluster,unified-cluster-service,54.9,45.0,5320.0,1464183.0,181,12000,8134350,34.4
2014-02-16 00:32:00,AWS-Enterprise-Cluster,unified-cluster-service,70.3,45.0,1970.0,107586.0,180,3960,597700,34.1
2014-02-16 00:37:00,AWS-Enterprise-Cluster,unified-cluster-service,63.1,45.0,320.0,111267.5,182,540,618152,34.7
2014-02-16 00:42:00,AWS-Enterprise-Cluster,unified-cluster-service,56.0,45.0,2070.0,105679.8,180,4200,587110,34.1
2014-02-16 00:47:00,AWS-Enterprise-Cluster,unified-cluster-service,70.8,45.0,2470.0,120794.8,180,5160,671082,34.0
2014-02-16 00:52:00,AWS-Enterprise-Cluster,unified-cluster-service,60.7,45.0,320.0,100553.9,181,1740,558632,34.4
2014-02-16 00:57:00,AWS-Enterprise-Cluster,unified-cluster-service,61.7,45.0,2995.0,113936.8,181,6420,632982,34.3
2014-02-16 01:02:00,AWS-Enterprise-Cluster,unified-cluster-service,65.9,45.0,2870.0,106980.8,179,6120,594337,33.8
2014-02-16 01:07:00,AWS-Enterprise-Cluster,unified-cluster-service,69.4,45.0,1970.0,110134.8,183,3960,611860,34.9
2014-02-16 01:12:00,AWS-Enterprise-Cluster,unified-cluster-service,65.7,45.0,320.0,115816.1,180,1200,643422,34.1
2014-02-16 01:17:00,AWS-Enterprise-Cluster,unified-cluster-service,64.0,45.0,2820.0,1452816.0,181,6000,8071200,34.3
2014-02-16 01:22:00,AWS-Enterprise-Cluster,unified-cluster-service,55.5,45.0,2545.0,121437.5,180,5340,674652,34.1
2014-02-16 01:27:00,AWS-Enterprise-Cluster,unified-cluster-service,71.9,45.0,1745.0,1453099.5,182,3420,8072775,34.8
2014-02-16 01:32:00,AWS-Enterprise-Cluster,unified-cluster-service,66.7,45.0,320.0,116205.3,186,840,645585,35.9
2014-02-16 01:37:00,AWS-Enterprise-Cluster,unified-cluster-service,58.7,45.0,1495.0,104730.3,180,2820,581835,34.1
2014-02-16 01:42:00,AWS-Enterprise-Cluster,unified-cluster-service,66.5,45.0,1245.0,110769.8,179,2220,615387,33.8
2014-02-16 01:47:00,AWS-Enterprise-Cluster,unified-cluster-service,61.9,45.0,1695.0,109379.2,180,3300,607662,34.1
2014-02-16 01:52:00,AWS-Enterprise-Cluster,unified-cluster-service,63.5,45.0,320.0,110712.6,180,720,615070,34.1
2014-02-16 01:57:00,AWS-Enterprise-Cluster,unified-cluster-service,64.5,45.0,320.0,109310.9,180,1020,607282,34.0
2014-02-16 02:02:00,AWS-Enterprise-Cluster,unified-cluster-service,56.8,45.0,320.0,104256.9,179,240,579205,33.8
2014-02-16 02:07:00,AWS-Enterprise-Cluster,unified-cluster-service,69.8,45.0,1495.0,114870.6,180,2820,638170,34.0
2014-02-16 02:12:00,AWS-Enterprise-Cluster,unified-cluster-service,62.1,45.0,1895.0,106439.4,184,3780,591330,35.3
2014-02-16 02:17:00,AWS-Enterprise-Cluster,unified-cluster-service,58.7,45.0,4920.0,1464543.0,184,11040,8136350,35.3
2014-02-16 02:22:00,AWS-Enterprise-Cluster,unified-cluster-service,62.9,45.0,3020.0,111852.0,180,6480,621400,34.1
2014-02-16 02:27:00,AWS-Enterprise-Cluster,unified-cluster-service,38.5,45.0,320.0,1463535.0,179,720,8130750,33.8
2014-02-16 02:32:00,AWS-Enterprise-Cluster,unified-cluster-service,71.3,45.0,1595.0,107718.8,179,3060,598437,33.8
2014-02-16 02:37:00,AWS-Enterprise-Cluster,unified-cluster-service,60.0,45.0,1195.0,113969.2,180,2100,633162,34.1
2014-02-16 02:42:00,AWS-Enterprise-Cluster,unified-cluster-service,56.5,45.0,2245.0,106362.9,178,4620,590905,33.4
2014-02-16 02:47:00,AWS-Enterprise-Cluster,unified-cluster-service,68.9,45.0,320.0,110097.9,180,780,611655,34.1
2014-02-16 02:52:00,AWS-Enterprise-Cluster,unified-cluster-service,62.2,45.0,320.0,111179.2,180,240,617662,34.1
2014-02-16 02:57:00,AWS-Enterprise-Cluster,unified-cluster-service,62.3,45.0,6970.0,107114.4,181,15960,595080,34.4
2014-02-16 03:02:00,AWS-Enterprise-Cluster,unified-cluster-service,68.2,45.0,1195.0,110557.8,185,2100,614210,35.6
2014-02-16 03:07:00,AWS-Enterprise-Cluster,unified-cluster-service,65.0,45.0,320.0,107371.8,184,240,596510,35.4
2014-02-16 03:12:00,AWS-Enterprise-Cluster,unified-cluster-service,59.5,45.0,320.0,117469.3,180,1620,652607,34.0
2014-02-16 03:17:00,AWS-Enterprise-Cluster,unified-cluster-service,64.1,45.0,1895.0,1447245.0,179,3780,8040250,33.7
2014-02-16 03:22:00,AWS-Enterprise-Cluster,unified-cluster-service,56.4,45.0,1145.0,117042.3,180,1980,650235,34.1
2014-02-16 03:27:00,AWS-Enterprise-Cluster,unified-cluster-service,75.9,45.0,1645.0,1459980.0,179,3180,8111000,33.8
2014-02-16 03:32:00,AWS-Enterprise-Cluster,unified-cluster-service,61.2,45.0,320.0,101851.6,179,360,565842,33.7
2014-02-16 03:37:00,AWS-Enterprise-Cluster,unified-cluster-service,58.6,45.0,320.0,113484.6,183,300,630470,35.0
2014-02-16 03:42:00,AWS-Enterprise-Cluster,unified-cluster-service,68.0,45.0,320.0,110426.8,175,360,613482,32.8
2014-02-16 03:47:00,AWS-Enterprise-Cluster,unified-cluster-service,64.1,45.0,1870.0,108671.8,179,3720,603732,33.8
2014-02-16 03:52:00,AWS-Enterprise-Cluster,unified-cluster-service,60.3,45.0,3970.0,106967.7,180,8760,594265,34.1
2014-02-16 03:57:00,AWS-Enterprise-Cluster,unified-cluster-service,67.1,45.0,320.0,110255.4,180,720,612530,34.1
2014-02-16 04:02:00,AWS-Enterprise-Cluster,unified-cluster-service,54.9,45.0,2520.0,107059.1,178,5280,594772,33.4
2014-02-16 04:07:00,AWS-Enterprise-Cluster,unified-cluster-service,73.2,45.0,2170.0,113885.1,180,4440,632695,34.0
2014-02-16 04:12:00,AWS-Enterprise-Cluster,unified-cluster-service,62.6,45.0,5820.0,108075.6,178,13200,600420,33.4
2014-02-16 04:17:00,AWS-Enterprise-Cluster,unified-cluster-service,55.7,45.0,2920.0,1461991.5,180,6240,8122175,34.1
2014-02-16 04:22:00,AWS-Enterprise-Cluster,unified-cluster-service,71.3,45.0,1695.0,112695.8,181,3300,626087,34.4
2014-02-16 04:27:00,AWS-Enterprise-Cluster,unified-cluster-service,62.3,45.0,1295.0,1465344.0,180,2340,8140800,34.0
2014-02-16 04:32:00,AWS-Enterprise-Cluster,unified-cluster-service,57.3,45.0,1595.0,103772.3,180,3060,576512,34.1
2014-02-16 04:37:00,AWS-Enterprise-Cluster,unified-cluster-service,66.8,45.0,320.0,114564.1,181,1560,636467,34.3
2014-02-16 04:42:00,AWS-Enterprise-Cluster,unified-cluster-service,62.3,45.0,320.0,105341.8,178,360,585232,33.5
2014-02-16 04:47:00,AWS-Enterprise-Cluster,unified-cluster-service,61.6,45.0,2020.0,108891.0,181,4080,604950,34.4
2014-02-16 04:52:00,AWS-Enterprise-Cluster,unified-cluster-service,63.3,45.0,2995.0,117832.0,179,6420,654622,33.8
2014-02-16 04:57:00,AWS-Enterprise-Cluster,unified-cluster-service,57.7,45.0,1895.0,109000.4,181,3780,605557,34.3
2014-02-16 05:02:00,AWS-Enterprise-Cluster,unified-cluster-service,71.6,45.0,4270.0,115533.0,178,9480,641850,33.4
2014-02-16 05:07:00,AWS-Enterprise-Cluster,unified-cluster-service,64.3,45.0,3195.0,106614.4,180,6900,592302,34.0
2014-02-16 05:12:00,AWS-Enterprise-Cluster,unified-cluster-service,55.5,45.0,320.0,121980.2,179,360,677667,33.8
2014-02-16 05:17:00,AWS-Enterprise-Cluster,unified-cluster-service,66.6,45.0,2945.0,1438969.5,181,6300,7994275,34.4
2014-02-16 05:22:00,AWS-Enterprise-Cluster,unified-cluster-service,62.7,45.0,3045.0,117114.8,178,6540,650637,33.4
2014-02-16 05:27:00,AWS-Enterprise-Cluster,unified-cluster-service,61.5,45.0,3770.0,1459093.5,179,8280,8106075,33.8
2014-02-16 05:32:00,AWS-Enterprise-Cluster,unified-cluster-service,63.8,45.0,2245.0,110461.1,179,4620,613672,33.8
2014-02-16 05:37:00,AWS-Enterprise-Cluster,unified-cluster-service,54.7,45.0,1495.0,112955.0,180,2820,627527,34.1
2014-02-16 05:42:00,AWS-Enterprise-Cluster,unified-cluster-service,71.1,45.0,2620.0,107408.2,179,5520,596712,33.7
2014-02-16 05:47:00,AWS-Enterprise-Cluster,unified-cluster-service,60.4,45.0,4995.0,108882.0,179,11220,604900,33.8
2014-02-16 05:52:00,AWS-Enterprise-Cluster,unified-cluster-service,58.0,45.0,1270.0,104879.7,180,2280,582665,34.1
2014-02-16 05:57:00,AWS-Enterprise-Cluster,unified-cluster-service,70.0,45.0,1995.0,127737.5,180,4020,709652,34.1
2014-02-16 06:02:00,AWS-Enterprise-Cluster,unified-cluster-service,62.2,45.0,320.0,108027.9,179,1740,600155,33.7
2014-02-16 06:07:00,AWS-Enterprise-Cluster,unified-cluster-service,62.0,45.0,1795.0,115859.2,180,3540,643662,34.1
2014-02-16 06:12:00,AWS-Enterprise-Cluster,unified-cluster-service,63.8,45.0,2645.0,114740.1,178,5580,637445,33.4
2014-02-16 06:17:00,AWS-Enterprise-Cluster,unified-cluster-service,56.3,45.0,2220.0,1455948.0,180,4560,8088600,34.1
2014-02-16 06:22:00,AWS-Enterprise-Cluster,unified-cluster-service,71.5,45.0,3445.0,115089.3,179,7500,639385,33.7
2014-02-16 06:27:00,AWS-Enterprise-Cluster,unified-cluster-service,60.7,45.0,2895.0,1452217.5,180,6180,8067875,34.1
2014-02-16 06:32:00,AWS-Enterprise-Cluster,unified-cluster-service,58.4,45.0,4870.0,106235.1,179,10920,590195,33.7
2014-02-16 06:37:00,AWS-Enterprise-Cluster,unified-cluster-service,67.1,45.0,3670.0,174708.0,180,8040,970600,34.1
2014-02-16 06:42:00,AWS-Enterprise-Cluster,unified-cluster-service,61.1,45.0,1795.0,106549.6,179,3540,591942,33.8
2014-02-16 06:47:00,AWS-Enterprise-Cluster,unified-cluster-service,61.5,45.0,1520.0,102432.1,180,2880,569067,34.0
2014-02-16 06:52:00,AWS-Enterprise-Cluster,unified-cluster-service,62.5,45.0,2870.0,113540.0,180,6120,630777,34.1
2014-02-16 06:57:00,AWS-Enterprise-Cluster,unified-cluster-service,58.8,45.0,2370.0,109047.1,181,4920,605817,34.4
2014-02-16 07:02:00,AWS-Enterprise-Cluster,unified-cluster-service,71.2,45.0,7320.0,108738.9,178,16800,604105,33.4
2014-02-16 07:07:00,AWS-Enterprise-Cluster,unified-cluster-service,63.2,45.0,1970.0,111775.0,181,3960,620972,34.4
2014-02-16 07:12:00,AWS-Enterprise-Cluster,unified-cluster-service,57.0,45.0,1170.0,123106.5,181,2040,683925,34.3
2014-02-16 07:17:00,AWS-Enterprise-Cluster,unified-cluster-service,68.1,45.0,2945.0,1487884.5,185,6300,8266025,35.6
2014-02-16 07:22:00,AWS-Enterprise-Cluster,unified-cluster-service,62.7,45.0,2495.0,117947.7,176,5220,655265,33.1
2014-02-16 07:27:00,AWS-Enterprise-Cluster,unified-cluster-service,59.2,45.0,320.0,1459296.0,179,1680,8107200,33.8
2014-02-16 07:32:00,AWS-Enterprise-Cluster,unified-cluster-service,66.8,45.0,1145.0,127605.2,179,1980,708917,33.7
2014-02-16 07:37:00,AWS-Enterprise-Cluster,unified-cluster-service,61.4,45.0,2820.0,122907.1,181,6000,682817,34.4
2014-02-16 07:42:00,AWS-Enterprise-Cluster,unified-cluster-service,62.0,45.0,3120.0,117078.8,179,6720,650437,33.8
2014-02-16 07:47:00,AWS-Enterprise-Cluster,unified-cluster-service,61.7,45.0,1395.0,113131.4,180,2580,628507,34.0
2014-02-16 07:52:00,AWS-Enterprise-Cluster,unified-cluster-service,54.1,45.0,1820.0,113317.7,185,3600,629542,35.7
2014-02-16 07:57:00,AWS-Enterprise-Cluster,unified-cluster-service,74.0,45.0,1645.0,122962.0,182,3180,683122,34.7
2014-02-16 08:02:00,AWS-Enterprise-Cluster,unified-cluster-service,61.0,45.0,1945.0,107544.6,180,3900,597470,34.1
2014-02-16 08:07:00,AWS-Enterprise-Cluster,unified-cluster-service,60.0,45.0,320.0,123914.2,180,1140,688412,34.0
2014-02-16 08:12:00,AWS-Enterprise-Cluster,unified-cluster-service,64.4,45.0,3595.0,131125.5,179,7860,728475,33.8
2014-02-16 08:17:00,AWS-Enterprise-Cluster,unified-cluster-service,39.7,45.0,3920.0,1511559.0,181,8640,8397550,34.4
2014-02-16 08:22:00,AWS-Enterprise-Cluster,unified-cluster-service,68.4,45.0,2445.0,179550.5,179,5100,997502,33.8
2014-02-16 08:27:00,AWS-Enterprise-Cluster,unified-cluster-service,62.5,45.0,320.0,1602657.0,184,900,8903650,35.3
2014-02-16 08:32:00,AWS-Enterprise-Cluster,unified-cluster-service,56.8,45.0,1320.0,152680.9,175,2400,848227,32.8
2014-02-16 08:37:00,AWS-Enterprise-Cluster,unified-cluster-service,70.3,45.0,3695.0,175589.1,181,8100,975495,34.4
2014-02-16 08:42:00,AWS-Enterprise-Cluster,unified-cluster-service,61.1,45.0,320.0,179947.8,179,600,999710,33.7
2014-02-16 08:47:00,AWS-Enterprise-Cluster,unified-cluster-service,58.7,45.0,3170.0,167792.4,181,6840,932180,34.4
2014-02-16 08:52:00,AWS-Enterprise-Cluster,unified-cluster-service,65.0,45.0,5970.0,175285.8,180,13560,973810,34.1
2014-02-16 08:57:00,AWS-Enterprise-Cluster,unified-cluster-service,56.5,45.0,1445.0,523651.5,181,2700,2909175,34.4
2014-02-16 09:02:00,AWS-Enterprise-Cluster,unified-cluster-service,66.8,45.0,320.0,178833.1,179,1320,993517,33.8
2014-02-16 09:07:00,AWS-Enterprise-Cluster,unified-cluster-service,64.3,45.0,3645.0,175141.8,184,7980,973010,35.2
2014-02-16 09:12:00,AWS-Enterprise-Cluster,unified-cluster-service,54.8,45.0,1920.0,181900.8,180,3840,1010560,34.1
2014-02-16 09:17:00,AWS-Enterprise-Cluster,unified-cluster-service,67.9,45.0,2495.0,1512198.0,181,5220,8401100,34.4
2014-02-16 09:22:00,AWS-Enterprise-Cluster,unified-cluster-service,61.9,45.0,1620.0,181428.8,180,3120,1007937,34.1
2014-02-16 09:27:00,AWS-Enterprise-Cluster,unified-cluster-service,57.8,45.0,1445.0,1520167.5,181,2700,8445375,34.4
2014-02-16 09:32:00,AWS-Enterprise-Cluster,unified-cluster-service,64.6,45.0,3020.0,168170.4,181,6480,934280,34.3
2014-02-16 09:37:00,AWS-Enterprise-Cluster,unified-cluster-service,56.3,45.0,2545.0,184818.6,182,5340,1026770,34.7
2014-02-16 09:42:00,AWS-Enterprise-Cluster,unified-cluster-service,70.6,45.0,3720.0,170407.8,178,8160,946710,33.4
2014-02-16 09:47:00,AWS-Enterprise-Cluster,unified-cluster-service,63.0,45.0,1345.0,184940.5,181,2460,1027447,34.4
2014-02-16 09:52:00,AWS-Enterprise-Cluster,unified-cluster-service,57.4,45.0,6245.0,175964.4,182,14220,977580,34.7
2014-02-16 09:57:00,AWS-Enterprise-Cluster,unified-cluster-service,69.8,45.0,3945.0,535527.0,180,8700,2975150,34.1
2014-02-16 10:02:00,AWS-Enterprise-Cluster,unified-cluster-service,63.2,45.0,2445.0,172799.5,179,5100,959997,33.8
2014-02-16 10:07:00,AWS-Enterprise-Cluster,unified-cluster-service,60.8,45.0,1820.0,179990.5,181,3600,999947,34.4
2014-02-16 10:12:00,AWS-Enterprise-Cluster,unified-cluster-service,65.0,45.0,4520.0,168295.5,179,10080,934975,33.7
2014-02-16 10:17:00,AWS-Enterprise-Cluster,unified-cluster-service,54.3,45.0,3245.0,1534626.0,185,7020,8525700,35.7
2014-02-16 10:22:00,AWS-Enterprise-Cluster,unified-cluster-service,70.3,45.0,1420.0,190274.9,177,2640,1057082,33.2
2014-02-16 10:27:00,AWS-Enterprise-Cluster,unified-cluster-service,62.1,45.0,3620.0,1526278.5,179,7920,8479325,33.7
2014-02-16 10:32:00,AWS-Enterprise-Cluster,unified-cluster-service,56.2,45.0,2470.0,132822.5,180,5160,737902,34.1
2014-02-16 10:37:00,AWS-Enterprise-Cluster,unified-cluster-service,67.4,45.0,1820.0,114467.9,183,3600,635932,35.0
2014-02-16 10:42:00,AWS-Enterprise-Cluster,unified-cluster-service,61.4,45.0,6795.0,112830.8,179,15540,626837,33.7
2014-02-16 10:47:00,AWS-Enterprise-Cluster,unified-cluster-service,58.5,45.0,7120.0,106649.5,182,16320,592497,34.6
2014-02-16 10:52:00,AWS-Enterprise-Cluster,unified-cluster-service,66.0,45.0,1995.0,116243.1,182,4020,645795,34.7
2014-02-16 10:57:00,AWS-Enterprise-Cluster,unified-cluster-service,65.6,45.0,3570.0,104889.6,182,7800,582720,34.7
2014-02-16 11:02:00,AWS-Enterprise-Cluster,unified-cluster-service,60.6,45.0,1320.0,113844.6,184,2400,632470,35.3
2014-02-16 11:07:00,AWS-Enterprise-Cluster,unified-cluster-service,65.7,45.0,320.0,115523.6,181,780,641797,34.4
2014-02-16 11:12:00,AWS-Enterprise-Cluster,unified-cluster-service,39.7,45.0,2345.0,104243.4,182,4860,579130,34.7
2014-02-16 11:17:00,AWS-Enterprise-Cluster,unified-cluster-service,70.5,45.0,4670.0,1462081.5,180,10440,8122675,34.1
2014-02-16 11:22:00,AWS-Enterprise-Cluster,unified-cluster-service,60.0,45.0,3020.0,110279.7,181,6480,612665,34.4
2014-02-16 11:27:00,AWS-Enterprise-Cluster,unified-cluster-service,57.4,45.0,1470.0,1459525.5,183,2760,8108475,35.0
2014-02-16 11:32:00,AWS-Enterprise-Cluster,unified-cluster-service,65.5,45.0,1670.0,106117.7,180,3240,589542,34.1
2014-02-16 11:37:00,AWS-Enterprise-Cluster,unified-cluster-service,61.3,45.0,320.0,113953.5,183,360,633075,35.0
2014-02-16 11:42:00,AWS-Enterprise-Cluster,unified-cluster-service,62.1,45.0,320.0,108483.8,181,300,602687,34.3
2014-02-16 11:47:00,AWS-Enterprise-Cluster,unified-cluster-service,64.0,45.0,2970.0,114430.5,181,6360,635725,34.4
2014-02-16 11:52:00,AWS-Enterprise-Cluster,unified-cluster-service,39.7,45.0,1470.0,110055.6,181,2760,611420,34.4
2014-02-16 11:57:00,AWS-Enterprise-Cluster,unified-cluster-service,72.3,45.0,320.0,116568.4,182,720,647602,34.7
2014-02-16 12:02:00,AWS-Enterprise-Cluster,unified-cluster-service,61.8,45.0,4370.0,103910.9,181,9720,577282,34.4
2014-02-16 12:07:00,AWS-Enterprise-Cluster,unified-cluster-service,60.3,45.0,2245.0,108428.9,183,4620,602382,35.1
2014-02-16 12:12:00,AWS-Enterprise-Cluster,unified-cluster-service,65.9,45.0,320.0,111348.9,184,240,618605,35.3
2014-02-16 12:17:00,AWS-Enterprise-Cluster,unified-cluster-service,39.8,45.0,1345.0,1458396.0,181,2460,8102200,34.4
2014-02-16 12:22:00,AWS-Enterprise-Cluster,unified-cluster-service,67.7,45.0,320.0,122672.3,181,1380,681512,34.3
2014-02-16 12:27:00,AWS-Enterprise-Cluster,unified-cluster-service,63.2,45.0,3995.0,1472467.5,181,8820,8180375,34.4
2014-02-16 12:32:00,AWS-Enterprise-Cluster,unified-cluster-service,55.2,45.0,320.0,115965.5,181,1680,644252,34.4
2014-02-16 12:37:00,AWS-Enterprise-Cluster,unified-cluster-service,69.9,45.0,1470.0,106721.6,183,2760,592897,35.0
2014-02-16 12:42:00,AWS-Enterprise-Cluster,unified-cluster-service,56.9,45.0,320.0,115200.0,181,240,640000,34.4
2014-02-16 12:47:00,AWS-Enterprise-Cluster,unified-cluster-service,56.9,45.0,2195.0,106298.1,183,4500,590545,35.1
2014-02-16 12:52:00,AWS-Enterprise-Cluster,unified-cluster-service,65.4,45.0,320.0,114291.4,182,1440,634952,34.7
2014-02-16 12:57:00,AWS-Enterprise-Cluster,unified-cluster-service,64.9,45.0,2270.0,108401.4,182,4680,602230,34.7
2014-02-16 13:02:00,AWS-Enterprise-Cluster,unified-cluster-service,59.1,45.0,3520.0,113418.4,184,7680,630102,35.3
2014-02-16 13:07:00,AWS-Enterprise-Cluster,unified-cluster-service,66.9,45.0,1445.0,113615.1,184,2700,631195,35.3
2014-02-16 13:12:00,AWS-Enterprise-Cluster,unified-cluster-service,40.0,45.0,1695.0,106280.1,180,3300,590445,34.1
2014-02-16 13:17:00,AWS-Enterprise-Cluster,unified-cluster-service,70.9,45.0,320.0,1463238.0,183,960,8129100,35.0
2014-02-16 13:22:00,AWS-Enterprise-Cluster,unified-cluster-service,60.1,45.0,1095.0,113834.2,181,1860,632412,34.4
2014-02-16 13:27:00,AWS-Enterprise-Cluster,unified-cluster-service,57.5,45.0,8695.0,1458144.0,181,20100,8100800,34.4
2014-02-16 13:32:00,AWS-Enterprise-Cluster,unified-cluster-service,65.7,45.0,5070.0,101546.6,180,11400,564147,34.1
2014-02-16 13:37:00,AWS-Enterprise-Cluster,unified-cluster-service,62.2,45.0,1545.0,117942.3,181,2940,655235,34.3
2014-02-16 13:42:00,AWS-Enterprise-Cluster,unified-cluster-service,60.8,45.0,320.0,104305.0,180,1800,579472,34.1
2014-02-16 13:47:00,AWS-Enterprise-Cluster,unified-cluster-service,65.8,45.0,320.0,116808.3,181,180,648935,34.4
2014-02-16 13:52:00,AWS-Enterprise-Cluster,unified-cluster-service,39.8,45.0,2695.0,104886.0,182,5700,582700,34.7
2014-02-16 13:57:00,AWS-Enterprise-Cluster,unified-cluster-service,74.1,45.0,3170.0,108720.0,182,6840,604000,34.7
2014-02-16 14:02:00,AWS-Enterprise-Cluster,unified-cluster-service,62.0,45.0,5045.0,114080.0,180,11340,633777,34.1
2014-02-16 14:07:00,AWS-Enterprise-Cluster,unified-cluster-service,60.2,45.0,6095.0,108248.0,182,13860,601377,34.7
2014-02-16 14:12:00,AWS-Enterprise-Cluster,unified-cluster-service,65.8,45.0,2720.0,115875.5,180,5760,643752,34.1
2014-02-16 14:17:00,AWS-Enterprise-Cluster,unified-cluster-service,63.0,45.0,2420.0,1465267.5,186,5040,8140375,35.9
2014-02-16 14:22:00,AWS-Enterprise-Cluster,unified-cluster-service,58.9,45.0,3170.0,120695.9,180,6840,670532,34.1
2014-02-16 14:27:00,AWS-Enterprise-Cluster,unified-cluster-service,63.3,45.0,3295.0,1461046.5,183,7140,8116925,35.0
2014-02-16 14:32:00,AWS-Enterprise-Cluster,unified-cluster-service,39.7,45.0,1945.0,121791.6,180,3900,676620,34.0
2014-02-16 14:37:00,AWS-Enterprise-Cluster,unified-cluster-service,70.4,45.0,3345.0,103877.5,182,7260,577097,34.8
2014-02-16 14:42:00,AWS-Enterprise-Cluster,unified-cluster-service,61.4,45.0,1870.0,118571.4,182,3720,658730,34.7
2014-02-16 14:47:00,AWS-Enterprise-Cluster,unified-cluster-service,56.7,45.0,7120.0,103419.4,181,16320,574552,34.4
2014-02-16 14:52:00,AWS-Enterprise-Cluster,unified-cluster-service,63.4,45.0,2845.0,107590.5,182,6060,597725,34.7
2014-02-16 14:57:00,AWS-Enterprise-Cluster,unified-cluster-service,62.5,45.0,320.0,110773.4,182,1140,615407,34.7
2014-02-16 15:02:00,AWS-Enterprise-Cluster,unified-cluster-service,57.7,45.0,1420.0,108946.4,181,2640,605257,34.3
2014-02-16 15:07:00,AWS-Enterprise-Cluster,unified-cluster-service,68.0,45.0,320.0,117726.3,187,1440,654035,36.3
2014-02-16 15:12:00,AWS-Enterprise-Cluster,unified-cluster-service,54.6,45.0,320.0,108537.3,181,300,602985,34.4
2014-02-16 15:17:00,AWS-Enterprise-Cluster,unified-cluster-service,69.0,45.0,320.0,1459093.5,181,840,8106075,34.4
2014-02-16 15:22:00,AWS-Enterprise-Cluster,unified-cluster-service,60.5,45.0,1470.0,109379.7,181,2760,607665,34.3
2014-02-16 15:27:00,AWS-Enterprise-Cluster,unified-cluster-service,56.1,45.0,2370.0,1459548.0,181,4920,8108600,34.4
2014-02-16 15:32:00,AWS-Enterprise-Cluster,unified-cluster-service,67.6,45.0,320.0,105657.3,180,600,586985,34.1
2014-02-16 15:37:00,AWS-Enterprise-Cluster,unified-cluster-service,62.2,45.0,1695.0,110474.1,182,3300,613745,34.7
2014-02-16 15:42:00,AWS-Enterprise-Cluster,unified-cluster-service,58.7,45.0,320.0,108925.2,181,1200,605140,34.4
2014-02-16 15:47:00,AWS-Enterprise-Cluster,unified-cluster-service,65.4,45.0,3270.0,103420.4,183,7080,574557,35.0
2014-02-16 15:52:00,AWS-Enterprise-Cluster,unified-cluster-service,54.9,45.0,320.0,116154.0,182,1140,645300,34.7
2014-02-16 15:57:00,AWS-Enterprise-Cluster,unified-cluster-service,72.0,45.0,4670.0,103748.4,183,10440,576380,35.1
2014-02-16 16:02:00,AWS-Enterprise-Cluster,unified-cluster-service,62.1,45.0,2070.0,113870.2,184,4200,632612,35.3
2014-02-16 16:07:00,AWS-Enterprise-Cluster,unified-cluster-service,58.5,45.0,320.0,103673.2,180,840,575962,34.0
2014-02-16 16:12:00,AWS-Enterprise-Cluster,unified-cluster-service,66.8,45.0,3195.0,114481.4,181,6900,636007,34.4
2014-02-16 16:17:00,AWS-Enterprise-Cluster,unified-cluster-service,63.0,45.0,2945.0,1451623.5,183,6300,8064575,35.0
2014-02-16 16:22:00,AWS-Enterprise-Cluster,unified-cluster-service,59.9,45.0,1995.0,116761.1,185,4020,648672,35.6
2014-02-16 16:27:00,AWS-Enterprise-Cluster,unified-cluster-service,61.1,45.0,320.0,1451290.5,182,1560,8062725,34.7
2014-02-16 16:32:00,AWS-Enterprise-Cluster,unified-cluster-service,54.4,45.0,4595.0,116296.2,181,10260,646090,34.4
2014-02-16 16:37:00,AWS-Enterprise-Cluster,unified-cluster-service,68.5,45.0,2770.0,105213.6,182,5880,584520,34.7
2014-02-16 16:42:00,AWS-Enterprise-Cluster,unified-cluster-service,65.0,45.0,320.0,108754.6,181,720,604192,34.4
2014-02-16 16:47:00,AWS-Enterprise-Cluster,unified-cluster-service,55.8,45.0,1345.0,118400.4,182,2460,657780,34.7
2014-02-16 16:52:00,AWS-Enterprise-Cluster,unified-cluster-service,68.8,45.0,1970.0,119970.9,183,3960,666505,35.0
2014-02-16 16:57:00,AWS-Enterprise-Cluster,unified-cluster-service,62.5,45.0,320.0,109903.1,181,480,610572,34.3
2014-02-16 17:02:00,AWS-Enterprise-Cluster,unified-cluster-service,58.3,45.0,2020.0,107417.3,181,4080,596762,34.4
2014-02-16 17:07:00,AWS-Enterprise-Cluster,unified-cluster-service,68.6,45.0,1545.0,115416.0,182,2940,641200,34.6
2014-02-16 17:12:00,AWS-Enterprise-Cluster,unified-cluster-service,61.9,45.0,320.0,101695.5,179,1680,564975,33.8
2014-02-16 17:17:00,AWS-Enterprise-Cluster,unified-cluster-service,60.7,45.0,320.0,1458477.0,180,300,8102650,34.1
2014-02-16 17:22:00,AWS-Enterprise-Cluster,unified-cluster-service,62.7,45.0,320.0,113073.8,181,1320,628187,34.3
2014-02-16 17:27:00,AWS-Enterprise-Cluster,unified-cluster-service,54.3,45.0,1370.0,1892925.0,185,2520,10516250,35.7
2014-02-16 17:32:00,AWS-Enterprise-Cluster,unified-cluster-service,70.9,45.0,2795.0,1022238.0,179,5940,5679100,33.7
2014-02-16 17:37:00,AWS-Enterprise-Cluster,unified-cluster-service,59.9,45.0,1895.0,108261.9,180,3780,601455,34.1
2014-02-16 17:42:00,AWS-Enterprise-Cluster,unified-cluster-service,58.0,45.0,320.0,110928.6,180,420,616270,34.0
2014-02-16 17:47:00,AWS-Enterprise-Cluster,unified-cluster-service,64.7,45.0,320.0,110009.7,179,840,611165,33.8
2014-02-16 17:52:00,AWS-Enterprise-Cluster,unified-cluster-service,62.1,45.0,2245.0,118134.0,180,4620,656300,34.1
2014-02-16 17:57:00,AWS-Enterprise-Cluster,unified-cluster-service,63.9,45.0,320.0,107728.6,181,300,598492,34.4
2014-02-16 18:02:00,AWS-Enterprise-Cluster,unified-cluster-service,65.1,45.0,1720.0,108655.7,179,3360,603642,33.8
2014-02-16 18:07:00,AWS-Enterprise-Cluster,unified-cluster-service,57.7,45.0,1870.0,109854.9,188,3720,610305,36.5
2014-02-16 18:12:00,AWS-Enterprise-Cluster,unified-cluster-service,69.0,45.0,2670.0,116219.2,176,5640,645662,32.8
2014-02-16 18:17:00,AWS-Enterprise-Cluster,unified-cluster-service,61.6,45.0,320.0,1457788.5,181,720,8098825,34.3
2014-02-16 18:22:00,AWS-Enterprise-Cluster,unified-cluster-service,57.0,45.0,320.0,120528.9,180,480,669605,34.1
2014-02-16 18:27:00,AWS-Enterprise-Cluster,unified-cluster-service,68.1,45.0,2545.0,1450008.0,182,5340,8055600,34.7
2014-02-16 18:32:00,AWS-Enterprise-Cluster,unified-cluster-service,59.5,45.0,320.0,119595.2,180,360,664417,34.1
2014-02-16 18:37:00,AWS-Enterprise-Cluster,unified-cluster-service,59.4,45.0,320.0,106512.7,181,780,591737,34.3
2014-02-16 18:42:00,AWS-Enterprise-Cluster,unified-cluster-service,64.8,45.0,320.0,109257.7,180,660,606987,34.1
2014-02-16 18:47:00,AWS-Enterprise-Cluster,unified-cluster-service,55.0,45.0,1470.0,116143.6,180,2760,645242,34.1
2014-02-16 18:52:00,AWS-Enterprise-Cluster,unified-cluster-service,70.2,45.0,2370.0,105974.5,181,4920,588747,34.3
2014-02-16 18:57:00,AWS-Enterprise-Cluster,unified-cluster-service,65.3,45.0,1645.0,113560.7,181,3180,630892,34.4
2014-02-16 19:02:00,AWS-Enterprise-Cluster,unified-cluster-service,55.4,45.0,2020.0,106335.5,182,4080,590752,34.7
2014-02-16 19:07:00,AWS-Enterprise-Cluster,unified-cluster-service,72.1,45.0,320.0,127040.9,178,300,705782,33.4
2014-02-16 19:12:00,AWS-Enterprise-Cluster,unified-cluster-service,59.6,45.0,2095.0,95327.1,185,4260,529595,35.7
2014-02-16 19:17:00,AWS-Enterprise-Cluster,unified-cluster-service,58.0,45.0,1395.0,1461996.0,181,2580,8122200,34.4
2014-02-16 19:22:00,AWS-Enterprise-Cluster,unified-cluster-service,64.6,45.0,1345.0,108951.3,180,2460,605285,34.0
2014-02-16 19:27:00,AWS-Enterprise-Cluster,unified-cluster-service,39.9,45.0,1220.0,1458540.0,180,2160,8103000,34.1
2014-02-16 19:32:00,AWS-Enterprise-Cluster,unified-cluster-service,68.7,45.0,1645.0,110443.1,179,3180,613572,33.7
2014-02-16 19:37:00,AWS-Enterprise-Cluster,unified-cluster-service,62.9,45.0,320.0,103518.4,181,240,575102,34.4
2014-02-16 19:42:00,AWS-Enterprise-Cluster,unified-cluster-service,56.0,45.0,320.0,111420.0,179,300,619000,33.8
2014-02-16 19:47:00,AWS-Enterprise-Cluster,unified-cluster-service,69.9,45.0,1645.0,105845.4,180,3180,588030,34.1
2014-02-16 19:52:00,AWS-Enterprise-Cluster,unified-cluster-service,59.7,45.0,320.0,117135.0,180,840,650750,34.1
2014-02-16 19:57:00,AWS-Enterprise-Cluster,unified-cluster-service,61.1,45.0,3470.0,103531.9,180,7560,575177,34.1
2014-02-16 20:02:00,AWS-Enterprise-Cluster,unified-cluster-service,66.8,45.0,4695.0,118838.2,179,10500,660212,33.8
2014-02-16 20:07:00,AWS-Enterprise-Cluster,unified-cluster-service,65.9,45.0,4595.0,106771.9,181,10260,593177,34.3
2014-02-16 20:12:00,AWS-Enterprise-Cluster,unified-cluster-service,58.7,45.0,320.0,117595.4,184,60,653307,35.3
2014-02-16 20:17:00,AWS-Enterprise-Cluster,unified-cluster-service,65.3,45.0,320.0,1456762.5,179,1200,8093125,33.7
2014-02-16 20:22:00,AWS-Enterprise-Cluster,unified-cluster-service,61.9,45.0,320.0,114687.9,182,420,637155,34.7
2014-02-16 20:27:00,AWS-Enterprise-Cluster,unified-cluster-service,62.4,45.0,320.0,1461316.5,185,660,8118425,35.7
2014-02-16 20:32:00,AWS-Enterprise-Cluster,unified-cluster-service,63.9,45.0,320.0,101335.5,178,1440,562975,33.4
2014-02-16 20:37:00,AWS-Enterprise-Cluster,unified-cluster-service,54.5,45.0,1595.0,112923.0,180,3060,627350,34.0
2014-02-16 20:42:00,AWS-Enterprise-Cluster,unified-cluster-service,67.7,45.0,2020.0,103940.1,179,4080,577445,33.8
2014-02-16 20:47:00,AWS-Enterprise-Cluster,unified-cluster-service,61.5,45.0,320.0,118043.6,180,180,655797,34.1
2014-02-16 20:52:00,AWS-Enterprise-Cluster,unified-cluster-service,57.1,45.0,320.0,105973.6,179,960,588742,33.8
2014-02-16 20:57:00,AWS-Enterprise-Cluster,unified-cluster-service,69.4,45.0,320.0,111727.3,180,360,620707,34.1
2014-02-16 21:02:00,AWS-Enterprise-Cluster,unified-cluster-service,63.2,45.0,2820.0,109530.0,180,6000,608500,34.0
2014-02-16 21:07:00,AWS-Enterprise-Cluster,unified-cluster-service,60.2,45.0,320.0,112370.0,180,420,624277,34.1
2014-02-16 21:12:00,AWS-Enterprise-Cluster,unified-cluster-service,65.0,45.0,2770.0,109672.7,180,5880,609292,34.1
2014-02-16 21:17:00,AWS-Enterprise-Cluster,unified-cluster-service,40.0,45.0,320.0,1458774.0,180,300,8104300,34.1
2014-02-16 21:22:00,AWS-Enterprise-Cluster,unified-cluster-service,68.3,45.0,320.0,115179.8,183,60,639887,35.0
2014-02-16 21:27:00,AWS-Enterprise-Cluster,unified-cluster-service,61.0,45.0,320.0,1449495.0,185,300,8052750,35.6
2014-02-16 21:32:00,AWS-Enterprise-Cluster,unified-cluster-service,56.0,45.0,320.0,114206.8,179,240,634482,33.7
2014-02-16 21:37:00,AWS-Enterprise-Cluster,unified-cluster-service,65.8,45.0,320.0,108993.2,180,480,605517,34.1
2014-02-16 21:42:00,AWS-Enterprise-Cluster,unified-cluster-service,61.0,45.0,1995.0,110088.4,180,4020,611602,34.0
2014-02-16 21:47:00,AWS-Enterprise-Cluster,unified-cluster-service,59.3,45.0,1720.0,110601.9,179,3360,614455,33.8
2014-02-16 21:52:00,AWS-Enterprise-Cluster,unified-cluster-service,63.8,45.0,1095.0,112335.3,179,1860,624085,33.8
2014-02-16 21:57:00,AWS-Enterprise-Cluster,unified-cluster-service,57.6,45.0,1970.0,104745.6,182,3960,581920,34.7
2014-02-16 22:02:00,AWS-Enterprise-Cluster,unified-cluster-service,67.9,45.0,1820.0,114023.7,179,3600,633465,33.7
2014-02-16 22:07:00,AWS-Enterprise-Cluster,unified-cluster-service,66.0,45.0,320.0,109428.8,184,540,607937,35.4
2014-02-16 22:12:00,AWS-Enterprise-Cluster,unified-cluster-service,54.4,45.0,320.0,106215.3,182,420,590085,34.7
2014-02-16 22:17:00,AWS-Enterprise-Cluster,unified-cluster-service,69.9,45.0,1745.0,1458445.5,180,3420,8102475,34.1
2014-02-16 22:22:00,AWS-Enterprise-Cluster,unified-cluster-service,60.0,45.0,320.0,111200.9,180,1200,617782,34.1
2014-02-16 22:27:00,AWS-Enterprise-Cluster,unified-cluster-service,59.5,45.0,1645.0,1450120.5,180,3180,8056225,34.1
2014-02-16 22:32:00,AWS-Enterprise-Cluster,unified-cluster-service,66.4,45.0,2545.0,108074.2,180,5340,600412,34.1
2014-02-16 22:37:00,AWS-Enterprise-Cluster,unified-cluster-service,39.7,45.0,2745.0,113281.6,180,5820,629342,34.0
2014-02-16 22:42:00,AWS-Enterprise-Cluster,unified-cluster-service,69.0,45.0,1445.0,101847.1,180,2700,565817,34.1
2014-02-16 22:47:00,AWS-Enterprise-Cluster,unified-cluster-service,62.1,45.0,320.0,115616.7,180,840,642315,34.1
2014-02-16 22:52:00,AWS-Enterprise-Cluster,unified-cluster-service,57.1,45.0,2595.0,106612.7,180,5460,592292,34.1
2014-02-16 22:57:00,AWS-Enterprise-Cluster,unified-cluster-service,71.4,45.0,1820.0,113569.2,181,3600,630940,34.4
2014-02-16 23:02:00,AWS-Enterprise-Cluster,unified-cluster-service,59.4,45.0,2645.0,116607.1,180,5580,647817,34.1
2014-02-16 23:07:00,AWS-Enterprise-Cluster,unified-cluster-service,60.9,45.0,320.0,98566.6,181,600,547592,34.4
2014-02-16 23:12:00,AWS-Enterprise-Cluster,unified-cluster-service,65.5,45.0,320.0,108863.1,180,360,604795,34.0
2014-02-16 23:17:00,AWS-Enterprise-Cluster,unified-cluster-service,61.9,45.0,320.0,1454634.0,181,420,8081300,34.4
2014-02-16 23:22:00,AWS-Enterprise-Cluster,unified-cluster-service,61.0,45.0,1945.0,119705.4,187,3900,665030,36.3
2014-02-16 23:27:00,AWS-Enterprise-Cluster,unified-cluster-service,64.8,45.0,2395.0,1444468.5,181,4980,8024825,34.4
2014-02-16 23:32:00,AWS-Enterprise-Cluster,unified-cluster-service,39.9,45.0,1170.0,114276.6,180,2040,634870,34.1
2014-02-16 23:37:00,AWS-Enterprise-Cluster,unified-cluster-service,69.8,45.0,2745.0,107674.2,181,5820,598190,34.4
2014-02-16 23:42:00,AWS-Enterprise-Cluster,unified-cluster-service,62.7,45.0,1795.0,113254.2,179,3540,629190,33.7
2014-02-16 23:47:00,AWS-Enterprise-Cluster,unified-cluster-service,59.0,45.0,320.0,107684.5,181,540,598247,34.4
2014-02-16 23:52:00,AWS-Enterprise-Cluster,unified-cluster-service,67.0,45.0,1445.0,115083.9,180,2700,639355,34.2
2014-02-16 23:57:00,AWS-Enterprise-Cluster,unified-cluster-service,64.3,45.0,320.0,96165.0,181,1200,534250,34.5
2014-02-17 00:02:00,AWS-Enterprise-Cluster,unified-cluster-service,59.5,45.0,1545.0,107324.1,186,2940,596245,36.0
2014-02-17 00:07:00,AWS-Enterprise-Cluster,unified-cluster-service,68.2,45.0,1795.0,116738.6,182,3540,648547,34.6
2014-02-17 00:12:00,AWS-Enterprise-Cluster,unified-cluster-service,55.8,45.0,320.0,108089.1,180,900,600495,34.1
2014-02-17 00:17:00,AWS-Enterprise-Cluster,unified-cluster-service,69.5,45.0,3520.0,1461973.5,181,7680,8122075,34.4
2014-02-17 00:22:00,AWS-Enterprise-Cluster,unified-cluster-service,62.2,45.0,2945.0,106879.1,180,6300,593772,34.1
2014-02-17 00:27:00,AWS-Enterprise-Cluster,unified-cluster-service,56.1,45.0,1395.0,1459804.5,181,2580,8110025,34.4
2014-02-17 00:32:00,AWS-Enterprise-Cluster,unified-cluster-service,69.4,45.0,1120.0,106637.4,179,1920,592430,33.8
2014-02-17 00:37:00,AWS-Enterprise-Cluster,unified-cluster-service,60.3,45.0,320.0,115622.1,181,600,642345,34.4
2014-02-17 00:42:00,AWS-Enterprise-Cluster,unified-cluster-service,58.9,45.0,320.0,106261.2,179,600,590340,33.8
2014-02-17 00:47:00,AWS-Enterprise-Cluster,unified-cluster-service,66.5,45.0,320.0,115528.1,180,1680,641822,34.1
2014-02-17 00:52:00,AWS-Enterprise-Cluster,unified-cluster-service,60.8,45.0,320.0,105601.5,181,660,586675,34.4
2014-02-17 00:57:00,AWS-Enterprise-Cluster,unified-cluster-service,61.9,45.0,320.0,105390.0,180,480,585500,34.1
2014-02-17 01:02:00,AWS-Enterprise-Cluster,unified-cluster-service,63.5,45.0,320.0,114189.3,179,540,634385,33.8
2014-02-17 01:07:00,AWS-Enterprise-Cluster,unified-cluster-service,56.3,45.0,1220.0,106835.4,182,2160,593530,34.7
2014-02-17 01:12:00,AWS-Enterprise-Cluster,unified-cluster-service,70.2,45.0,3120.0,112643.6,179,6720,625797,33.7
2014-02-17 01:17:00,AWS-Enterprise-Cluster,unified-cluster-service,62.0,45.0,320.0,1447182.0,180,420,8039900,34.0
2014-02-17 01:22:00,AWS-Enterprise-Cluster,unified-cluster-service,57.3,45.0,3095.0,131440.5,180,6660,730225,34.1
2014-02-17 01:27:00,AWS-Enterprise-Cluster,unified-cluster-service,65.3,45.0,320.0,1450962.0,187,1800,8060900,36.3
2014-02-17 01:32:00,AWS-Enterprise-Cluster,unified-cluster-service,62.4,45.0,1720.0,106515.5,179,3360,591752,33.8
2014-02-17 01:37:00,AWS-Enterprise-Cluster,unified-cluster-service,61.1,45.0,2070.0,102175.7,180,4200,567642,34.1
2014-02-17 01:42:00,AWS-Enterprise-Cluster,unified-cluster-service,62.3,45.0,320.0,115977.6,179,840,644320,33.8
2014-02-17 01:47:00,AWS-Enterprise-Cluster,unified-cluster-service,40.0,45.0,1745.0,107681.8,180,3420,598232,34.0
2014-02-17 01:52:00,AWS-Enterprise-Cluster,unified-cluster-service,70.7,45.0,1545.0,106130.2,179,2940,589612,33.8
2014-02-17 01:57:00,AWS-Enterprise-Cluster,unified-cluster-service,63.2,45.0,1245.0,113040.0,180,2220,628000,34.1
2014-02-17 02:02:00,AWS-Enterprise-Cluster,unified-cluster-service,59.1,45.0,1645.0,106856.1,180,3180,593645,34.0
2014-02-17 02:07:00,AWS-Enterprise-Cluster,unified-cluster-service,67.2,45.0,320.0,111218.0,180,1080,617877,34.1
2014-02-17 02:12:00,AWS-Enterprise-Cluster,unified-cluster-service,62.4,45.0,320.0,104825.7,178,600,582365,33.4
2014-02-17 02:17:00,AWS-Enterprise-Cluster,unified-cluster-service,62.7,45.0,2670.0,1459381.5,188,5640,8107675,36.5
2014-02-17 02:22:00,AWS-Enterprise-Cluster,unified-cluster-service,63.8,45.0,1745.0,112039.2,181,3420,622440,34.4
2014-02-17 02:27:00,AWS-Enterprise-Cluster,unified-cluster-service,54.7,45.0,3420.0,1458940.5,181,7440,8105225,34.4
2014-02-17 02:32:00,AWS-Enterprise-Cluster,unified-cluster-service,71.0,45.0,320.0,108593.1,178,1620,603295,33.5
2014-02-17 02:37:00,AWS-Enterprise-Cluster,unified-cluster-service,61.1,45.0,320.0,116453.7,181,600,646965,34.4
2014-02-17 02:42:00,AWS-Enterprise-Cluster,unified-cluster-service,57.6,45.0,320.0,109283.0,180,540,607127,34.0
2014-02-17 02:47:00,AWS-Enterprise-Cluster,unified-cluster-service,67.4,45.0,320.0,104905.8,181,780,582810,34.4
2014-02-17 02:52:00,AWS-Enterprise-Cluster,unified-cluster-service,39.6,45.0,3395.0,117115.7,180,7380,650642,34.0
2014-02-17 02:57:00,AWS-Enterprise-Cluster,unified-cluster-service,72.6,45.0,2595.0,106737.3,182,5460,592985,34.7
2014-02-17 03:02:00,AWS-Enterprise-Cluster,unified-cluster-service,62.9,45.0,2345.0,108858.2,180,4860,604767,34.1
2014-02-17 03:07:00,AWS-Enterprise-Cluster,unified-cluster-service,58.7,45.0,1495.0,100530.5,181,2820,558502,34.4
2014-02-17 03:12:00,AWS-Enterprise-Cluster,unified-cluster-service,71.4,45.0,320.0,119546.1,185,1260,664145,35.6
2014-02-17 03:17:00,AWS-Enterprise-Cluster,unified-cluster-service,59.2,45.0,320.0,1452042.0,183,660,8066900,35.0
2014-02-17 03:22:00,AWS-Enterprise-Cluster,unified-cluster-service,58.7,45.0,320.0,121081.9,180,1140,672677,34.1
2014-02-17 03:27:00,AWS-Enterprise-Cluster,unified-cluster-service,65.3,45.0,2370.0,1455372.0,180,4920,8085400,34.1
2014-02-17 03:32:00,AWS-Enterprise-Cluster,unified-cluster-service,54.5,45.0,2045.0,111219.3,179,4140,617885,33.8
2014-02-17 03:37:00,AWS-Enterprise-Cluster,unified-cluster-service,69.0,45.0,4320.0,107959.1,181,9600,599772,34.4
2014-02-17 03:42:00,AWS-Enterprise-Cluster,unified-cluster-service,60.8,45.0,2195.0,112950.5,182,4500,627502,34.7
2014-02-17 03:47:00,AWS-Enterprise-Cluster,unified-cluster-service,57.6,45.0,320.0,110442.1,178,1380,613567,33.4
2014-02-17 03:52:00,AWS-Enterprise-Cluster,unified-cluster-service,68.7,45.0,2295.0,110371.9,180,4740,613177,34.0
2014-02-17 03:57:00,AWS-Enterprise-Cluster,unified-cluster-service,65.6,45.0,2295.0,109699.6,180,4740,609442,34.1
2014-02-17 04:02:00,AWS-Enterprise-Cluster,unified-cluster-service,59.5,45.0,2745.0,103478.0,180,5820,574877,34.0
2014-02-17 04:07:00,AWS-Enterprise-Cluster,unified-cluster-service,66.7,45.0,7670.0,117598.9,180,17640,653327,34.1
2014-02-17 04:12:00,AWS-Enterprise-Cluster,unified-cluster-service,54.2,45.0,1795.0,107417.3,179,3540,596762,33.8
2014-02-17 04:17:00,AWS-Enterprise-Cluster,unified-cluster-service,71.5,45.0,1295.0,1455840.0,181,2340,8088000,34.4
2014-02-17 04:22:00,AWS-Enterprise-Cluster,unified-cluster-service,63.5,45.0,1245.0,107401.1,179,2220,596672,33.7
2014-02-17 04:27:00,AWS-Enterprise-Cluster,unified-cluster-service,58.8,45.0,2795.0,1457199.0,180,5940,8095550,34.1
2014-02-17 04:32:00,AWS-Enterprise-Cluster,unified-cluster-service,66.7,45.0,2095.0,108622.3,179,4260,603457,33.8
2014-02-17 04:37:00,AWS-Enterprise-Cluster,unified-cluster-service,65.8,45.0,320.0,109311.8,180,1320,607287,34.0
2014-02-17 04:42:00,AWS-Enterprise-Cluster,unified-cluster-service,59.1,45.0,1245.0,109261.4,179,2220,607007,33.7
2014-02-17 04:47:00,AWS-Enterprise-Cluster,unified-cluster-service,64.6,45.0,2495.0,113454.9,179,5220,630305,33.8
2014-02-17 04:52:00,AWS-Enterprise-Cluster,unified-cluster-service,55.1,45.0,320.0,110639.7,181,1200,614665,34.4
2014-02-17 04:57:00,AWS-Enterprise-Cluster,unified-cluster-service,71.8,45.0,1720.0,110193.3,181,3360,612185,34.3
2014-02-17 05:02:00,AWS-Enterprise-Cluster,unified-cluster-service,63.3,45.0,1995.0,116653.9,179,4020,648077,33.8
2014-02-17 05:07:00,AWS-Enterprise-Cluster,unified-cluster-service,59.2,45.0,2120.0,106868.2,180,4320,593712,34.0
2014-02-17 05:12:00,AWS-Enterprise-Cluster,unified-cluster-service,67.3,45.0,2770.0,113013.9,180,5880,627855,34.0
2014-02-17 05:17:00,AWS-Enterprise-Cluster,unified-cluster-service,60.8,45.0,2695.0,1469704.5,183,5700,8165025,35.1
2014-02-17 05:22:00,AWS-Enterprise-Cluster,unified-cluster-service,60.0,45.0,1420.0,121040.1,179,2640,672445,33.8
2014-02-17 05:27:00,AWS-Enterprise-Cluster,unified-cluster-service,63.6,45.0,2420.0,1448797.5,182,5040,8048875,34.7
2014-02-17 05:32:00,AWS-Enterprise-Cluster,unified-cluster-service,55.3,45.0,3020.0,112800.2,179,6480,626667,33.7
2014-02-17 05:37:00,AWS-Enterprise-Cluster,unified-cluster-service,71.5,45.0,2470.0,101965.5,181,5160,566475,34.4
2014-02-17 05:42:00,AWS-Enterprise-Cluster,unified-cluster-service,60.5,45.0,320.0,112921.6,180,600,627342,34.1
2014-02-17 05:47:00,AWS-Enterprise-Cluster,unified-cluster-service,57.3,45.0,320.0,115825.9,181,720,643477,34.4
2014-02-17 05:52:00,AWS-Enterprise-Cluster,unified-cluster-service,67.6,45.0,3245.0,107633.7,180,7020,597965,34.1
2014-02-17 05:57:00,AWS-Enterprise-Cluster,unified-cluster-service,64.3,45.0,1170.0,119578.5,181,2040,664325,34.3
2014-02-17 06:02:00,AWS-Enterprise-Cluster,unified-cluster-service,60.0,45.0,2545.0,109951.2,180,5340,610840,34.1
2014-02-17 06:07:00,AWS-Enterprise-Cluster,unified-cluster-service,66.4,45.0,1245.0,123067.8,182,2220,683710,34.7
2014-02-17 06:12:00,AWS-Enterprise-Cluster,unified-cluster-service,40.0,45.0,1270.0,117371.7,179,2280,652065,33.7
2014-02-17 06:17:00,AWS-Enterprise-Cluster,unified-cluster-service,69.5,45.0,320.0,1445593.5,180,1560,8031075,34.1
2014-02-17 06:22:00,AWS-Enterprise-Cluster,unified-cluster-service,62.7,45.0,320.0,112518.4,180,600,625102,34.1
2014-02-17 06:27:00,AWS-Enterprise-Cluster,unified-cluster-service,58.9,45.0,320.0,1453266.0,181,540,8073700,34.3
2014-02-17 06:32:00,AWS-Enterprise-Cluster,unified-cluster-service,64.5,45.0,1145.0,113567.4,179,1980,630930,33.8
2014-02-17 06:37:00,AWS-Enterprise-Cluster,unified-cluster-service,62.3,45.0,320.0,102884.8,180,1080,571582,34.1
2014-02-17 06:42:00,AWS-Enterprise-Cluster,unified-cluster-service,61.0,45.0,320.0,114260.0,180,540,634777,34.1
2014-02-17 06:47:00,AWS-Enterprise-Cluster,unified-cluster-service,64.0,45.0,1870.0,115021.8,180,3720,639010,34.1
2014-02-17 06:52:00,AWS-Enterprise-Cluster,unified-cluster-service,55.1,45.0,320.0,113810.0,179,840,632277,33.8
2014-02-17 06:57:00,AWS-Enterprise-Cluster,unified-cluster-service,72.9,45.0,320.0,108225.9,181,480,601255,34.4
2014-02-17 07:02:00,AWS-Enterprise-Cluster,unified-cluster-service,60.5,45.0,320.0,113319.0,180,1080,629550,34.1
2014-02-17 07:07:00,AWS-Enterprise-Cluster,unified-cluster-service,59.5,45.0,320.0,110072.7,180,1620,611515,34.1
2014-02-17 07:12:00,AWS-Enterprise-Cluster,unified-cluster-service,65.3,45.0,2745.0,116157.1,180,5820,645317,34.1
2014-02-17 07:17:00,AWS-Enterprise-Cluster,unified-cluster-service,39.9,45.0,3595.0,1458688.5,179,7860,8103825,33.8
2014-02-17 07:22:00,AWS-Enterprise-Cluster,unified-cluster-service,68.2,45.0,1245.0,120713.4,180,2220,670630,34.1
2014-02-17 07:27:00,AWS-Enterprise-Cluster,unified-cluster-service,61.1,45.0,4295.0,1451205.0,180,9540,8062250,34.0
2014-02-17 07:32:00,AWS-Enterprise-Cluster,unified-cluster-service,57.0,45.0,4220.0,112232.7,179,9360,623515,33.8
2014-02-17 07:37:00,AWS-Enterprise-Cluster,unified-cluster-service,68.7,45.0,7520.0,111213.4,180,17280,617852,34.1
2014-02-17 07:42:00,AWS-Enterprise-Cluster,unified-cluster-service,60.4,45.0,3945.0,113292.9,180,8700,629405,34.1
2014-02-17 07:47:00,AWS-Enterprise-Cluster,unified-cluster-service,58.4,45.0,4370.0,112490.6,181,9720,624947,34.3
2014-02-17 07:52:00,AWS-Enterprise-Cluster,unified-cluster-service,65.4,45.0,9845.0,110888.1,186,22860,616045,35.9
2014-02-17 07:57:00,AWS-Enterprise-Cluster,unified-cluster-service,59.5,45.0,4145.0,113033.7,182,9180,627965,34.6
2014-02-17 08:02:00,AWS-Enterprise-Cluster,unified-cluster-service,68.3,45.0,4995.0,110160.5,180,11220,612002,34.1
2014-02-17 08:07:00,AWS-Enterprise-Cluster,unified-cluster-service,65.4,45.0,5170.0,114254.5,181,11640,634747,34.3
2014-02-17 08:12:00,AWS-Enterprise-Cluster,unified-cluster-service,54.1,45.0,7395.0,107549.1,181,16980,597495,34.4
2014-02-17 08:17:00,AWS-Enterprise-Cluster,unified-cluster-service,71.0,45.0,9845.0,1460983.5,180,22860,8116575,34.1
2014-02-17 08:22:00,AWS-Enterprise-Cluster,unified-cluster-service,60.1,45.0,1145.0,120838.5,180,1980,671325,34.1
2014-02-17 08:27:00,AWS-Enterprise-Cluster,unified-cluster-service,58.8,45.0,320.0,1454094.0,181,1800,8078300,34.3
2014-02-17 08:32:00,AWS-Enterprise-Cluster,unified-cluster-service,66.0,45.0,2995.0,107501.4,180,6420,597230,34.0
2014-02-17 08:37:00,AWS-Enterprise-Cluster,unified-cluster-service,55.4,45.0,2645.0,106598.2,181,5580,592212,34.4
2014-02-17 08:42:00,AWS-Enterprise-Cluster,unified-cluster-service,68.8,45.0,320.0,116010.0,181,840,644500,34.3
2014-02-17 08:47:00,AWS-Enterprise-Cluster,unified-cluster-service,63.0,45.0,320.0,111173.9,181,1140,617632,34.4
2014-02-17 08:52:00,AWS-Enterprise-Cluster,unified-cluster-service,55.6,45.0,2095.0,116563.9,180,4260,647577,34.1
2014-02-17 08:57:00,AWS-Enterprise-Cluster,unified-cluster-service,71.4,45.0,1520.0,105843.6,180,2880,588020,34.0
2014-02-17 09:02:00,AWS-Enterprise-Cluster,unified-cluster-service,63.2,45.0,3220.0,115133.4,180,6960,639630,34.1
2014-02-17 09:07:00,AWS-Enterprise-Cluster,unified-cluster-service,61.0,45.0,2045.0,107759.7,182,4140,598665,34.7
2014-02-17 09:12:00,AWS-Enterprise-Cluster,unified-cluster-service,65.4,45.0,1145.0,108576.0,179,1980,603200,33.7
2014-02-17 09:17:00,AWS-Enterprise-Cluster,unified-cluster-service,62.6,45.0,2870.0,1457374.5,179,6120,8096525,33.8
2014-02-17 09:22:00,AWS-Enterprise-Cluster,unified-cluster-service,59.6,45.0,1720.0,111484.3,180,3360,619357,34.1
2014-02-17 09:27:00,AWS-Enterprise-Cluster,unified-cluster-service,62.7,45.0,1495.0,1461325.5,180,2820,8118475,34.0
2014-02-17 09:32:00,AWS-Enterprise-Cluster,unified-cluster-service,54.4,45.0,1170.0,118775.2,178,2040,659862,33.5
2014-02-17 09:37:00,AWS-Enterprise-Cluster,unified-cluster-service,69.8,45.0,4270.0,100380.2,180,9480,557667,34.0
2014-02-17 09:42:00,AWS-Enterprise-Cluster,unified-cluster-service,60.6,45.0,2220.0,109245.2,179,4560,606917,33.8
2014-02-17 09:47:00,AWS-Enterprise-Cluster,unified-cluster-service,57.8,45.0,320.0,115066.8,179,1440,639260,34.0
2014-02-17 09:52:00,AWS-Enterprise-Cluster,unified-cluster-service,65.8,45.0,320.0,107777.3,180,480,598762,34.1
2014-02-17 09:57:00,AWS-Enterprise-Cluster,unified-cluster-service,65.1,45.0,1770.0,115982.5,179,3480,644347,33.7
2014-02-17 10:02:00,AWS-Enterprise-Cluster,unified-cluster-service,58.8,45.0,1170.0,107507.3,179,2040,597262,33.8
2014-02-17 10:07:00,AWS-Enterprise-Cluster,unified-cluster-service,67.2,45.0,320.0,104828.4,181,780,582380,34.4
2014-02-17 10:12:00,AWS-Enterprise-Cluster,unified-cluster-service,54.3,45.0,2270.0,114065.6,179,4680,633697,33.7
2014-02-17 10:17:00,AWS-Enterprise-Cluster,unified-cluster-service,69.8,45.0,2945.0,1452865.5,181,6300,8071475,34.4
2014-02-17 10:22:00,AWS-Enterprise-Cluster,unified-cluster-service,60.6,45.0,320.0,116414.5,183,1800,646747,35.0
2014-02-17 10:27:00,AWS-Enterprise-Cluster,unified-cluster-service,57.6,45.0,1095.0,1457212.5,180,1860,8095625,34.1
2014-02-17 10:32:00,AWS-Enterprise-Cluster,unified-cluster-service,66.4,45.0,2320.0,111712.0,180,4800,620622,34.1
2014-02-17 10:37:00,AWS-Enterprise-Cluster,unified-cluster-service,63.3,45.0,2270.0,110223.4,181,4680,612352,34.4
2014-02-17 10:42:00,AWS-Enterprise-Cluster,unified-cluster-service,61.3,45.0,1745.0,117384.8,180,3420,652137,34.1
2014-02-17 10:47:00,AWS-Enterprise-Cluster,unified-cluster-service,63.3,45.0,1895.0,103076.6,180,3780,572647,34.1
2014-02-17 10:52:00,AWS-Enterprise-Cluster,unified-cluster-service,55.0,45.0,4670.0,113431.5,180,10440,630175,34.0
2014-02-17 10:57:00,AWS-Enterprise-Cluster,unified-cluster-service,73.7,45.0,320.0,112580.6,181,660,625447,34.4
2014-02-17 11:02:00,AWS-Enterprise-Cluster,unified-cluster-service,59.2,45.0,2695.0,105709.1,181,5700,587272,34.4
2014-02-17 11:07:00,AWS-Enterprise-Cluster,unified-cluster-service,60.7,45.0,3070.0,118182.6,183,6600,656570,35.0
2014-02-17 11:12:00,AWS-Enterprise-Cluster,unified-cluster-service,65.8,45.0,1670.0,109994.4,179,3240,611080,33.8
2014-02-17 11:17:00,AWS-Enterprise-Cluster,unified-cluster-service,61.1,45.0,320.0,1464124.5,179,780,8134025,33.8
2014-02-17 11:22:00,AWS-Enterprise-Cluster,unified-cluster-service,58.0,45.0,320.0,112464.4,181,1020,624802,34.4
2014-02-17 11:27:00,AWS-Enterprise-Cluster,unified-cluster-service,64.4,45.0,320.0,1455408.0,180,1320,8085600,34.0
2014-02-17 11:32:00,AWS-Enterprise-Cluster,unified-cluster-service,62.8,45.0,3520.0,110453.0,178,7680,613627,33.5
2014-02-17 11:37:00,AWS-Enterprise-Cluster,unified-cluster-service,61.4,45.0,1295.0,115954.2,182,2340,644190,34.7
2014-02-17 11:42:00,AWS-Enterprise-Cluster,unified-cluster-service,64.6,45.0,1395.0,114472.8,179,2580,635960,33.7
2014-02-17 11:47:00,AWS-Enterprise-Cluster,unified-cluster-service,39.9,45.0,2145.0,116517.6,180,4380,647320,34.1
2014-02-17 11:52:00,AWS-Enterprise-Cluster,unified-cluster-service,69.0,45.0,1795.0,101687.9,179,3540,564932,33.8
2014-02-17 11:57:00,AWS-Enterprise-Cluster,unified-cluster-service,61.6,45.0,3745.0,111627.9,180,8220,620155,34.1
2014-02-17 12:02:00,AWS-Enterprise-Cluster,unified-cluster-service,57.8,45.0,2045.0,113411.7,179,4140,630065,33.7
2014-02-17 12:07:00,AWS-Enterprise-Cluster,unified-cluster-service,68.5,45.0,320.0,107628.3,182,1080,597935,34.7
2014-02-17 12:12:00,AWS-Enterprise-Cluster,unified-cluster-service,62.8,45.0,2420.0,122359.5,181,5040,679775,34.4
2014-02-17 12:17:00,AWS-Enterprise-Cluster,unified-cluster-service,60.3,45.0,320.0,1458405.0,179,480,8102250,33.8
2014-02-17 12:22:00,AWS-Enterprise-Cluster,unified-cluster-service,65.2,45.0,320.0,119415.2,179,1260,663417,33.8
2014-02-17 12:27:00,AWS-Enterprise-Cluster,unified-cluster-service,54.4,45.0,320.0,1454571.0,180,120,8080950,34.1
2014-02-17 12:32:00,AWS-Enterprise-Cluster,unified-cluster-service,69.5,45.0,5070.0,120586.1,179,11400,669922,33.7
2014-02-17 12:37:00,AWS-Enterprise-Cluster,unified-cluster-service,61.5,45.0,2295.0,110346.3,180,4740,613035,34.1
2014-02-17 12:42:00,AWS-Enterprise-Cluster,unified-cluster-service,57.7,45.0,320.0,116986.1,179,1200,649922,33.8
2014-02-17 12:47:00,AWS-Enterprise-Cluster,unified-cluster-service,67.0,45.0,320.0,108827.5,181,420,604597,34.4
2014-02-17 12:52:00,AWS-Enterprise-Cluster,unified-cluster-service,62.0,45.0,320.0,111855.2,181,420,621417,34.4
2014-02-17 12:57:00,AWS-Enterprise-Cluster,unified-cluster-service,63.3,45.0,2945.0,112985.1,182,6300,627695,34.6
2014-02-17 13:02:00,AWS-Enterprise-Cluster,unified-cluster-service,62.9,45.0,1670.0,110257.2,183,3240,612540,35.0
2014-02-17 13:07:00,AWS-Enterprise-Cluster,unified-cluster-service,57.6,45.0,1320.0,118132.2,181,2400,656290,34.4
2014-02-17 13:12:00,AWS-Enterprise-Cluster,unified-cluster-service,70.9,45.0,320.0,109629.0,180,360,609050,34.1
2014-02-17 13:17:00,AWS-Enterprise-Cluster,unified-cluster-service,59.7,45.0,320.0,1468062.0,181,720,8155900,34.4
2014-02-17 13:22:00,AWS-Enterprise-Cluster,unified-cluster-service,56.9,45.0,1870.0,113296.5,180,3720,629425,34.0
2014-02-17 13:27:00,AWS-Enterprise-Cluster,unified-cluster-service,64.9,45.0,2845.0,1465146.0,180,6060,8139700,34.0
2014-02-17 13:32:00,AWS-Enterprise-Cluster,unified-cluster-service,61.3,45.0,320.0,110934.4,180,840,616302,34.1
2014-02-17 13:37:00,AWS-Enterprise-Cluster,unified-cluster-service,60.2,45.0,320.0,115764.8,180,720,643137,34.1
2014-02-17 13:42:00,AWS-Enterprise-Cluster,unified-cluster-service,63.2,45.0,1220.0,114135.3,180,2160,634085,34.1
2014-02-17 13:47:00,AWS-Enterprise-Cluster,unified-cluster-service,39.7,45.0,320.0,107981.6,180,780,599897,34.0
2014-02-17 13:52:00,AWS-Enterprise-Cluster,unified-cluster-service,69.8,45.0,4170.0,113504.8,180,9240,630582,34.1
2014-02-17 13:57:00,AWS-Enterprise-Cluster,unified-cluster-service,63.2,45.0,1320.0,104673.2,180,2400,581517,34.1
2014-02-17 14:02:00,AWS-Enterprise-Cluster,unified-cluster-service,58.2,45.0,2245.0,120994.2,180,4620,672190,34.1
2014-02-17 14:07:00,AWS-Enterprise-Cluster,unified-cluster-service,67.3,45.0,1595.0,106932.1,182,3060,594067,34.7
2014-02-17 14:12:00,AWS-Enterprise-Cluster,unified-cluster-service,39.8,45.0,1820.0,111921.3,182,3600,621785,34.7
2014-02-17 14:17:00,AWS-Enterprise-Cluster,unified-cluster-service,69.1,45.0,320.0,1457901.0,180,180,8099450,34.0
2014-02-17 14:22:00,AWS-Enterprise-Cluster,unified-cluster-service,62.2,45.0,320.0,119017.8,180,60,661210,34.1
2014-02-17 14:27:00,AWS-Enterprise-Cluster,unified-cluster-service,56.4,45.0,320.0,1449526.5,180,840,8052925,34.0
2014-02-17 14:32:00,AWS-Enterprise-Cluster,unified-cluster-service,66.7,45.0,320.0,115929.4,180,360,644052,34.1
2014-02-17 14:37:00,AWS-Enterprise-Cluster,unified-cluster-service,63.0,45.0,320.0,109760.9,180,1200,609782,34.1
2014-02-17 14:42:00,AWS-Enterprise-Cluster,unified-cluster-service,57.6,45.0,1095.0,113724.9,179,1860,631805,33.7
2014-02-17 14:47:00,AWS-Enterprise-Cluster,unified-cluster-service,66.4,45.0,320.0,112880.2,180,540,627112,34.0
2014-02-17 14:52:00,AWS-Enterprise-Cluster,unified-cluster-service,39.8,45.0,1845.0,107068.1,180,3660,594822,34.1
2014-02-17 14:57:00,AWS-Enterprise-Cluster,unified-cluster-service,72.2,45.0,1145.0,118183.5,182,1980,656575,34.7
2014-02-17 15:02:00,AWS-Enterprise-Cluster,unified-cluster-service,61.8,45.0,320.0,103445.6,182,420,574697,34.7
2014-02-17 15:07:00,AWS-Enterprise-Cluster,unified-cluster-service,59.2,45.0,320.0,112999.1,181,300,627772,34.4
2014-02-17 15:12:00,AWS-Enterprise-Cluster,unified-cluster-service,70.6,45.0,1820.0,110225.2,179,3600,612362,33.8
2014-02-17 15:17:00,AWS-Enterprise-Cluster,unified-cluster-service,59.5,45.0,3445.0,1466118.0,181,7500,8145100,34.3
2014-02-17 15:22:00,AWS-Enterprise-Cluster,unified-cluster-service,58.2,45.0,3770.0,107655.8,181,8280,598087,34.4
2014-02-17 15:27:00,AWS-Enterprise-Cluster,unified-cluster-service,64.4,45.0,3720.0,1465110.0,181,8160,8139500,34.4
2014-02-17 15:32:00,AWS-Enterprise-Cluster,unified-cluster-service,54.6,45.0,320.0,105168.6,179,180,584270,33.7
2014-02-17 15:37:00,AWS-Enterprise-Cluster,unified-cluster-service,69.8,45.0,320.0,108522.5,183,360,602902,35.0
2014-02-17 15:42:00,AWS-Enterprise-Cluster,unified-cluster-service,60.7,45.0,1520.0,118121.8,179,2880,656232,33.8
2014-02-17 15:47:00,AWS-Enterprise-Cluster,unified-cluster-service,57.1,45.0,3820.0,106414.6,181,8400,591192,34.4
2014-02-17 15:52:00,AWS-Enterprise-Cluster,unified-cluster-service,70.1,45.0,320.0,117423.4,181,660,652352,34.3
2014-02-17 15:57:00,AWS-Enterprise-Cluster,unified-cluster-service,63.4,45.0,320.0,108430.7,180,540,602392,34.1
2014-02-17 16:02:00,AWS-Enterprise-Cluster,unified-cluster-service,58.8,45.0,320.0,107346.1,180,540,596367,34.1
2014-02-17 16:07:00,AWS-Enterprise-Cluster,unified-cluster-service,70.0,45.0,1745.0,112549.5,183,3420,625275,35.0
2014-02-17 16:12:00,AWS-Enterprise-Cluster,unified-cluster-service,63.7,45.0,1170.0,119806.2,182,2040,665590,34.7
2014-02-17 16:17:00,AWS-Enterprise-Cluster,unified-cluster-service,61.6,45.0,320.0,1455286.5,180,480,8084925,34.1
2014-02-17 16:22:00,AWS-Enterprise-Cluster,unified-cluster-service,62.8,45.0,320.0,113468.4,179,120,630380,33.7
2014-02-17 16:27:00,AWS-Enterprise-Cluster,unified-cluster-service,55.8,45.0,1095.0,1456560.0,180,1860,8092000,34.1
2014-02-17 16:32:00,AWS-Enterprise-Cluster,unified-cluster-service,68.7,45.0,1545.0,113895.9,179,2940,632755,33.7
2014-02-17 16:37:00,AWS-Enterprise-Cluster,unified-cluster-service,61.6,45.0,320.0,106726.9,180,1080,592927,34.1
2014-02-17 16:42:00,AWS-Enterprise-Cluster,unified-cluster-service,59.0,45.0,320.0,110103.8,179,1320,611687,33.7
2014-02-17 16:47:00,AWS-Enterprise-Cluster,unified-cluster-service,64.5,45.0,320.0,106280.1,180,1740,590445,34.1
2014-02-17 16:52:00,AWS-Enterprise-Cluster,unified-cluster-service,54.5,45.0,3270.0,109641.1,180,7080,609117,34.1
2014-02-17 16:57:00,AWS-Enterprise-Cluster,unified-cluster-service,73.0,45.0,2545.0,114190.7,179,5340,634392,33.8
2014-02-17 17:02:00,AWS-Enterprise-Cluster,unified-cluster-service,62.2,45.0,320.0,111420.9,179,300,619005,33.8
2014-02-17 17:07:00,AWS-Enterprise-Cluster,unified-cluster-service,58.1,45.0,2670.0,112900.5,184,5640,627225,35.3
2014-02-17 17:12:00,AWS-Enterprise-Cluster,unified-cluster-service,71.5,45.0,1245.0,111870.9,182,2220,621505,34.7
2014-02-17 17:17:00,AWS-Enterprise-Cluster,unified-cluster-service,59.2,45.0,1170.0,1464795.0,180,2040,8137750,34.1
2014-02-17 17:22:00,AWS-Enterprise-Cluster,unified-cluster-service,59.6,45.0,1770.0,111650.9,178,3480,620282,33.4
2014-02-17 17:27:00,AWS-Enterprise-Cluster,unified-cluster-service,68.2,45.0,320.0,1478151.0,181,600,8211950,34.4
2014-02-17 17:32:00,AWS-Enterprise-Cluster,unified-cluster-service,39.9,45.0,320.0,117339.3,179,1800,651885,33.7
2014-02-17 17:37:00,AWS-Enterprise-Cluster,unified-cluster-service,73.6,45.0,320.0,98927.5,180,240,549597,34.0
2014-02-17 17:42:00,AWS-Enterprise-Cluster,unified-cluster-service,62.2,45.0,320.0,114330.6,180,420,635170,34.0
2014-02-17 17:47:00,AWS-Enterprise-Cluster,unified-cluster-service,58.2,45.0,1270.0,103209.8,180,2280,573387,34.1
2014-02-17 17:52:00,AWS-Enterprise-Cluster,unified-cluster-service,66.3,45.0,3095.0,115676.1,180,6660,642645,34.1
2014-02-17 17:57:00,AWS-Enterprise-Cluster,unified-cluster-service,65.6,45.0,320.0,118100.7,182,1080,656115,34.6
2014-02-17 18:02:00,AWS-Enterprise-Cluster,unified-cluster-service,58.5,45.0,320.0,558081.0,183,60,3100450,35.0
2014-02-17 18:07:00,AWS-Enterprise-Cluster,unified-cluster-service,70.0,45.0,1495.0,1021986.0,183,2820,5677700,35.0
2014-02-17 18:12:00,AWS-Enterprise-Cluster,unified-cluster-service,54.2,45.0,3170.0,116990.1,179,6840,649945,33.7
2014-02-17 18:17:00,AWS-Enterprise-Cluster,unified-cluster-service,69.8,45.0,320.0,1453900.5,181,180,8077225,34.4
2014-02-17 18:22:00,AWS-Enterprise-Cluster,unified-cluster-service,62.3,45.0,320.0,111940.7,179,360,621892,33.7
2014-02-17 18:27:00,AWS-Enterprise-Cluster,unified-cluster-service,57.8,45.0,1245.0,1466181.0,181,2220,8145450,34.4
2014-02-17 18:32:00,AWS-Enterprise-Cluster,unified-cluster-service,68.1,45.0,320.0,102851.1,179,60,571395,33.8
2014-02-17 18:37:00,AWS-Enterprise-Cluster,unified-cluster-service,61.7,45.0,320.0,120177.0,181,1200,667650,34.4
2014-02-17 18:42:00,AWS-Enterprise-Cluster,unified-cluster-service,59.5,45.0,2345.0,108881.6,179,4860,604897,33.8
2014-02-17 18:47:00,AWS-Enterprise-Cluster,unified-cluster-service,64.4,45.0,320.0,123241.9,180,1320,684677,34.1
2014-02-17 18:52:00,AWS-Enterprise-Cluster,unified-cluster-service,54.2,45.0,3645.0,107802.0,179,7980,598900,33.8
2014-02-17 18:57:00,AWS-Enterprise-Cluster,unified-cluster-service,76.2,45.0,320.0,119790.5,179,360,665502,34.0
2014-02-17 19:02:00,AWS-Enterprise-Cluster,unified-cluster-service,60.9,45.0,320.0,111706.2,179,60,620590,33.8
2014-02-17 19:07:00,AWS-Enterprise-Cluster,unified-cluster-service,61.0,45.0,320.0,113695.7,187,600,631642,36.3
2014-02-17 19:12:00,AWS-Enterprise-Cluster,unified-cluster-service,66.5,45.0,1370.0,113283.9,179,2520,629355,33.7
2014-02-17 19:17:00,AWS-Enterprise-Cluster,unified-cluster-service,61.5,45.0,1370.0,1456641.0,180,2520,8092450,34.1
2014-02-17 19:22:00,AWS-Enterprise-Cluster,unified-cluster-service,61.7,45.0,320.0,120860.6,179,660,671447,33.7
2014-02-17 19:27:00,AWS-Enterprise-Cluster,unified-cluster-service,63.9,45.0,6845.0,1493770.5,180,15660,8298725,34.1
2014-02-17 19:32:00,AWS-Enterprise-Cluster,unified-cluster-service,54.3,45.0,320.0,119745.5,178,360,665252,33.4
2014-02-17 19:37:00,AWS-Enterprise-Cluster,unified-cluster-service,72.4,45.0,320.0,109795.9,181,420,609977,34.4
2014-02-17 19:42:00,AWS-Enterprise-Cluster,unified-cluster-service,61.0,45.0,1695.0,113332.5,179,3300,629625,33.8
2014-02-17 19:47:00,AWS-Enterprise-Cluster,unified-cluster-service,58.5,45.0,1195.0,112997.3,179,2100,627762,33.8
2014-02-17 19:52:00,AWS-Enterprise-Cluster,unified-cluster-service,66.3,45.0,1370.0,115674.3,179,2520,642635,33.7
2014-02-17 19:57:00,AWS-Enterprise-Cluster,unified-cluster-service,64.0,45.0,3020.0,112779.9,179,6480,626555,33.8
2014-02-17 20:02:00,AWS-Enterprise-Cluster,unified-cluster-service,59.5,45.0,320.0,114102.9,180,180,633905,34.1
2014-02-17 20:07:00,AWS-Enterprise-Cluster,unified-cluster-service,66.4,45.0,320.0,112711.1,179,1020,626172,33.7
2014-02-17 20:12:00,AWS-Enterprise-Cluster,unified-cluster-service,39.8,45.0,320.0,108442.8,179,600,602460,33.8
2014-02-17 20:17:00,AWS-Enterprise-Cluster,unified-cluster-service,69.5,45.0,320.0,1465789.5,179,1020,8143275,33.8
2014-02-17 20:22:00,AWS-Enterprise-Cluster,unified-cluster-service,61.7,45.0,320.0,109545.8,181,180,608587,34.4
2014-02-17 20:27:00,AWS-Enterprise-Cluster,unified-cluster-service,59.6,45.0,1345.0,1460115.0,180,2460,8111750,34.0
2014-02-17 20:32:00,AWS-Enterprise-Cluster,unified-cluster-service,65.7,45.0,1770.0,113308.6,184,3480,629492,35.3
2014-02-17 20:37:00,AWS-Enterprise-Cluster,unified-cluster-service,54.5,45.0,320.0,109349.5,182,420,607497,34.7
2014-02-17 20:42:00,AWS-Enterprise-Cluster,unified-cluster-service,69.3,45.0,320.0,114150.2,180,1680,634167,34.1
2014-02-17 20:47:00,AWS-Enterprise-Cluster,unified-cluster-service,62.1,45.0,1745.0,110438.6,179,3420,613547,33.7
2014-02-17 20:52:00,AWS-Enterprise-Cluster,unified-cluster-service,57.1,45.0,320.0,107504.5,179,360,597247,33.8
2014-02-17 20:57:00,AWS-Enterprise-Cluster,unified-cluster-service,70.0,45.0,1420.0,119113.2,184,2640,661740,35.3
2014-02-17 21:02:00,AWS-Enterprise-Cluster,unified-cluster-service,63.3,45.0,320.0,112275.5,182,360,623752,34.7
2014-02-17 21:07:00,AWS-Enterprise-Cluster,unified-cluster-service,62.7,45.0,320.0,104773.9,180,120,582077,34.0
2014-02-17 21:12:00,AWS-Enterprise-Cluster,unified-cluster-service,64.2,45.0,2320.0,120583.8,180,4800,669910,34.1
2014-02-17 21:17:00,AWS-Enterprise-Cluster,unified-cluster-service,54.8,45.0,320.0,1462495.5,180,1740,8124975,34.0
2014-02-17 21:22:00,AWS-Enterprise-Cluster,unified-cluster-service,71.1,45.0,320.0,116787.1,181,180,648817,34.4
2014-02-17 21:27:00,AWS-Enterprise-Cluster,unified-cluster-service,61.4,45.0,320.0,1457208.0,185,180,8095600,35.7
2014-02-17 21:32:00,AWS-Enterprise-Cluster,unified-cluster-service,58.9,45.0,320.0,117101.2,180,180,650562,34.0
2014-02-17 21:37:00,AWS-Enterprise-Cluster,unified-cluster-service,67.9,45.0,1120.0,107769.1,180,1920,598717,34.1
2014-02-17 21:42:00,AWS-Enterprise-Cluster,unified-cluster-service,62.8,45.0,320.0,112419.0,180,240,624550,34.1
2014-02-17 21:47:00,AWS-Enterprise-Cluster,unified-cluster-service,59.0,45.0,320.0,109548.4,181,1800,608602,34.4
2014-02-17 21:52:00,AWS-Enterprise-Cluster,unified-cluster-service,65.7,45.0,320.0,113439.1,180,1320,630217,34.1
2014-02-17 21:57:00,AWS-Enterprise-Cluster,unified-cluster-service,65.2,45.0,320.0,112362.7,180,300,624237,34.3
2014-02-17 22:02:00,AWS-Enterprise-Cluster,unified-cluster-service,61.3,45.0,2020.0,108666.0,180,4080,603700,34.1
2014-02-17 22:07:00,AWS-Enterprise-Cluster,unified-cluster-service,66.6,45.0,320.0,117093.2,180,960,650517,34.1
2014-02-17 22:12:00,AWS-Enterprise-Cluster,unified-cluster-service,54.5,45.0,320.0,113369.8,179,300,629832,33.7
2014-02-17 22:17:00,AWS-Enterprise-Cluster,unified-cluster-service,70.8,45.0,1095.0,1458108.0,180,1860,8100600,34.0
2014-02-17 22:22:00,AWS-Enterprise-Cluster,unified-cluster-service,60.3,45.0,320.0,113472.0,179,120,630400,33.8
2014-02-17 22:27:00,AWS-Enterprise-Cluster,unified-cluster-service,58.2,45.0,320.0,1461195.0,180,660,8117750,34.1
2014-02-17 22:32:00,AWS-Enterprise-Cluster,unified-cluster-service,66.0,45.0,320.0,109181.7,179,60,606565,33.7
2014-02-17 22:37:00,AWS-Enterprise-Cluster,unified-cluster-service,54.7,45.0,3270.0,116418.2,185,7080,646767,35.6
2014-02-17 22:42:00,AWS-Enterprise-Cluster,unified-cluster-service,69.4,45.0,2370.0,103958.1,181,4920,577545,34.4
2014-02-17 22:47:00,AWS-Enterprise-Cluster,unified-cluster-service,61.3,45.0,2145.0,117537.3,180,4380,652985,34.1
2014-02-17 22:52:00,AWS-Enterprise-Cluster,unified-cluster-service,60.9,45.0,320.0,106033.9,179,960,589077,33.8
2014-02-17 22:57:00,AWS-Enterprise-Cluster,unified-cluster-service,68.4,45.0,2570.0,112176.4,180,5400,623202,34.0
2014-02-17 23:02:00,AWS-Enterprise-Cluster,unified-cluster-service,63.0,45.0,320.0,115510.0,178,480,641722,33.4
2014-02-17 23:07:00,AWS-Enterprise-Cluster,unified-cluster-service,65.1,45.0,320.0,107337.6,181,420,596320,34.3
2014-02-17 23:12:00,AWS-Enterprise-Cluster,unified-cluster-service,62.1,45.0,320.0,118011.6,178,1080,655620,33.4
2014-02-17 23:17:00,AWS-Enterprise-Cluster,unified-cluster-service,55.7,45.0,320.0,1458220.5,180,420,8101225,34.0
2014-02-17 23:22:00,AWS-Enterprise-Cluster,unified-cluster-service,72.6,45.0,1220.0,113077.3,179,2160,628207,33.8
2014-02-17 23:27:00,AWS-Enterprise-Cluster,unified-cluster-service,61.8,45.0,1195.0,1452294.0,185,2100,8068300,35.6
2014-02-17 23:32:00,AWS-Enterprise-Cluster,unified-cluster-service,57.4,45.0,1270.0,115223.4,181,2280,640130,34.4
2014-02-17 23:37:00,AWS-Enterprise-Cluster,unified-cluster-service,66.2,45.0,2770.0,101981.7,181,5880,566565,34.4
2014-02-17 23:42:00,AWS-Enterprise-Cluster,unified-cluster-service,61.9,45.0,3845.0,115271.1,179,8460,640395,33.7
2014-02-17 23:47:00,AWS-Enterprise-Cluster,unified-cluster-service,59.3,45.0,1645.0,109184.8,181,3180,606582,34.4
2014-02-17 23:52:00,AWS-Enterprise-Cluster,unified-cluster-service,62.9,45.0,1745.0,109672.7,180,3420,609292,34.3
2014-02-17 23:57:00,AWS-Enterprise-Cluster,unified-cluster-service,56.9,45.0,1170.0,113022.9,180,2040,627905,34.1
2014-02-18 00:02:00,AWS-Enterprise-Cluster,unified-cluster-service,73.0,45.0,2245.0,108394.6,183,4620,602192,35.0
2014-02-18 00:07:00,AWS-Enterprise-Cluster,unified-cluster-service,62.9,45.0,1695.0,117461.2,185,3300,652562,35.6
2014-02-18 00:12:00,AWS-Enterprise-Cluster,unified-cluster-service,58.4,45.0,320.0,110546.1,180,720,614145,34.1
2014-02-18 00:17:00,AWS-Enterprise-Cluster,unified-cluster-service,65.9,45.0,320.0,1463445.0,180,720,8130250,34.0
2014-02-18 00:22:00,AWS-Enterprise-Cluster,unified-cluster-service,62.9,45.0,1695.0,106228.4,179,3300,590157,33.8
2014-02-18 00:27:00,AWS-Enterprise-Cluster,unified-cluster-service,59.7,45.0,320.0,1457640.0,181,660,8098000,34.4
2014-02-18 00:32:00,AWS-Enterprise-Cluster,unified-cluster-service,64.5,45.0,320.0,106932.6,179,660,594070,33.7
2014-02-18 00:37:00,AWS-Enterprise-Cluster,unified-cluster-service,54.6,45.0,1295.0,116908.2,180,2340,649490,34.1
2014-02-18 00:42:00,AWS-Enterprise-Cluster,unified-cluster-service,70.7,45.0,320.0,113092.2,179,420,628290,33.7
2014-02-18 00:47:00,AWS-Enterprise-Cluster,unified-cluster-service,62.6,45.0,1595.0,109293.8,180,3060,607187,34.1
2014-02-18 00:52:00,AWS-Enterprise-Cluster,unified-cluster-service,59.3,45.0,320.0,114514.6,180,720,636192,34.1
2014-02-18 00:57:00,AWS-Enterprise-Cluster,unified-cluster-service,68.8,45.0,320.0,111771.9,180,1020,620955,34.1
2014-02-18 01:02:00,AWS-Enterprise-Cluster,unified-cluster-service,61.4,45.0,4245.0,110936.2,180,9420,616312,34.1
2014-02-18 01:07:00,AWS-Enterprise-Cluster,unified-cluster-service,63.3,45.0,2145.0,108003.2,189,4380,600017,36.8
2014-02-18 01:12:00,AWS-Enterprise-Cluster,unified-cluster-service,66.5,45.0,320.0,121481.6,179,1080,674897,33.8
2014-02-18 01:17:00,AWS-Enterprise-Cluster,unified-cluster-service,54.8,45.0,320.0,1455205.5,180,300,8084475,34.0
2014-02-18 01:22:00,AWS-Enterprise-Cluster,unified-cluster-service,71.0,45.0,1895.0,115631.1,182,3780,642395,34.7
2014-02-18 01:27:00,AWS-Enterprise-Cluster,unified-cluster-service,61.2,45.0,1420.0,1449877.5,177,2640,8054875,33.1
2014-02-18 01:32:00,AWS-Enterprise-Cluster,unified-cluster-service,57.2,45.0,2245.0,114982.2,180,4620,638790,34.1
2014-02-18 01:37:00,AWS-Enterprise-Cluster,unified-cluster-service,66.1,45.0,1295.0,108456.3,180,2340,602535,34.0
2014-02-18 01:42:00,AWS-Enterprise-Cluster,unified-cluster-service,39.6,45.0,320.0,109832.4,179,660,610180,33.8
2014-02-18 01:47:00,AWS-Enterprise-Cluster,unified-cluster-service,70.0,45.0,1620.0,115821.0,179,3120,643450,33.7
2014-02-18 01:52:00,AWS-Enterprise-Cluster,unified-cluster-service,61.4,45.0,1895.0,109972.3,179,3780,610957,33.8
2014-02-18 01:57:00,AWS-Enterprise-Cluster,unified-cluster-service,60.6,45.0,320.0,115860.2,181,480,643667,34.3
2014-02-18 02:02:00,AWS-Enterprise-Cluster,unified-cluster-service,67.1,45.0,2495.0,111294.0,179,5220,618300,33.8
2014-02-18 02:07:00,AWS-Enterprise-Cluster,unified-cluster-service,64.4,45.0,2120.0,113901.8,181,4320,632787,34.4
2014-02-18 02:12:00,AWS-Enterprise-Cluster,unified-cluster-service,61.7,45.0,320.0,111494.7,180,1800,619415,34.0
2014-02-18 02:17:00,AWS-Enterprise-Cluster,unified-cluster-service,62.9,45.0,320.0,1456618.5,188,420,8092325,36.6
2014-02-18 02:22:00,AWS-Enterprise-Cluster,unified-cluster-service,55.4,45.0,320.0,108115.2,182,540,600640,34.7
2014-02-18 02:27:00,AWS-Enterprise-Cluster,unified-cluster-service,73.6,45.0,320.0,1465038.0,181,960,8139100,34.4
2014-02-18 02:32:00,AWS-Enterprise-Cluster,unified-cluster-service,67.5,45.0,320.0,112902.7,179,480,627237,33.7
2014-02-18 02:37:00,AWS-Enterprise-Cluster,unified-cluster-service,59.2,45.0,320.0,101889.0,181,720,566050,34.4
2014-02-18 02:42:00,AWS-Enterprise-Cluster,unified-cluster-service,66.2,45.0,2745.0,120380.0,180,5820,668777,34.1
2014-02-18 02:47:00,AWS-Enterprise-Cluster,unified-cluster-service,61.8,45.0,320.0,106883.1,180,720,593795,34.1
2014-02-18 02:52:00,AWS-Enterprise-Cluster,unified-cluster-service,60.5,45.0,1570.0,112388.9,180,3000,624382,34.0
2014-02-18 02:57:00,AWS-Enterprise-Cluster,unified-cluster-service,67.3,45.0,320.0,114955.7,186,480,638642,36.0
2014-02-18 03:02:00,AWS-Enterprise-Cluster,unified-cluster-service,54.4,45.0,1745.0,111018.2,183,3420,616767,35.0
2014-02-18 03:07:00,AWS-Enterprise-Cluster,unified-cluster-service,74.2,45.0,1895.0,107191.4,180,3780,595507,34.1
2014-02-18 03:12:00,AWS-Enterprise-Cluster,unified-cluster-service,61.0,45.0,320.0,119730.6,180,540,665170,34.1
2014-02-18 03:17:00,AWS-Enterprise-Cluster,unified-cluster-service,57.0,45.0,1270.0,1450849.5,180,2280,8060275,34.1
2014-02-18 03:22:00,AWS-Enterprise-Cluster,unified-cluster-service,68.0,45.0,320.0,129895.2,180,780,721640,34.1
2014-02-18 03:27:00,AWS-Enterprise-Cluster,unified-cluster-service,63.1,45.0,320.0,1449747.0,180,480,8054150,34.1
2014-02-18 03:32:00,AWS-Enterprise-Cluster,unified-cluster-service,62.1,45.0,1420.0,113673.2,179,2640,631517,33.8
2014-02-18 03:37:00,AWS-Enterprise-Cluster,unified-cluster-service,63.9,45.0,320.0,108345.2,180,540,601917,34.1
2014-02-18 03:42:00,AWS-Enterprise-Cluster,unified-cluster-service,54.3,45.0,3495.0,106899.3,179,7620,593885,33.7
2014-02-18 03:47:00,AWS-Enterprise-Cluster,unified-cluster-service,69.4,45.0,320.0,117128.2,180,600,650712,34.1
2014-02-18 03:52:00,AWS-Enterprise-Cluster,unified-cluster-service,59.8,45.0,1545.0,107540.6,180,2940,597447,34.0
2014-02-18 03:57:00,AWS-Enterprise-Cluster,unified-cluster-service,59.7,45.0,1170.0,116392.0,179,2040,646622,33.8
2014-02-18 04:02:00,AWS-Enterprise-Cluster,unified-cluster-service,66.8,45.0,320.0,103465.4,180,540,574807,34.1
2014-02-18 04:07:00,AWS-Enterprise-Cluster,unified-cluster-service,63.6,45.0,320.0,113987.7,180,540,633265,34.0
2014-02-18 04:12:00,AWS-Enterprise-Cluster,unified-cluster-service,60.0,45.0,2195.0,114388.2,179,4500,635490,33.8
2014-02-18 04:17:00,AWS-Enterprise-Cluster,unified-cluster-service,63.3,45.0,1920.0,1462639.5,180,3840,8125775,34.0
2014-02-18 04:22:00,AWS-Enterprise-Cluster,unified-cluster-service,55.9,45.0,4470.0,110532.6,179,9960,614070,33.8
2014-02-18 04:27:00,AWS-Enterprise-Cluster,unified-cluster-service,70.1,45.0,1595.0,1452852.0,180,3060,8071400,34.1
2014-02-18 04:32:00,AWS-Enterprise-Cluster,unified-cluster-service,62.8,45.0,320.0,116242.2,179,540,645790,33.7
2014-02-18 04:37:00,AWS-Enterprise-Cluster,unified-cluster-service,55.9,45.0,320.0,107247.6,180,780,595820,34.1
2014-02-18 04:42:00,AWS-Enterprise-Cluster,unified-cluster-service,68.1,45.0,4645.0,113998.5,180,10380,633325,34.0
2014-02-18 04:47:00,AWS-Enterprise-Cluster,unified-cluster-service,61.7,45.0,5620.0,107383.9,180,12720,596577,34.1
2014-02-18 04:52:00,AWS-Enterprise-Cluster,unified-cluster-service,60.6,45.0,2420.0,112613.9,180,5040,625632,34.0
2014-02-18 04:57:00,AWS-Enterprise-Cluster,unified-cluster-service,66.0,45.0,320.0,108328.5,180,1200,601825,34.1
2014-02-18 05:02:00,AWS-Enterprise-Cluster,unified-cluster-service,54.7,45.0,1245.0,115794.0,179,2220,643300,33.7
2014-02-18 05:07:00,AWS-Enterprise-Cluster,unified-cluster-service,72.2,45.0,5570.0,109696.9,182,12600,609427,34.7
2014-02-18 05:12:00,AWS-Enterprise-Cluster,unified-cluster-service,62.7,45.0,2020.0,123943.9,180,4080,688577,34.1
2014-02-18 05:17:00,AWS-Enterprise-Cluster,unified-cluster-service,56.5,45.0,3720.0,1458828.0,180,8160,8104600,34.1
2014-02-18 05:22:00,AWS-Enterprise-Cluster,unified-cluster-service,68.3,45.0,5220.0,113634.4,185,11760,631302,35.6
2014-02-18 05:27:00,AWS-Enterprise-Cluster,unified-cluster-service,63.1,45.0,320.0,1461280.5,178,720,8118225,33.4
2014-02-18 05:32:00,AWS-Enterprise-Cluster,unified-cluster-service,60.8,45.0,320.0,103577.4,180,1440,575430,34.1
2014-02-18 05:37:00,AWS-Enterprise-Cluster,unified-cluster-service,64.0,45.0,2045.0,115852.0,181,4140,643622,34.4
2014-02-18 05:42:00,AWS-Enterprise-Cluster,unified-cluster-service,56.7,45.0,320.0,111515.4,182,1260,619530,34.7
2014-02-18 05:47:00,AWS-Enterprise-Cluster,unified-cluster-service,69.8,45.0,320.0,116667.0,177,600,648150,33.1
2014-02-18 05:52:00,AWS-Enterprise-Cluster,unified-cluster-service,60.2,45.0,320.0,108720.9,182,960,604005,34.7
2014-02-18 05:57:00,AWS-Enterprise-Cluster,unified-cluster-service,60.7,45.0,3595.0,112884.3,180,7860,627135,34.1
2014-02-18 06:02:00,AWS-Enterprise-Cluster,unified-cluster-service,66.9,45.0,320.0,108879.8,180,720,604887,34.1
2014-02-18 06:07:00,AWS-Enterprise-Cluster,unified-cluster-service,65.1,45.0,320.0,117886.9,181,660,654927,34.3
2014-02-18 06:12:00,AWS-Enterprise-Cluster,unified-cluster-service,61.4,45.0,320.0,115373.7,179,1260,640965,33.8
2014-02-18 06:17:00,AWS-Enterprise-Cluster,unified-cluster-service,64.6,45.0,4795.0,1454049.0,180,10740,8078050,34.1
2014-02-18 06:22:00,AWS-Enterprise-Cluster,unified-cluster-service,55.0,45.0,1245.0,122909.4,181,2220,682830,34.3
2014-02-18 06:27:00,AWS-Enterprise-Cluster,unified-cluster-service,70.8,45.0,320.0,1459071.0,180,480,8105950,34.1
2014-02-18 06:32:00,AWS-Enterprise-Cluster,unified-cluster-service,61.5,45.0,320.0,115994.2,179,1560,644412,33.8
2014-02-18 06:37:00,AWS-Enterprise-Cluster,unified-cluster-service,56.6,45.0,1570.0,114267.6,180,3000,634820,34.1
2014-02-18 06:42:00,AWS-Enterprise-Cluster,unified-cluster-service,66.2,45.0,1920.0,122221.8,179,3840,679010,33.7
2014-02-18 06:47:00,AWS-Enterprise-Cluster,unified-cluster-service,63.4,45.0,320.0,110739.1,180,720,615217,34.1
2014-02-18 06:52:00,AWS-Enterprise-Cluster,unified-cluster-service,60.0,45.0,3345.0,120798.4,181,7260,671102,34.4
2014-02-18 06:57:00,AWS-Enterprise-Cluster,unified-cluster-service,66.7,45.0,1295.0,110529.9,180,2340,614055,34.0
2014-02-18 07:02:00,AWS-Enterprise-Cluster,unified-cluster-service,54.2,45.0,3645.0,117952.2,179,7980,655290,33.7
2014-02-18 07:07:00,AWS-Enterprise-Cluster,unified-cluster-service,72.1,45.0,5320.0,103636.4,182,12000,575757,34.7
2014-02-18 07:12:00,AWS-Enterprise-Cluster,unified-cluster-service,61.2,45.0,3645.0,110630.2,179,7980,614612,33.7
2014-02-18 07:17:00,AWS-Enterprise-Cluster,unified-cluster-service,56.6,45.0,4095.0,1463499.0,180,9060,8130550,34.1
2014-02-18 07:22:00,AWS-Enterprise-Cluster,unified-cluster-service,65.4,45.0,320.0,108907.2,179,1740,605040,33.7
2014-02-18 07:27:00,AWS-Enterprise-Cluster,unified-cluster-service,62.0,45.0,5395.0,1467832.5,180,12180,8154625,34.1
2014-02-18 07:32:00,AWS-Enterprise-Cluster,unified-cluster-service,61.7,45.0,2795.0,114755.9,179,5940,637532,33.7
2014-02-18 07:37:00,AWS-Enterprise-Cluster,unified-cluster-service,62.8,45.0,320.0,113555.7,182,1080,630865,34.7
2014-02-18 07:42:00,AWS-Enterprise-Cluster,unified-cluster-service,55.8,45.0,1970.0,112033.4,180,3960,622407,34.1
2014-02-18 07:47:00,AWS-Enterprise-Cluster,unified-cluster-service,71.0,45.0,1320.0,117188.1,180,2400,651045,34.0
2014-02-18 07:52:00,AWS-Enterprise-Cluster,unified-cluster-service,61.3,45.0,2370.0,109508.0,184,4920,608377,35.4
2014-02-18 07:57:00,AWS-Enterprise-Cluster,unified-cluster-service,59.9,45.0,320.0,122109.8,183,540,678387,35.0
2014-02-18 08:02:00,AWS-Enterprise-Cluster,unified-cluster-service,67.3,45.0,1970.0,113082.3,180,3960,628235,34.1
2014-02-18 08:07:00,AWS-Enterprise-Cluster,unified-cluster-service,63.9,45.0,320.0,102023.1,181,660,566795,34.4
2014-02-18 08:12:00,AWS-Enterprise-Cluster,unified-cluster-service,58.6,45.0,2495.0,120796.6,182,5220,671092,34.7
2014-02-18 08:17:00,AWS-Enterprise-Cluster,unified-cluster-service,64.2,45.0,1745.0,1454859.0,180,3420,8082550,34.1
2014-02-18 08:22:00,AWS-Enterprise-Cluster,unified-cluster-service,54.9,45.0,320.0,115214.4,179,720,640080,33.7
2014-02-18 08:27:00,AWS-Enterprise-Cluster,unified-cluster-service,70.2,45.0,1820.0,1464948.0,181,3600,8138600,34.4
2014-02-18 08:32:00,AWS-Enterprise-Cluster,unified-cluster-service,61.1,45.0,1895.0,117008.1,179,3780,650045,33.8
2014-02-18 08:37:00,AWS-Enterprise-Cluster,unified-cluster-service,56.6,45.0,3420.0,107838.9,180,7440,599105,34.0
2014-02-18 08:42:00,AWS-Enterprise-Cluster,unified-cluster-service,67.5,45.0,2895.0,117939.6,180,6180,655220,34.1
2014-02-18 08:47:00,AWS-Enterprise-Cluster,unified-cluster-service,61.1,45.0,2120.0,113312.7,180,4320,629515,34.0
2014-02-18 08:52:00,AWS-Enterprise-Cluster,unified-cluster-service,59.8,45.0,5020.0,111824.1,180,11280,621245,34.1
2014-02-18 08:57:00,AWS-Enterprise-Cluster,unified-cluster-service,68.1,45.0,3145.0,114861.6,180,6780,638120,34.1
2014-02-18 09:02:00,AWS-Enterprise-Cluster,unified-cluster-service,39.8,45.0,2445.0,111689.1,178,5100,620495,33.4
2014-02-18 09:07:00,AWS-Enterprise-Cluster,unified-cluster-service,71.7,45.0,1745.0,112748.9,181,3420,626382,34.4
2014-02-18 09:12:00,AWS-Enterprise-Cluster,unified-cluster-service,62.0,45.0,2070.0,110269.8,179,4200,612610,33.7
2014-02-18 09:17:00,AWS-Enterprise-Cluster,unified-cluster-service,55.8,45.0,320.0,1465848.0,180,540,8143600,34.1
2014-02-18 09:22:00,AWS-Enterprise-Cluster,unified-cluster-service,70.5,45.0,320.0,113824.3,182,1020,632357,34.7
2014-02-18 09:27:00,AWS-Enterprise-Cluster,unified-cluster-service,60.7,45.0,2670.0,1460691.0,180,5640,8114950,34.1
2014-02-18 09:32:00,AWS-Enterprise-Cluster,unified-cluster-service,58.5,45.0,320.0,104934.1,178,600,582967,33.4
2014-02-18 09:37:00,AWS-Enterprise-Cluster,unified-cluster-service,66.3,45.0,1345.0,115008.3,180,2460,638935,34.1
2014-02-18 09:42:00,AWS-Enterprise-Cluster,unified-cluster-service,61.3,45.0,1495.0,115489.3,179,2820,641607,33.7
2014-02-18 09:47:00,AWS-Enterprise-Cluster,unified-cluster-service,59.1,45.0,4695.0,111472.7,180,10500,619292,34.1
2014-02-18 09:52:00,AWS-Enterprise-Cluster,unified-cluster-service,65.8,45.0,2245.0,110208.2,180,4620,612267,34.1
2014-02-18 09:57:00,AWS-Enterprise-Cluster,unified-cluster-service,57.2,45.0,320.0,111207.6,179,660,617820,33.8
2014-02-18 10:02:00,AWS-Enterprise-Cluster,unified-cluster-service,71.7,45.0,2245.0,111420.0,182,4620,619000,34.7
2014-02-18 10:07:00,AWS-Enterprise-Cluster,unified-cluster-service,63.3,45.0,320.0,111670.2,183,1380,620390,35.0
2014-02-18 10:12:00,AWS-Enterprise-Cluster,unified-cluster-service,59.6,45.0,320.0,119317.5,179,480,662875,33.7
2014-02-18 10:17:00,AWS-Enterprise-Cluster,unified-cluster-service,65.4,45.0,320.0,1454944.5,180,840,8083025,34.1
2014-02-18 10:22:00,AWS-Enterprise-Cluster,unified-cluster-service,55.3,45.0,2220.0,119401.2,179,4560,663340,33.8
2014-02-18 10:27:00,AWS-Enterprise-Cluster,unified-cluster-service,72.2,45.0,2920.0,1453585.5,179,6240,8075475,33.8
2014-02-18 10:32:00,AWS-Enterprise-Cluster,unified-cluster-service,61.4,45.0,2820.0,113568.8,179,6000,630937,33.8
2014-02-18 10:37:00,AWS-Enterprise-Cluster,unified-cluster-service,58.2,45.0,2770.0,109445.0,179,5880,608027,33.8
2014-02-18 10:42:00,AWS-Enterprise-Cluster,unified-cluster-service,66.9,45.0,320.0,113125.5,178,900,628475,33.4
2014-02-18 10:47:00,AWS-Enterprise-Cluster,unified-cluster-service,54.7,45.0,1920.0,110503.4,180,3840,613907,34.0
2014-02-18 10:52:00,AWS-Enterprise-Cluster,unified-cluster-service,71.3,45.0,2570.0,102709.8,180,5400,570610,34.0
2014-02-18 10:57:00,AWS-Enterprise-Cluster,unified-cluster-service,64.4,45.0,1670.0,114455.2,181,3240,635862,34.4
2014-02-18 11:02:00,AWS-Enterprise-Cluster,unified-cluster-service,57.2,45.0,2145.0,108140.0,179,4380,600777,33.8
2014-02-18 11:07:00,AWS-Enterprise-Cluster,unified-cluster-service,69.6,45.0,3220.0,116737.7,179,6960,648542,33.8
2014-02-18 11:12:00,AWS-Enterprise-Cluster,unified-cluster-service,64.4,45.0,1745.0,112279.5,179,3420,623775,33.7
2014-02-18 11:17:00,AWS-Enterprise-Cluster,unified-cluster-service,59.1,45.0,320.0,1456672.5,182,840,8092625,34.7
2014-02-18 11:22:00,AWS-Enterprise-Cluster,unified-cluster-service,66.7,45.0,3970.0,1464745.5,178,8760,8137475,33.4
2014-02-18 11:27:00,AWS-Enterprise-Cluster,unified-cluster-service,55.3,45.0,2145.0,109658.2,181,4380,609212,34.4
2014-02-18 11:32:00,AWS-Enterprise-Cluster,unified-cluster-service,71.8,45.0,1720.0,104557.5,180,3360,580875,34.1
2014-02-18 11:37:00,AWS-Enterprise-Cluster,unified-cluster-service,61.6,45.0,1195.0,114730.7,181,2100,637392,34.3
2014-02-18 11:42:00,AWS-Enterprise-Cluster,unified-cluster-service,58.6,45.0,1745.0,111161.2,180,3420,617562,34.1
2014-02-18 11:47:00,AWS-Enterprise-Cluster,unified-cluster-service,66.8,45.0,320.0,114400.8,181,240,635560,34.4
2014-02-18 11:52:00,AWS-Enterprise-Cluster,unified-cluster-service,59.8,45.0,2045.0,116400.2,181,4140,646667,34.4
2014-02-18 11:57:00,AWS-Enterprise-Cluster,unified-cluster-service,61.8,45.0,2995.0,112470.3,181,6420,624835,34.3
2014-02-18 12:02:00,AWS-Enterprise-Cluster,unified-cluster-service,66.4,45.0,3170.0,113648.4,179,6840,631380,33.8
2014-02-18 12:07:00,AWS-Enterprise-Cluster,unified-cluster-service,65.6,45.0,2270.0,115989.8,183,4680,644387,35.0
2014-02-18 12:12:00,AWS-Enterprise-Cluster,unified-cluster-service,61.1,45.0,1270.0,1455327.0,181,2280,8085150,34.4
2014-02-18 12:17:00,AWS-Enterprise-Cluster,unified-cluster-service,62.7,45.0,320.0,109523.7,180,960,608465,34.0
2014-02-18 12:22:00,AWS-Enterprise-Cluster,unified-cluster-service,55.0,45.0,320.0,1457482.5,181,960,8097125,34.4
2014-02-18 12:27:00,AWS-Enterprise-Cluster,unified-cluster-service,70.5,45.0,3470.0,114385.9,180,7560,635477,34.0
2014-02-18 12:32:00,AWS-Enterprise-Cluster,unified-cluster-service,59.9,45.0,320.0,110361.6,179,360,613120,33.7
2014-02-18 12:37:00,AWS-Enterprise-Cluster,unified-cluster-service,58.7,45.0,1595.0,112026.1,181,3060,622367,34.4
2014-02-18 12:42:00,AWS-Enterprise-Cluster,unified-cluster-service,64.4,45.0,320.0,111133.4,179,240,617407,33.8
2014-02-18 12:47:00,AWS-Enterprise-Cluster,unified-cluster-service,55.1,45.0,2870.0,105368.0,179,6120,585377,33.8
2014-02-18 12:52:00,AWS-Enterprise-Cluster,unified-cluster-service,71.9,45.0,320.0,114886.8,181,540,638260,34.4
2014-02-18 12:57:00,AWS-Enterprise-Cluster,unified-cluster-service,62.9,45.0,320.0,110027.7,183,480,611265,35.0
2014-02-18 13:02:00,AWS-Enterprise-Cluster,unified-cluster-service,59.6,45.0,320.0,115116.3,180,1260,639535,34.1
2014-02-18 13:07:00,AWS-Enterprise-Cluster,unified-cluster-service,68.9,45.0,1820.0,108381.1,181,3600,602117,34.4
2014-02-18 13:12:00,AWS-Enterprise-Cluster,unified-cluster-service,56.0,45.0,3320.0,1494130.5,179,7200,8300725,33.7
2014-02-18 13:17:00,AWS-Enterprise-Cluster,unified-cluster-service,70.2,45.0,5820.0,115070.4,180,13200,639280,34.1
2014-02-18 13:22:00,AWS-Enterprise-Cluster,unified-cluster-service,63.1,45.0,1720.0,1466752.5,179,3360,8148625,33.7
2014-02-18 13:27:00,AWS-Enterprise-Cluster,unified-cluster-service,57.5,45.0,320.0,111041.6,180,780,616897,34.1
2014-02-18 13:32:00,AWS-Enterprise-Cluster,unified-cluster-service,66.1,45.0,1095.0,105800.0,178,1860,587777,33.4
2014-02-18 13:37:00,AWS-Enterprise-Cluster,unified-cluster-service,63.2,45.0,1970.0,122233.1,180,3960,679072,34.0
2014-02-18 13:42:00,AWS-Enterprise-Cluster,unified-cluster-service,60.7,45.0,1870.0,108784.8,180,3720,604360,34.1
2014-02-18 13:47:00,AWS-Enterprise-Cluster,unified-cluster-service,64.6,45.0,1970.0,113967.5,180,3960,633152,34.1
2014-02-18 13:52:00,AWS-Enterprise-Cluster,unified-cluster-service,55.1,45.0,320.0,114282.0,179,300,634900,33.8
2014-02-18 13:57:00,AWS-Enterprise-Cluster,unified-cluster-service,72.9,45.0,320.0,112582.8,182,180,625460,34.7
2014-02-18 14:02:00,AWS-Enterprise-Cluster,unified-cluster-service,64.2,45.0,320.0,105787.8,180,1080,587710,34.0
2014-02-18 14:07:00,AWS-Enterprise-Cluster,unified-cluster-service,60.1,45.0,320.0,122276.7,182,240,679315,34.6
2014-02-18 14:12:00,AWS-Enterprise-Cluster,unified-cluster-service,67.3,45.0,320.0,1456956.0,179,420,8094200,33.8
2014-02-18 14:17:00,AWS-Enterprise-Cluster,unified-cluster-service,61.5,45.0,320.0,113562.9,181,420,630905,34.4
2014-02-18 14:22:00,AWS-Enterprise-Cluster,unified-cluster-service,59.3,45.0,320.0,1459489.5,180,420,8108275,34.1
2014-02-18 14:27:00,AWS-Enterprise-Cluster,unified-cluster-service,66.6,45.0,320.0,111321.0,181,300,618450,34.3
2014-02-18 14:32:00,AWS-Enterprise-Cluster,unified-cluster-service,56.0,45.0,2545.0,114046.2,180,5340,633590,34.1
2014-02-18 14:37:00,AWS-Enterprise-Cluster,unified-cluster-service,70.1,45.0,320.0,112434.3,181,1020,624635,34.4
2014-02-18 14:42:00,AWS-Enterprise-Cluster,unified-cluster-service,63.3,45.0,2370.0,116327.3,180,4920,646262,34.1
2014-02-18 14:47:00,AWS-Enterprise-Cluster,unified-cluster-service,57.4,45.0,2420.0,105727.0,181,5040,587372,34.4
2014-02-18 14:52:00,AWS-Enterprise-Cluster,unified-cluster-service,67.9,45.0,1920.0,114156.4,182,3840,634202,34.7
2014-02-18 14:57:00,AWS-Enterprise-Cluster,unified-cluster-service,65.8,45.0,1895.0,108726.3,177,3780,604035,33.4
2014-02-18 15:02:00,AWS-Enterprise-Cluster,unified-cluster-service,58.2,45.0,1520.0,112982.4,179,2880,627680,33.8
2014-02-18 15:07:00,AWS-Enterprise-Cluster,unified-cluster-service,69.7,45.0,1170.0,112170.2,181,2040,623167,34.3
2014-02-18 15:12:00,AWS-Enterprise-Cluster,unified-cluster-service,62.9,45.0,1345.0,1462171.5,179,2460,8123175,33.8
2014-02-18 15:17:00,AWS-Enterprise-Cluster,unified-cluster-service,61.3,45.0,320.0,118206.4,184,420,656702,35.3
2014-02-18 15:22:00,AWS-Enterprise-Cluster,unified-cluster-service,64.4,45.0,4195.0,1459332.0,180,9300,8107400,34.1
2014-02-18 15:27:00,AWS-Enterprise-Cluster,unified-cluster-service,55.3,45.0,1970.0,114075.5,180,3960,633752,34.0
2014-02-18 15:32:00,AWS-Enterprise-Cluster,unified-cluster-service,70.6,45.0,320.0,108453.2,179,840,602517,33.8
2014-02-18 15:37:00,AWS-Enterprise-Cluster,unified-cluster-service,62.0,45.0,320.0,114398.1,180,480,635545,34.1
2014-02-18 15:42:00,AWS-Enterprise-Cluster,unified-cluster-service,58.5,45.0,1745.0,108669.6,180,3420,603720,34.1
2014-02-18 15:47:00,AWS-Enterprise-Cluster,unified-cluster-service,64.4,45.0,2945.0,117410.9,179,6300,652282,33.8
2014-02-18 15:52:00,AWS-Enterprise-Cluster,unified-cluster-service,62.4,45.0,1095.0,110346.8,180,1860,613037,34.1
2014-02-18 15:57:00,AWS-Enterprise-Cluster,unified-cluster-service,64.4,45.0,320.0,113121.0,180,720,628450,34.1
2014-02-18 16:02:00,AWS-Enterprise-Cluster,unified-cluster-service,65.8,45.0,320.0,108151.2,179,660,600840,33.7
2014-02-18 16:07:00,AWS-Enterprise-Cluster,unified-cluster-service,59.1,45.0,1795.0,113256.4,180,3540,629202,34.1
2014-02-18 16:12:00,AWS-Enterprise-Cluster,unified-cluster-service,70.7,45.0,1795.0,1456717.5,179,3540,8092875,33.8
2014-02-18 16:17:00,AWS-Enterprise-Cluster,unified-cluster-service,62.2,45.0,320.0,123448.5,184,960,685825,35.3
2014-02-18 16:22:00,AWS-Enterprise-Cluster,unified-cluster-service,56.5,45.0,320.0,1450183.5,178,420,8056575,33.4
2014-02-18 16:27:00,AWS-Enterprise-Cluster,unified-cluster-service,67.8,45.0,3845.0,109637.1,182,8460,609095,34.7
2014-02-18 16:32:00,AWS-Enterprise-Cluster,unified-cluster-service,62.8,45.0,1945.0,115147.8,180,3900,639710,34.0
2014-02-18 16:37:00,AWS-Enterprise-Cluster,unified-cluster-service,59.9,45.0,320.0,109457.5,181,720,608097,34.5
2014-02-18 16:42:00,AWS-Enterprise-Cluster,unified-cluster-service,67.6,45.0,320.0,116224.6,182,360,645692,34.7
2014-02-18 16:47:00,AWS-Enterprise-Cluster,unified-cluster-service,54.9,45.0,2445.0,108431.6,178,5100,602397,33.4
2014-02-18 16:52:00,AWS-Enterprise-Cluster,unified-cluster-service,70.4,45.0,320.0,119885.9,180,420,666032,34.1
2014-02-18 16:57:00,AWS-Enterprise-Cluster,unified-cluster-service,63.1,45.0,2520.0,101953.8,180,5280,566410,34.1
2014-02-18 17:02:00,AWS-Enterprise-Cluster,unified-cluster-service,58.0,45.0,320.0,116074.3,181,540,644857,34.4
2014-02-18 17:07:00,AWS-Enterprise-Cluster,unified-cluster-service,69.7,45.0,320.0,108466.2,180,960,602590,34.1
2014-02-18 17:12:00,AWS-Enterprise-Cluster,unified-cluster-service,63.4,45.0,320.0,1452699.0,181,360,8070550,34.4
2014-02-18 17:17:00,AWS-Enterprise-Cluster,unified-cluster-service,60.4,45.0,320.0,121726.8,183,1740,676260,35.0
2014-02-18 17:22:00,AWS-Enterprise-Cluster,unified-cluster-service,64.5,45.0,2820.0,1456236.0,180,6000,8090200,34.1
2014-02-18 17:27:00,AWS-Enterprise-Cluster,unified-cluster-service,55.2,45.0,1120.0,112358.7,179,1920,624215,33.8
2014-02-18 17:32:00,AWS-Enterprise-Cluster,unified-cluster-service,71.1,45.0,1795.0,105194.2,180,3540,584412,34.1
2014-02-18 17:37:00,AWS-Enterprise-Cluster,unified-cluster-service,63.9,45.0,320.0,111040.7,182,360,616892,34.7
2014-02-18 17:42:00,AWS-Enterprise-Cluster,unified-cluster-service,59.1,45.0,320.0,1452672.0,180,1080,8070400,34.1
2014-02-18 17:47:00,AWS-Enterprise-Cluster,unified-cluster-service,66.5,45.0,1620.0,112013.6,181,3120,622297,34.4
2014-02-18 17:52:00,AWS-Enterprise-Cluster,unified-cluster-service,56.5,45.0,4345.0,105916.1,181,9660,588422,34.3
2014-02-18 17:57:00,AWS-Enterprise-Cluster,unified-cluster-service,72.9,45.0,2945.0,116016.3,181,6300,644535,34.4
2014-02-18 18:02:00,AWS-Enterprise-Cluster,unified-cluster-service,62.8,45.0,320.0,107426.7,181,720,596815,34.4
2014-02-18 18:07:00,AWS-Enterprise-Cluster,unified-cluster-service,58.2,45.0,1745.0,118363.1,185,3420,657572,35.6
2014-02-18 18:12:00,AWS-Enterprise-Cluster,unified-cluster-service,71.3,45.0,1645.0,1456434.0,180,3180,8091300,34.1
2014-02-18 18:17:00,AWS-Enterprise-Cluster,unified-cluster-service,62.7,45.0,1970.0,111924.0,181,3960,621800,34.4
2014-02-18 18:22:00,AWS-Enterprise-Cluster,unified-cluster-service,58.1,45.0,1370.0,1465965.0,180,2520,8144250,34.1
2014-02-18 18:27:00,AWS-Enterprise-Cluster,unified-cluster-service,66.7,45.0,320.0,104855.0,181,360,582527,34.4
2014-02-18 18:32:00,AWS-Enterprise-Cluster,unified-cluster-service,61.7,45.0,320.0,113200.2,180,420,628890,34.1
2014-02-18 18:37:00,AWS-Enterprise-Cluster,unified-cluster-service,59.8,45.0,320.0,107377.7,181,1560,596542,34.3
2014-02-18 18:42:00,AWS-Enterprise-Cluster,unified-cluster-service,65.3,45.0,320.0,117789.8,179,360,654387,33.8
2014-02-18 18:47:00,AWS-Enterprise-Cluster,unified-cluster-service,39.9,45.0,320.0,101516.8,180,720,563982,34.1
2014-02-18 18:52:00,AWS-Enterprise-Cluster,unified-cluster-service,71.3,45.0,320.0,115114.1,179,1080,639522,33.8
2014-02-18 18:57:00,AWS-Enterprise-Cluster,unified-cluster-service,64.5,45.0,320.0,109941.8,182,1500,610787,34.7
2014-02-18 19:02:00,AWS-Enterprise-Cluster,unified-cluster-service,58.2,45.0,4270.0,103885.2,180,9480,577140,34.0
2014-02-18 19:07:00,AWS-Enterprise-Cluster,unified-cluster-service,68.5,45.0,320.0,116661.1,187,420,648117,36.3
2014-02-18 19:12:00,AWS-Enterprise-Cluster,unified-cluster-service,55.4,45.0,1495.0,1460682.0,179,2820,8114900,33.7
2014-02-18 19:17:00,AWS-Enterprise-Cluster,unified-cluster-service,71.0,45.0,4520.0,117784.8,180,10080,654360,34.1
2014-02-18 19:22:00,AWS-Enterprise-Cluster,unified-cluster-service,65.4,45.0,1670.0,1456875.0,179,3240,8093750,33.8
2014-02-18 19:27:00,AWS-Enterprise-Cluster,unified-cluster-service,56.0,45.0,1745.0,111920.4,180,3420,621780,34.0
2014-02-18 19:32:00,AWS-Enterprise-Cluster,unified-cluster-service,66.5,45.0,2295.0,112644.4,179,4740,625802,33.8
2014-02-18 19:37:00,AWS-Enterprise-Cluster,unified-cluster-service,61.6,45.0,4870.0,114879.6,180,10920,638220,34.1
2014-02-18 19:42:00,AWS-Enterprise-Cluster,unified-cluster-service,62.0,45.0,1570.0,110830.0,179,3000,615722,33.7
2014-02-18 19:47:00,AWS-Enterprise-Cluster,unified-cluster-service,63.9,45.0,3320.0,114530.4,180,7200,636280,34.0
2014-02-18 19:52:00,AWS-Enterprise-Cluster,unified-cluster-service,54.8,45.0,320.0,111335.9,180,1320,618532,34.1
2014-02-18 19:57:00,AWS-Enterprise-Cluster,unified-cluster-service,75.4,45.0,2445.0,108592.7,180,5100,603292,34.0
2014-02-18 20:02:00,AWS-Enterprise-Cluster,unified-cluster-service,60.8,45.0,2570.0,118120.0,179,5400,656222,33.8
2014-02-18 20:07:00,AWS-Enterprise-Cluster,unified-cluster-service,61.3,45.0,320.0,107064.4,182,720,594802,34.7
2014-02-18 20:12:00,AWS-Enterprise-Cluster,unified-cluster-service,66.1,45.0,1145.0,1460961.0,179,1980,8116450,33.8
2014-02-18 20:17:00,AWS-Enterprise-Cluster,unified-cluster-service,63.3,45.0,1120.0,115293.2,180,1920,640517,34.1
2014-02-18 20:22:00,AWS-Enterprise-Cluster,unified-cluster-service,62.1,45.0,320.0,1456132.5,184,1260,8089625,35.3
2014-02-18 20:27:00,AWS-Enterprise-Cluster,unified-cluster-service,63.7,45.0,320.0,109857.6,182,540,610320,34.6
2014-02-18 20:32:00,AWS-Enterprise-Cluster,unified-cluster-service,55.1,45.0,3145.0,116276.8,180,6780,645982,34.1
2014-02-18 20:37:00,AWS-Enterprise-Cluster,unified-cluster-service,68.6,45.0,320.0,109877.9,180,1020,610432,34.0
2014-02-18 20:42:00,AWS-Enterprise-Cluster,unified-cluster-service,62.3,45.0,320.0,116631.0,179,300,647950,33.8
2014-02-18 20:47:00,AWS-Enterprise-Cluster,unified-cluster-service,58.1,45.0,320.0,107940.2,180,720,599667,34.1
2014-02-18 20:52:00,AWS-Enterprise-Cluster,unified-cluster-service,66.7,45.0,320.0,116086.5,179,420,644925,33.7
2014-02-18 20:57:00,AWS-Enterprise-Cluster,unified-cluster-service,67.1,45.0,320.0,111979.8,180,660,622110,34.1
2014-02-18 21:02:00,AWS-Enterprise-Cluster,unified-cluster-service,60.5,45.0,320.0,103295.7,179,480,573865,33.7
2014-02-18 21:07:00,AWS-Enterprise-Cluster,unified-cluster-service,65.7,45.0,320.0,113332.0,181,480,629622,34.4
2014-02-18 21:12:00,AWS-Enterprise-Cluster,unified-cluster-service,54.4,45.0,320.0,1457433.0,180,300,8096850,34.1
2014-02-18 21:17:00,AWS-Enterprise-Cluster,unified-cluster-service,71.7,45.0,1845.0,119142.5,180,3660,661902,34.1
2014-02-18 21:22:00,AWS-Enterprise-Cluster,unified-cluster-service,61.7,45.0,320.0,1450912.5,186,360,8060625,35.9
2014-02-18 21:27:00,AWS-Enterprise-Cluster,unified-cluster-service,58.3,45.0,320.0,118091.2,181,600,656062,34.4
2014-02-18 21:32:00,AWS-Enterprise-Cluster,unified-cluster-service,66.8,45.0,1320.0,109638.4,180,2400,609102,34.0
2014-02-18 21:37:00,AWS-Enterprise-Cluster,unified-cluster-service,54.1,45.0,3395.0,113933.7,179,7380,632965,33.7
2014-02-18 21:42:00,AWS-Enterprise-Cluster,unified-cluster-service,71.2,45.0,320.0,110306.2,179,180,612812,33.8
2014-02-18 21:47:00,AWS-Enterprise-Cluster,unified-cluster-service,60.2,45.0,320.0,109953.4,179,300,610852,33.7
2014-02-18 21:52:00,AWS-Enterprise-Cluster,unified-cluster-service,57.6,45.0,2520.0,114415.2,180,5280,635640,34.1
2014-02-18 21:57:00,AWS-Enterprise-Cluster,unified-cluster-service,69.4,45.0,2170.0,109912.5,180,4440,610625,34.1
2014-02-18 22:02:00,AWS-Enterprise-Cluster,unified-cluster-service,62.5,45.0,2420.0,116023.1,179,5040,644572,33.8
2014-02-18 22:07:00,AWS-Enterprise-Cluster,unified-cluster-service,61.8,45.0,1845.0,112482.5,184,3660,624902,35.3
2014-02-18 22:12:00,AWS-Enterprise-Cluster,unified-cluster-service,63.6,45.0,1495.0,1465164.0,183,2820,8139800,35.0
2014-02-18 22:17:00,AWS-Enterprise-Cluster,unified-cluster-service,54.7,45.0,3745.0,115462.3,180,8220,641457,34.1
2014-02-18 22:22:00,AWS-Enterprise-Cluster,unified-cluster-service,70.1,45.0,1770.0,1459534.5,180,3480,8108525,34.1
2014-02-18 22:27:00,AWS-Enterprise-Cluster,unified-cluster-service,61.2,45.0,320.0,109258.6,180,240,606992,34.1
2014-02-18 22:32:00,AWS-Enterprise-Cluster,unified-cluster-service,58.5,45.0,2295.0,120042.5,179,4740,666902,33.8
2014-02-18 22:37:00,AWS-Enterprise-Cluster,unified-cluster-service,65.0,45.0,1345.0,108024.3,181,2460,600135,34.3
2014-02-18 22:42:00,AWS-Enterprise-Cluster,unified-cluster-service,55.7,45.0,2320.0,111508.6,179,4800,619492,33.8
2014-02-18 22:47:00,AWS-Enterprise-Cluster,unified-cluster-service,70.1,45.0,2645.0,109643.4,180,5580,609130,34.0
2014-02-18 22:52:00,AWS-Enterprise-Cluster,unified-cluster-service,63.1,45.0,320.0,110754.9,183,420,615305,35.0
2014-02-18 22:57:00,AWS-Enterprise-Cluster,unified-cluster-service,60.1,45.0,320.0,117593.6,180,120,653297,34.1
2014-02-18 23:02:00,AWS-Enterprise-Cluster,unified-cluster-service,67.0,45.0,320.0,110784.6,184,540,615470,35.3
2014-02-18 23:07:00,AWS-Enterprise-Cluster,unified-cluster-service,65.3,45.0,320.0,123253.6,183,60,684742,35.0
2014-02-18 23:12:00,AWS-Enterprise-Cluster,unified-cluster-service,60.8,45.0,1270.0,1451952.0,179,2280,8066400,33.8
2014-02-18 23:17:00,AWS-Enterprise-Cluster,unified-cluster-service,63.4,45.0,1170.0,120428.6,181,2040,669047,34.3
2014-02-18 23:22:00,AWS-Enterprise-Cluster,unified-cluster-service,54.7,45.0,320.0,1450075.5,182,1200,8055975,34.7
2014-02-18 23:27:00,AWS-Enterprise-Cluster,unified-cluster-service,71.9,45.0,320.0,120280.5,180,360,668225,34.0
2014-02-18 23:32:00,AWS-Enterprise-Cluster,unified-cluster-service,62.0,45.0,1870.0,110855.7,179,3720,615865,33.8
2014-02-18 23:37:00,AWS-Enterprise-Cluster,unified-cluster-service,59.5,45.0,320.0,116448.8,181,300,646937,34.4
2014-02-18 23:42:00,AWS-Enterprise-Cluster,unified-cluster-service,66.4,45.0,320.0,111212.5,179,300,617847,33.8
2014-02-18 23:47:00,AWS-Enterprise-Cluster,unified-cluster-service,62.9,45.0,320.0,107563.5,180,420,597575,34.1
2014-02-18 23:52:00,AWS-Enterprise-Cluster,unified-cluster-service,60.6,45.0,320.0,119183.4,179,1320,662130,34.0
2014-02-18 23:57:00,AWS-Enterprise-Cluster,unified-cluster-service,65.0,45.0,320.0,110299.1,180,540,612772,34.2
2014-02-19 00:02:00,AWS-Enterprise-Cluster,unified-cluster-service,56.5,45.0,320.0,111442.5,179,480,619125,33.8
2014-02-19 00:07:00,AWS-Enterprise-Cluster,unified-cluster-service,71.7,45.0,1820.0,114847.7,181,3600,638042,34.3
2014-02-19 00:12:00,AWS-Enterprise-Cluster,unified-cluster-service,67.5,45.0,2420.0,1465533.0,185,5040,8141850,35.7
2014-02-19 00:17:00,AWS-Enterprise-Cluster,unified-cluster-service,73.7,45.0,320.0,113533.6,183,540,630742,35.0
2014-02-19 00:22:00,AWS-Enterprise-Cluster,unified-cluster-service,83.8,78.5,320.0,1464813.0,180,720,8137850,34.1
2014-02-19 00:27:00,AWS-Enterprise-Cluster,unified-cluster-service,56.8,45.0,1845.0,110343.2,181,3660,613017,34.4
2014-02-19 00:32:00,AWS-Enterprise-Cluster,unified-cluster-service,68.6,45.0,2245.0,117635.0,180,4620,653527,34.1
2014-02-19 00:37:00,AWS-Enterprise-Cluster,unified-cluster-service,60.1,45.0,1170.0,111798.9,181,2040,621105,34.4
2014-02-19 00:42:00,AWS-Enterprise-Cluster,unified-cluster-service,59.6,45.0,1395.0,105402.1,180,2580,585567,34.0
2014-02-19 00:47:00,AWS-Enterprise-Cluster,unified-cluster-service,63.7,45.0,1170.0,118312.2,181,2040,657290,34.4
2014-02-19 00:52:00,AWS-Enterprise-Cluster,unified-cluster-service,39.9,45.0,3295.0,109784.2,180,7140,609912,34.0
2014-02-19 00:57:00,AWS-Enterprise-Cluster,unified-cluster-service,73.0,45.0,1345.0,121403.7,184,2460,674465,35.3
2014-02-19 01:02:00,AWS-Enterprise-Cluster,unified-cluster-service,61.4,45.0,320.0,109540.8,176,300,608560,32.8
2014-02-19 01:07:00,AWS-Enterprise-Cluster,unified-cluster-service,59.2,45.0,320.0,114448.9,183,360,635827,35.0
2014-02-19 01:12:00,AWS-Enterprise-Cluster,unified-cluster-service,64.2,45.0,320.0,1451664.0,179,1260,8064800,33.8
2014-02-19 01:17:00,AWS-Enterprise-Cluster,unified-cluster-service,39.4,45.0,4545.0,123642.0,183,10140,686900,35.0
2014-02-19 01:22:00,AWS-Enterprise-Cluster,unified-cluster-service,68.7,45.0,320.0,1455768.0,186,1740,8087600,35.9
2014-02-19 01:27:00,AWS-Enterprise-Cluster,unified-cluster-service,59.8,45.0,1920.0,102096.9,180,3840,567205,34.1
2014-02-19 01:32:00,AWS-Enterprise-Cluster,unified-cluster-service,55.6,45.0,2645.0,123548.0,179,5580,686377,33.7
2014-02-19 01:37:00,AWS-Enterprise-Cluster,unified-cluster-service,66.4,45.0,320.0,109655.1,181,420,609195,34.5
2014-02-19 01:42:00,AWS-Enterprise-Cluster,unified-cluster-service,58.8,45.0,320.0,120934.8,179,660,671860,33.7
2014-02-19 01:47:00,AWS-Enterprise-Cluster,unified-cluster-service,59.0,45.0,1870.0,109591.6,179,3720,608842,33.8
2014-02-19 01:52:00,AWS-Enterprise-Cluster,unified-cluster-service,63.4,45.0,1670.0,122784.3,181,3240,682135,34.3
2014-02-19 01:57:00,AWS-Enterprise-Cluster,unified-cluster-service,56.1,45.0,320.0,112716.4,180,240,626202,34.1
2014-02-19 02:02:00,AWS-Enterprise-Cluster,unified-cluster-service,70.8,45.0,320.0,118361.7,179,300,657565,33.8
2014-02-19 02:07:00,AWS-Enterprise-Cluster,unified-cluster-service,61.2,45.0,320.0,111492.5,181,120,619402,34.3
2014-02-19 02:12:00,AWS-Enterprise-Cluster,unified-cluster-service,59.1,45.0,320.0,1458522.0,184,1260,8102900,35.4
2014-02-19 02:17:00,AWS-Enterprise-Cluster,unified-cluster-service,64.3,45.0,1720.0,111429.9,183,3360,619055,35.0
2014-02-19 02:22:00,AWS-Enterprise-Cluster,unified-cluster-service,54.1,45.0,320.0,1459993.5,179,1020,8111075,33.7
2014-02-19 02:27:00,AWS-Enterprise-Cluster,unified-cluster-service,68.2,45.0,320.0,114938.6,180,1080,638547,34.1
2014-02-19 02:32:00,AWS-Enterprise-Cluster,unified-cluster-service,62.8,45.0,5120.0,111622.0,179,11520,620122,33.8
2014-02-19 02:37:00,AWS-Enterprise-Cluster,unified-cluster-service,55.2,45.0,2020.0,122285.7,180,4080,679365,34.1
2014-02-19 02:42:00,AWS-Enterprise-Cluster,unified-cluster-service,69.4,45.0,320.0,110815.2,179,540,615640,33.8
2014-02-19 02:47:00,AWS-Enterprise-Cluster,unified-cluster-service,59.7,45.0,1795.0,118765.4,180,3540,659807,34.1
2014-02-19 02:52:00,AWS-Enterprise-Cluster,unified-cluster-service,58.0,45.0,1120.0,109826.1,181,1920,610145,34.4
2014-02-19 02:57:00,AWS-Enterprise-Cluster,unified-cluster-service,65.2,45.0,2295.0,118718.1,181,4740,659545,34.4
2014-02-19 03:02:00,AWS-Enterprise-Cluster,unified-cluster-service,61.8,45.0,2220.0,110502.9,180,4560,613905,34.1
2014-02-19 03:07:00,AWS-Enterprise-Cluster,unified-cluster-service,63.3,45.0,5095.0,123170.9,181,11460,684282,34.3
2014-02-19 03:12:00,AWS-Enterprise-Cluster,unified-cluster-service,63.0,45.0,1545.0,1450548.0,180,2940,8058600,34.1
2014-02-19 03:17:00,AWS-Enterprise-Cluster,unified-cluster-service,54.1,45.0,1745.0,115701.8,180,3420,642787,34.0
2014-02-19 03:22:00,AWS-Enterprise-Cluster,unified-cluster-service,68.2,45.0,2920.0,1466091.0,180,6240,8144950,34.1
2014-02-19 03:27:00,AWS-Enterprise-Cluster,unified-cluster-service,61.1,45.0,320.0,111984.8,183,480,622137,35.0
2014-02-19 03:32:00,AWS-Enterprise-Cluster,unified-cluster-service,58.2,45.0,4745.0,117605.2,186,10620,653362,35.9
2014-02-19 03:37:00,AWS-Enterprise-Cluster,unified-cluster-service,62.9,45.0,4420.0,122583.2,181,9840,681017,34.3
2014-02-19 03:42:00,AWS-Enterprise-Cluster,unified-cluster-service,58.0,45.0,1970.0,117747.0,179,3960,654150,33.8
2014-02-19 03:47:00,AWS-Enterprise-Cluster,unified-cluster-service,69.8,45.0,1220.0,112007.3,181,2160,622262,34.4
2014-02-19 03:52:00,AWS-Enterprise-Cluster,unified-cluster-service,59.7,45.0,2095.0,125617.5,179,4260,697875,33.8
2014-02-19 03:57:00,AWS-Enterprise-Cluster,unified-cluster-service,60.2,45.0,1195.0,116838.0,182,2100,649100,34.6
2014-02-19 04:02:00,AWS-Enterprise-Cluster,unified-cluster-service,66.1,45.0,2820.0,118386.0,179,6000,657700,33.8
2014-02-19 04:07:00,AWS-Enterprise-Cluster,unified-cluster-service,56.8,45.0,2320.0,116351.6,181,4800,646397,34.3
2014-02-19 04:12:00,AWS-Enterprise-Cluster,unified-cluster-service,68.6,45.0,1145.0,1462725.0,179,1980,8126250,33.8
2014-02-19 04:17:00,AWS-Enterprise-Cluster,unified-cluster-service,62.5,45.0,5220.0,111358.4,180,11760,618657,34.1
2014-02-19 04:22:00,AWS-Enterprise-Cluster,unified-cluster-service,56.1,45.0,5395.0,1458144.0,180,12180,8100800,34.1
2014-02-19 04:27:00,AWS-Enterprise-Cluster,unified-cluster-service,66.7,45.0,5020.0,114957.9,180,11280,638655,34.0
2014-02-19 04:32:00,AWS-Enterprise-Cluster,unified-cluster-service,61.2,45.0,4420.0,111263.0,179,9840,618127,33.8
2014-02-19 04:37:00,AWS-Enterprise-Cluster,unified-cluster-service,57.8,45.0,4070.0,120118.5,181,9000,667325,34.4
2014-02-19 04:42:00,AWS-Enterprise-Cluster,unified-cluster-service,65.1,45.0,2470.0,112640.9,179,5160,625782,33.8
2014-02-19 04:47:00,AWS-Enterprise-Cluster,unified-cluster-service,60.5,45.0,2545.0,119015.1,179,5340,661195,33.7
2014-02-19 04:52:00,AWS-Enterprise-Cluster,unified-cluster-service,59.4,45.0,1645.0,115611.8,180,3180,642287,34.1
2014-02-19 04:57:00,AWS-Enterprise-Cluster,unified-cluster-service,63.0,45.0,2520.0,116975.7,180,5280,649865,34.0
2014-02-19 05:02:00,AWS-Enterprise-Cluster,unified-cluster-service,55.3,45.0,3445.0,110805.8,182,7500,615587,34.7
2014-02-19 05:07:00,AWS-Enterprise-Cluster,unified-cluster-service,70.4,45.0,2070.0,120357.9,177,4200,668655,33.1
2014-02-19 05:12:00,AWS-Enterprise-Cluster,unified-cluster-service,56.8,45.0,3395.0,1465029.0,179,7380,8139050,33.8
2014-02-19 05:17:00,AWS-Enterprise-Cluster,unified-cluster-service,54.8,45.0,1895.0,111030.3,180,3780,616835,34.1
2014-02-19 05:22:00,AWS-Enterprise-Cluster,unified-cluster-service,62.8,45.0,1395.0,1466068.5,181,2580,8144825,34.4
2014-02-19 05:27:00,AWS-Enterprise-Cluster,unified-cluster-service,59.9,45.0,4495.0,109710.0,181,10020,609500,34.4
2014-02-19 05:32:00,AWS-Enterprise-Cluster,unified-cluster-service,57.9,45.0,2645.0,116761.9,179,5580,648677,33.7
2014-02-19 05:37:00,AWS-Enterprise-Cluster,unified-cluster-service,62.1,45.0,2120.0,107283.2,181,4320,596017,34.3
2014-02-19 05:42:00,AWS-Enterprise-Cluster,unified-cluster-service,39.6,45.0,1470.0,116009.5,180,2760,644497,34.1
2014-02-19 05:47:00,AWS-Enterprise-Cluster,unified-cluster-service,67.0,45.0,1945.0,110607.3,180,3900,614485,34.0
2014-02-19 05:52:00,AWS-Enterprise-Cluster,unified-cluster-service,58.0,45.0,320.0,124319.2,181,1680,690662,34.4
2014-02-19 05:57:00,AWS-Enterprise-Cluster,unified-cluster-service,56.9,45.0,3695.0,106956.4,180,8100,594202,34.1
2014-02-19 06:02:00,AWS-Enterprise-Cluster,unified-cluster-service,66.0,45.0,5845.0,115256.7,181,13260,640315,34.4
2014-02-19 06:07:00,AWS-Enterprise-Cluster,unified-cluster-service,61.7,45.0,2870.0,109203.3,180,6120,606685,34.1
2014-02-19 06:12:00,AWS-Enterprise-Cluster,unified-cluster-service,57.8,45.0,3370.0,1453720.5,181,7320,8076225,34.4
2014-02-19 06:17:00,AWS-Enterprise-Cluster,unified-cluster-service,61.3,45.0,320.0,118605.6,183,780,658920,35.0
2014-02-19 06:22:00,AWS-Enterprise-Cluster,unified-cluster-service,60.8,45.0,320.0,1465686.0,178,1200,8142700,33.4
2014-02-19 06:27:00,AWS-Enterprise-Cluster,unified-cluster-service,58.4,45.0,320.0,120600.5,180,1260,670002,34.1
2014-02-19 06:32:00,AWS-Enterprise-Cluster,unified-cluster-service,59.6,45.0,320.0,109612.8,179,600,608960,33.8
2014-02-19 06:37:00,AWS-Enterprise-Cluster,unified-cluster-service,40.0,45.0,2620.0,122201.1,180,5520,678895,34.1
2014-02-19 06:42:00,AWS-Enterprise-Cluster,unified-cluster-service,68.0,45.0,2195.0,127023.8,179,4500,705687,33.8
2014-02-19 06:47:00,AWS-Enterprise-Cluster,unified-cluster-service,56.5,45.0,320.0,117783.9,180,660,654355,34.1
2014-02-19 06:52:00,AWS-Enterprise-Cluster,unified-cluster-service,56.2,45.0,320.0,114916.9,180,600,638427,34.1
2014-02-19 06:57:00,AWS-Enterprise-Cluster,unified-cluster-service,64.2,45.0,1395.0,113412.6,183,2580,630070,35.0
2014-02-19 07:02:00,AWS-Enterprise-Cluster,unified-cluster-service,59.8,45.0,3695.0,114280.7,179,8100,634892,33.8
2014-02-19 07:07:00,AWS-Enterprise-Cluster,unified-cluster-service,61.9,45.0,320.0,114446.2,183,600,635812,35.0
2014-02-19 07:12:00,AWS-Enterprise-Cluster,unified-cluster-service,59.5,45.0,320.0,1467018.0,176,1020,8150100,32.8
2014-02-19 07:17:00,AWS-Enterprise-Cluster,unified-cluster-service,39.7,45.0,1770.0,119237.9,180,3480,662432,34.1
2014-02-19 07:22:00,AWS-Enterprise-Cluster,unified-cluster-service,66.7,45.0,3370.0,1468309.5,179,7320,8157275,33.7
2014-02-19 07:27:00,AWS-Enterprise-Cluster,unified-cluster-service,57.0,45.0,6570.0,116262.0,180,15000,645900,34.1
2014-02-19 07:32:00,AWS-Enterprise-Cluster,unified-cluster-service,56.5,45.0,3520.0,123462.0,179,7680,685900,33.7
2014-02-19 07:37:00,AWS-Enterprise-Cluster,unified-cluster-service,63.1,45.0,5795.0,118878.3,179,13140,660435,33.8
2014-02-19 07:42:00,AWS-Enterprise-Cluster,unified-cluster-service,59.6,45.0,3170.0,121271.8,180,6840,673732,34.0
2014-02-19 07:47:00,AWS-Enterprise-Cluster,unified-cluster-service,59.5,45.0,3570.0,123024.1,180,7800,683467,34.1
2014-02-19 07:52:00,AWS-Enterprise-Cluster,unified-cluster-service,59.7,45.0,1920.0,136399.1,185,3840,757772,35.6
2014-02-19 07:57:00,AWS-Enterprise-Cluster,unified-cluster-service,56.5,45.0,2220.0,118129.1,186,4560,656272,35.9
2014-02-19 08:02:00,AWS-Enterprise-Cluster,unified-cluster-service,68.0,45.0,320.0,112135.5,177,540,622975,33.1
2014-02-19 08:07:00,AWS-Enterprise-Cluster,unified-cluster-service,60.5,45.0,320.0,127809.0,181,720,710050,34.4
2014-02-19 08:12:00,AWS-Enterprise-Cluster,unified-cluster-service,55.9,45.0,1295.0,1457851.5,179,2340,8099175,33.7
2014-02-19 08:17:00,AWS-Enterprise-Cluster,unified-cluster-service,62.9,45.0,1545.0,128318.0,181,2940,712877,34.4
2014-02-19 08:22:00,AWS-Enterprise-Cluster,unified-cluster-service,59.6,45.0,1420.0,1457554.5,179,2640,8097525,33.8
2014-02-19 08:27:00,AWS-Enterprise-Cluster,unified-cluster-service,59.3,45.0,2595.0,116059.1,181,5460,644772,34.4
2014-02-19 08:32:00,AWS-Enterprise-Cluster,unified-cluster-service,60.5,45.0,3220.0,110328.8,180,6960,612937,34.1
2014-02-19 08:37:00,AWS-Enterprise-Cluster,unified-cluster-service,39.8,45.0,1120.0,120681.4,181,1920,670452,34.4
2014-02-19 08:42:00,AWS-Enterprise-Cluster,unified-cluster-service,68.9,45.0,6645.0,114054.8,179,15180,633637,33.8
2014-02-19 08:47:00,AWS-Enterprise-Cluster,unified-cluster-service,58.4,45.0,320.0,110155.9,180,600,611977,34.1
2014-02-19 08:52:00,AWS-Enterprise-Cluster,unified-cluster-service,57.3,45.0,4395.0,121663.8,181,9780,675910,34.4
2014-02-19 08:57:00,AWS-Enterprise-Cluster,unified-cluster-service,66.1,45.0,4120.0,114201.9,180,9120,634455,34.1
2014-02-19 09:02:00,AWS-Enterprise-Cluster,unified-cluster-service,57.4,45.0,1295.0,117284.8,182,2340,651582,34.7
2014-02-19 09:07:00,AWS-Enterprise-Cluster,unified-cluster-service,57.1,45.0,3795.0,118879.6,180,8340,660442,34.1
2014-02-19 09:12:00,AWS-Enterprise-Cluster,unified-cluster-service,61.9,45.0,1495.0,1465780.5,180,2820,8143225,34.1
2014-02-19 09:17:00,AWS-Enterprise-Cluster,unified-cluster-service,59.4,45.0,320.0,113237.5,181,600,629097,34.4
2014-02-19 09:22:00,AWS-Enterprise-Cluster,unified-cluster-service,59.1,45.0,320.0,1470865.5,179,780,8171475,33.8
2014-02-19 09:27:00,AWS-Enterprise-Cluster,unified-cluster-service,61.3,45.0,1670.0,109752.7,180,3240,609737,34.1
2014-02-19 09:32:00,AWS-Enterprise-Cluster,unified-cluster-service,39.3,45.0,2870.0,111410.6,178,6120,618947,33.4
2014-02-19 09:37:00,AWS-Enterprise-Cluster,unified-cluster-service,69.0,45.0,1720.0,111402.5,181,3360,618902,34.4
2014-02-19 09:42:00,AWS-Enterprise-Cluster,unified-cluster-service,55.4,45.0,1920.0,110388.6,178,3840,613270,33.4
2014-02-19 09:47:00,AWS-Enterprise-Cluster,unified-cluster-service,39.9,45.0,1495.0,120343.5,181,2820,668575,34.4
2014-02-19 09:52:00,AWS-Enterprise-Cluster,unified-cluster-service,65.7,45.0,6295.0,135119.2,182,14340,750662,34.7
2014-02-19 09:57:00,AWS-Enterprise-Cluster,unified-cluster-service,61.2,45.0,3320.0,106875.9,178,7200,593755,33.5
2014-02-19 10:02:00,AWS-Enterprise-Cluster,unified-cluster-service,56.1,45.0,4245.0,111658.1,182,9420,620322,34.7
2014-02-19 10:07:00,AWS-Enterprise-Cluster,unified-cluster-service,63.5,45.0,2470.0,120805.2,180,5160,671140,34.0
2014-02-19 10:12:00,AWS-Enterprise-Cluster,unified-cluster-service,58.8,45.0,320.0,1455565.5,178,1380,8086475,33.5
2014-02-19 10:17:00,AWS-Enterprise-Cluster,unified-cluster-service,58.8,45.0,1370.0,118634.8,180,2520,659082,34.1
2014-02-19 10:22:00,AWS-Enterprise-Cluster,unified-cluster-service,61.3,45.0,320.0,1464453.0,179,1080,8135850,33.7
2014-02-19 10:27:00,AWS-Enterprise-Cluster,unified-cluster-service,39.9,45.0,5245.0,116980.2,181,11820,649890,34.4
2014-02-19 10:32:00,AWS-Enterprise-Cluster,unified-cluster-service,67.5,45.0,2270.0,108764.1,180,4680,604245,34.0
2014-02-19 10:37:00,AWS-Enterprise-Cluster,unified-cluster-service,57.7,45.0,2170.0,111620.7,181,4440,620115,34.3
2014-02-19 10:42:00,AWS-Enterprise-Cluster,unified-cluster-service,56.9,45.0,2820.0,112049.1,180,6000,622495,34.1
2014-02-19 10:47:00,AWS-Enterprise-Cluster,unified-cluster-service,62.0,45.0,1945.0,107222.9,180,3900,595682,34.1
2014-02-19 10:52:00,AWS-Enterprise-Cluster,unified-cluster-service,60.0,45.0,4870.0,123652.3,181,10920,686957,34.4
2014-02-19 10:57:00,AWS-Enterprise-Cluster,unified-cluster-service,61.0,45.0,2120.0,108309.6,180,4320,601720,34.1
2014-02-19 11:02:00,AWS-Enterprise-Cluster,unified-cluster-service,61.5,45.0,4170.0,114874.2,181,9240,638190,34.4
2014-02-19 11:07:00,AWS-Enterprise-Cluster,unified-cluster-service,55.4,45.0,7895.0,115663.9,180,18180,642577,34.1
2014-02-19 11:12:00,AWS-Enterprise-Cluster,unified-cluster-service,66.4,45.0,1720.0,1464912.0,179,3360,8138400,33.7
2014-02-19 11:17:00,AWS-Enterprise-Cluster,unified-cluster-service,58.1,45.0,2245.0,112436.6,180,4620,624647,34.1
2014-02-19 11:22:00,AWS-Enterprise-Cluster,unified-cluster-service,54.8,45.0,6045.0,1462347.0,180,13740,8124150,34.1
2014-02-19 11:27:00,AWS-Enterprise-Cluster,unified-cluster-service,63.6,45.0,5370.0,111853.4,186,12120,621407,35.9
2014-02-19 11:32:00,AWS-Enterprise-Cluster,unified-cluster-service,59.1,45.0,2120.0,105502.0,179,4320,586122,33.8
2014-02-19 11:37:00,AWS-Enterprise-Cluster,unified-cluster-service,57.6,45.0,320.0,112684.1,181,360,626022,34.4
2014-02-19 11:42:00,AWS-Enterprise-Cluster,unified-cluster-service,61.8,45.0,1870.0,100204.2,180,3720,556690,34.0
2014-02-19 11:47:00,AWS-Enterprise-Cluster,unified-cluster-service,39.1,45.0,2045.0,102747.6,179,4140,570820,33.8
2014-02-19 11:52:00,AWS-Enterprise-Cluster,unified-cluster-service,66.4,45.0,320.0,105653.2,181,480,586962,34.4
2014-02-19 11:57:00,AWS-Enterprise-Cluster,unified-cluster-service,60.5,45.0,320.0,106774.2,183,720,593190,35.0
2014-02-19 12:02:00,AWS-Enterprise-Cluster,unified-cluster-service,56.1,45.0,320.0,100288.8,180,360,557160,34.1
2014-02-19 12:07:00,AWS-Enterprise-Cluster,unified-cluster-service,65.5,45.0,2545.0,117612.0,180,5340,653400,34.1
2014-02-19 12:12:00,AWS-Enterprise-Cluster,unified-cluster-service,59.6,45.0,1220.0,1447627.5,179,2160,8042375,33.8
2014-02-19 12:17:00,AWS-Enterprise-Cluster,unified-cluster-service,56.8,45.0,2470.0,114503.0,181,5160,636127,34.4
2014-02-19 12:22:00,AWS-Enterprise-Cluster,unified-cluster-service,62.2,45.0,6645.0,1449535.5,179,15180,8052975,33.7
2014-02-19 12:27:00,AWS-Enterprise-Cluster,unified-cluster-service,59.3,45.0,1670.0,98349.3,182,3240,546385,34.7
2014-02-19 12:32:00,AWS-Enterprise-Cluster,unified-cluster-service,59.1,45.0,320.0,108625.5,177,900,603475,33.2
2014-02-19 12:37:00,AWS-Enterprise-Cluster,unified-cluster-service,60.6,45.0,320.0,107934.8,180,420,599637,34.0
2014-02-19 12:42:00,AWS-Enterprise-Cluster,unified-cluster-service,39.8,45.0,320.0,101535.8,179,720,564087,33.8
2014-02-19 12:47:00,AWS-Enterprise-Cluster,unified-cluster-service,67.3,45.0,1620.0,109008.9,180,3120,605605,34.0
2014-02-19 12:52:00,AWS-Enterprise-Cluster,unified-cluster-service,58.4,45.0,320.0,107351.6,182,240,596397,34.7
2014-02-19 12:57:00,AWS-Enterprise-Cluster,unified-cluster-service,57.9,45.0,1370.0,102464.1,179,2520,569245,33.8
2014-02-19 13:02:00,AWS-Enterprise-Cluster,unified-cluster-service,65.7,45.0,1895.0,108795.6,179,3780,604420,33.8
2014-02-19 13:07:00,AWS-Enterprise-Cluster,unified-cluster-service,61.8,45.0,4720.0,106561.4,182,10560,592007,34.7
2014-02-19 13:12:00,AWS-Enterprise-Cluster,unified-cluster-service,57.0,45.0,1270.0,1452541.5,179,2280,8069675,33.8
2014-02-19 13:17:00,AWS-Enterprise-Cluster,unified-cluster-service,60.3,45.0,1395.0,104259.1,179,2580,579217,33.8
2014-02-19 13:22:00,AWS-Enterprise-Cluster,unified-cluster-service,59.4,45.0,320.0,1448365.5,179,1800,8046475,33.8
2014-02-19 13:27:00,AWS-Enterprise-Cluster,unified-cluster-service,59.2,45.0,320.0,105911.1,180,1560,588395,34.0
2014-02-19 13:32:00,AWS-Enterprise-Cluster,unified-cluster-service,59.1,45.0,320.0,103578.3,182,240,575435,34.7
2014-02-19 13:37:00,AWS-Enterprise-Cluster,unified-cluster-service,54.2,45.0,1495.0,110475.9,179,2820,613755,34.0
2014-02-19 13:42:00,AWS-Enterprise-Cluster,unified-cluster-service,67.3,45.0,320.0,102912.7,181,1140,571737,34.4
2014-02-19 13:47:00,AWS-Enterprise-Cluster,unified-cluster-service,57.8,45.0,1145.0,110866.9,181,1980,615927,34.3
2014-02-19 13:52:00,AWS-Enterprise-Cluster,unified-cluster-service,55.2,45.0,4495.0,99229.5,181,10020,551275,34.4
2014-02-19 13:57:00,AWS-Enterprise-Cluster,unified-cluster-service,65.2,45.0,2795.0,111419.5,180,5940,618997,34.1
2014-02-19 14:02:00,AWS-Enterprise-Cluster,unified-cluster-service,61.2,45.0,2245.0,97282.8,180,4620,540460,34.0
2014-02-19 14:07:00,AWS-Enterprise-Cluster,unified-cluster-service,60.0,45.0,3720.0,118820.2,184,8160,660112,35.3
2014-02-19 14:12:00,AWS-Enterprise-Cluster,unified-cluster-service,61.2,45.0,320.0,1449427.5,179,300,8052375,33.7
2014-02-19 14:17:00,AWS-Enterprise-Cluster,unified-cluster-service,39.9,45.0,320.0,105838.6,181,180,587992,34.4
2014-02-19 14:22:00,AWS-Enterprise-Cluster,unified-cluster-service,67.2,45.0,320.0,1463143.5,180,1560,8128575,34.1
2014-02-19 14:27:00,AWS-Enterprise-Cluster,unified-cluster-service,57.4,45.0,4195.0,105170.4,180,9300,584280,34.1
2014-02-19 14:32:00,AWS-Enterprise-Cluster,unified-cluster-service,54.9,45.0,3045.0,107971.6,179,6540,599842,33.7
2014-02-19 14:37:00,AWS-Enterprise-Cluster,unified-cluster-service,65.6,45.0,3870.0,105720.3,181,8520,587335,34.3
2014-02-19 14:42:00,AWS-Enterprise-Cluster,unified-cluster-service,60.5,45.0,320.0,112703.9,179,600,626132,33.8
2014-02-19 14:47:00,AWS-Enterprise-Cluster,unified-cluster-service,57.1,45.0,320.0,100514.2,180,240,558412,34.1
2014-02-19 14:52:00,AWS-Enterprise-Cluster,unified-cluster-service,62.1,45.0,1695.0,113305.0,180,3300,629472,34.1
2014-02-19 14:57:00,AWS-Enterprise-Cluster,unified-cluster-service,62.5,45.0,1745.0,101156.4,182,3420,561980,34.7
2014-02-19 15:02:00,AWS-Enterprise-Cluster,unified-cluster-service,59.1,45.0,320.0,109959.8,178,840,610887,33.4
2014-02-19 15:07:00,AWS-Enterprise-Cluster,unified-cluster-service,63.8,45.0,2420.0,104333.0,182,5040,579627,34.7
2014-02-19 15:12:00,AWS-Enterprise-Cluster,unified-cluster-service,61.5,45.0,320.0,1456618.5,181,480,8092325,34.3
2014-02-19 15:17:00,AWS-Enterprise-Cluster,unified-cluster-service,60.4,45.0,1420.0,112486.9,177,2640,624927,33.2
2014-02-19 15:22:00,AWS-Enterprise-Cluster,unified-cluster-service,61.4,45.0,5070.0,1444909.5,184,11400,8027275,35.3
2014-02-19 15:27:00,AWS-Enterprise-Cluster,unified-cluster-service,60.0,45.0,2270.0,110204.1,180,4680,612245,34.1
2014-02-19 15:32:00,AWS-Enterprise-Cluster,unified-cluster-service,59.3,45.0,320.0,96336.4,179,1680,535202,33.8
2014-02-19 15:37:00,AWS-Enterprise-Cluster,unified-cluster-service,60.5,45.0,320.0,111408.8,180,480,618937,34.0
2014-02-19 15:42:00,AWS-Enterprise-Cluster,unified-cluster-service,39.7,45.0,1195.0,101620.8,179,2100,564560,33.8
2014-02-19 15:47:00,AWS-Enterprise-Cluster,unified-cluster-service,68.3,45.0,320.0,106586.6,180,1380,592147,34.0
2014-02-19 15:52:00,AWS-Enterprise-Cluster,unified-cluster-service,56.9,45.0,3795.0,107907.7,180,8340,599487,34.1
2014-02-19 15:57:00,AWS-Enterprise-Cluster,unified-cluster-service,58.4,45.0,1120.0,106009.2,181,1920,588940,34.4
2014-02-19 16:02:00,AWS-Enterprise-Cluster,unified-cluster-service,59.8,45.0,2995.0,104763.6,179,6420,582020,33.7
2014-02-19 16:07:00,AWS-Enterprise-Cluster,unified-cluster-service,62.1,45.0,2670.0,114299.5,184,5640,634997,35.4
2014-02-19 16:12:00,AWS-Enterprise-Cluster,unified-cluster-service,57.0,45.0,3920.0,1446687.0,179,8640,8037150,33.8
2014-02-19 16:17:00,AWS-Enterprise-Cluster,unified-cluster-service,62.6,45.0,320.0,108333.9,181,1320,601855,34.4
2014-02-19 16:22:00,AWS-Enterprise-Cluster,unified-cluster-service,60.9,45.0,320.0,1451853.0,180,180,8065850,34.0
2014-02-19 16:27:00,AWS-Enterprise-Cluster,unified-cluster-service,59.3,45.0,3070.0,111343.9,180,6600,618577,34.0
2014-02-19 16:32:00,AWS-Enterprise-Cluster,unified-cluster-service,59.4,45.0,1420.0,106227.9,179,2640,590155,33.8
2014-02-19 16:37:00,AWS-Enterprise-Cluster,unified-cluster-service,61.5,45.0,320.0,105011.6,180,300,583397,34.1
2014-02-19 16:42:00,AWS-Enterprise-Cluster,unified-cluster-service,60.1,45.0,320.0,110628.4,178,240,614602,33.4
2014-02-19 16:47:00,AWS-Enterprise-Cluster,unified-cluster-service,62.1,45.0,320.0,106411.1,181,1680,591172,34.3
2014-02-19 16:52:00,AWS-Enterprise-Cluster,unified-cluster-service,39.6,45.0,2070.0,110311.2,179,4200,612840,33.7
2014-02-19 16:57:00,AWS-Enterprise-Cluster,unified-cluster-service,67.8,45.0,1745.0,100941.3,179,3420,560785,34.0
2014-02-19 17:02:00,AWS-Enterprise-Cluster,unified-cluster-service,59.5,45.0,320.0,105302.3,180,780,585012,34.1
2014-02-19 17:07:00,AWS-Enterprise-Cluster,unified-cluster-service,56.7,45.0,320.0,108743.0,185,1140,604127,35.6
2014-02-19 17:12:00,AWS-Enterprise-Cluster,unified-cluster-service,68.4,45.0,320.0,1441386.0,179,360,8007700,33.8
2014-02-19 17:17:00,AWS-Enterprise-Cluster,unified-cluster-service,56.8,45.0,1795.0,117702.9,181,3540,653905,34.4
2014-02-19 17:22:00,AWS-Enterprise-Cluster,unified-cluster-service,60.1,45.0,320.0,1445323.5,179,660,8029575,33.7
2014-02-19 17:27:00,AWS-Enterprise-Cluster,unified-cluster-service,65.5,45.0,320.0,113040.0,179,540,628000,33.8
2014-02-19 17:32:00,AWS-Enterprise-Cluster,unified-cluster-service,60.6,45.0,320.0,97205.4,179,540,540030,33.8
2014-02-19 17:37:00,AWS-Enterprise-Cluster,unified-cluster-service,58.4,45.0,320.0,114973.2,180,1500,638740,34.0
2014-02-19 17:42:00,AWS-Enterprise-Cluster,unified-cluster-service,62.4,45.0,1870.0,99226.4,177,3720,551257,33.4
2014-02-19 17:47:00,AWS-Enterprise-Cluster,unified-cluster-service,60.4,45.0,320.0,1454454.0,182,240,8080300,34.7
2014-02-19 17:52:00,AWS-Enterprise-Cluster,unified-cluster-service,57.7,45.0,1520.0,104968.8,183,2880,583160,35.0
2014-02-19 17:57:00,AWS-Enterprise-Cluster,unified-cluster-service,63.0,45.0,3845.0,102187.3,178,8460,567707,33.4
2014-02-19 18:02:00,AWS-Enterprise-Cluster,unified-cluster-service,39.3,45.0,2370.0,103159.3,179,4920,573107,33.8
2014-02-19 18:07:00,AWS-Enterprise-Cluster,unified-cluster-service,67.2,45.0,320.0,113315.4,181,300,629530,34.4
2014-02-19 18:12:00,AWS-Enterprise-Cluster,unified-cluster-service,58.3,45.0,320.0,1450435.5,180,300,8057975,34.1
2014-02-19 18:17:00,AWS-Enterprise-Cluster,unified-cluster-service,54.8,45.0,1920.0,98498.2,184,3840,547212,35.3
2014-02-19 18:22:00,AWS-Enterprise-Cluster,unified-cluster-service,62.8,45.0,320.0,1465029.0,183,1380,8139050,34.9
2014-02-19 18:27:00,AWS-Enterprise-Cluster,unified-cluster-service,59.0,45.0,3670.0,100108.4,177,8040,556157,33.1
2014-02-19 18:32:00,AWS-Enterprise-Cluster,unified-cluster-service,56.8,45.0,320.0,101545.2,180,960,564140,34.1
2014-02-19 18:37:00,AWS-Enterprise-Cluster,unified-cluster-service,61.2,45.0,320.0,108145.4,179,1020,600807,33.7
2014-02-19 18:42:00,AWS-Enterprise-Cluster,unified-cluster-service,39.6,45.0,4070.0,102604.5,180,9000,570025,34.1
2014-02-19 18:47:00,AWS-Enterprise-Cluster,unified-cluster-service,66.4,45.0,1270.0,100578.2,182,2280,558767,34.7
2014-02-19 18:52:00,AWS-Enterprise-Cluster,unified-cluster-service,58.5,45.0,2445.0,106283.7,181,5100,590465,34.3
2014-02-19 18:57:00,AWS-Enterprise-Cluster,unified-cluster-service,56.9,45.0,2345.0,102556.4,180,4860,569757,34.1
2014-02-19 19:02:00,AWS-Enterprise-Cluster,unified-cluster-service,63.0,45.0,1895.0,101518.2,180,3780,563990,34.1
2014-02-19 19:07:00,AWS-Enterprise-Cluster,unified-cluster-service,61.5,45.0,1520.0,111298.1,181,2880,618322,34.3
2014-02-19 19:12:00,AWS-Enterprise-Cluster,unified-cluster-service,54.5,45.0,320.0,1448397.0,180,1560,8046650,34.1
2014-02-19 19:17:00,AWS-Enterprise-Cluster,unified-cluster-service,62.0,45.0,1820.0,106401.1,186,3600,591117,35.9
2014-02-19 19:22:00,AWS-Enterprise-Cluster,unified-cluster-service,59.0,45.0,2495.0,1455826.5,180,5220,8087925,34.1
2014-02-19 19:27:00,AWS-Enterprise-Cluster,unified-cluster-service,56.3,45.0,3395.0,106814.7,180,7380,593415,34.1
2014-02-19 19:32:00,AWS-Enterprise-Cluster,unified-cluster-service,60.0,45.0,1445.0,98703.0,180,2700,548350,34.1
2014-02-19 19:37:00,AWS-Enterprise-Cluster,unified-cluster-service,59.9,45.0,1845.0,112798.8,181,3660,626660,34.4
2014-02-19 19:42:00,AWS-Enterprise-Cluster,unified-cluster-service,57.0,45.0,5020.0,103383.4,179,11280,574352,33.8
2014-02-19 19:47:00,AWS-Enterprise-Cluster,unified-cluster-service,60.7,45.0,1995.0,109758.6,180,4020,609770,34.0
2014-02-19 19:52:00,AWS-Enterprise-Cluster,unified-cluster-service,39.6,45.0,320.0,116557.2,180,660,647540,34.1
2014-02-19 19:57:00,AWS-Enterprise-Cluster,unified-cluster-service,68.4,45.0,1395.0,103670.6,180,2580,575947,34.1
2014-02-19 20:02:00,AWS-Enterprise-Cluster,unified-cluster-service,56.9,45.0,320.0,115294.5,182,420,640525,34.7
2014-02-19 20:07:00,AWS-Enterprise-Cluster,unified-cluster-service,54.4,45.0,1870.0,112531.1,184,3720,625172,35.3
2014-02-19 20:12:00,AWS-Enterprise-Cluster,unified-cluster-service,64.8,45.0,320.0,1465663.5,178,300,8142575,33.4
2014-02-19 20:17:00,AWS-Enterprise-Cluster,unified-cluster-service,56.6,45.0,320.0,110812.5,182,600,615625,34.7
2014-02-19 20:22:00,AWS-Enterprise-Cluster,unified-cluster-service,55.7,45.0,320.0,1463949.0,179,480,8133050,33.7
2014-02-19 20:27:00,AWS-Enterprise-Cluster,unified-cluster-service,59.2,45.0,3520.0,106099.6,180,7680,589442,34.1
2014-02-19 20:32:00,AWS-Enterprise-Cluster,unified-cluster-service,39.1,45.0,1295.0,115718.4,179,2340,642880,33.8
2014-02-19 20:37:00,AWS-Enterprise-Cluster,unified-cluster-service,66.2,45.0,320.0,112252.0,181,480,623622,34.5
2014-02-19 20:42:00,AWS-Enterprise-Cluster,unified-cluster-service,56.8,45.0,2270.0,107010.5,179,4680,594502,33.8
2014-02-19 20:47:00,AWS-Enterprise-Cluster,unified-cluster-service,54.8,45.0,2245.0,114162.7,179,4620,634237,33.8
2014-02-19 20:52:00,AWS-Enterprise-Cluster,unified-cluster-service,62.3,45.0,320.0,112410.0,180,180,624500,34.1
2014-02-19 20:57:00,AWS-Enterprise-Cluster,unified-cluster-service,61.5,45.0,1445.0,114296.4,180,2700,634980,34.0
2014-02-19 21:02:00,AWS-Enterprise-Cluster,unified-cluster-service,55.5,45.0,1370.0,114610.9,179,2520,636727,33.7
2014-02-19 21:07:00,AWS-Enterprise-Cluster,unified-cluster-service,62.8,45.0,1270.0,116469.0,183,2280,647050,35.0
2014-02-19 21:12:00,AWS-Enterprise-Cluster,unified-cluster-service,38.8,45.0,1945.0,1459147.5,183,3900,8106375,35.0
2014-02-19 21:17:00,AWS-Enterprise-Cluster,unified-cluster-service,66.0,45.0,2345.0,119738.7,181,4860,665215,34.4
2014-02-19 21:22:00,AWS-Enterprise-Cluster,unified-cluster-service,55.4,45.0,4995.0,1469002.5,180,11220,8161125,34.1
2014-02-19 21:27:00,AWS-Enterprise-Cluster,unified-cluster-service,54.7,45.0,4120.0,111586.9,181,9120,619927,34.4
2014-02-19 21:32:00,AWS-Enterprise-Cluster,unified-cluster-service,63.2,45.0,2470.0,107086.1,180,5160,594922,34.1
2014-02-19 21:37:00,AWS-Enterprise-Cluster,unified-cluster-service,56.5,45.0,1170.0,114541.6,181,2040,636342,34.4
2014-02-19 21:42:00,AWS-Enterprise-Cluster,unified-cluster-service,56.1,45.0,1820.0,110563.6,181,3600,614242,34.4
2014-02-19 21:47:00,AWS-Enterprise-Cluster,unified-cluster-service,59.5,45.0,320.0,103775.0,181,960,576527,34.3
2014-02-19 21:52:00,AWS-Enterprise-Cluster,unified-cluster-service,38.8,45.0,1895.0,117036.0,180,3780,650200,34.1
2014-02-19 21:57:00,AWS-Enterprise-Cluster,unified-cluster-service,68.3,45.0,3045.0,106669.8,181,6540,592610,34.4
2014-02-19 22:02:00,AWS-Enterprise-Cluster,unified-cluster-service,56.5,45.0,2320.0,115767.9,180,4800,643155,34.1
2014-02-19 22:07:00,AWS-Enterprise-Cluster,unified-cluster-service,57.5,45.0,1245.0,112851.9,181,2220,626955,34.4
2014-02-19 22:12:00,AWS-Enterprise-Cluster,unified-cluster-service,60.3,45.0,1970.0,1460520.0,179,3960,8114000,33.7
2014-02-19 22:17:00,AWS-Enterprise-Cluster,unified-cluster-service,54.3,45.0,320.0,115542.5,187,1380,641902,36.3
2014-02-19 22:22:00,AWS-Enterprise-Cluster,unified-cluster-service,56.6,45.0,320.0,1460313.0,180,180,8112850,34.1
2014-02-19 22:27:00,AWS-Enterprise-Cluster,unified-cluster-service,60.4,45.0,320.0,104251.5,179,1200,579175,33.7
2014-02-19 22:32:00,AWS-Enterprise-Cluster,unified-cluster-service,38.6,45.0,1095.0,109936.4,181,1860,610757,34.4
2014-02-19 22:37:00,AWS-Enterprise-Cluster,unified-cluster-service,65.9,45.0,1295.0,116993.7,180,2340,649965,34.0
2014-02-19 22:42:00,AWS-Enterprise-Cluster,unified-cluster-service,55.9,45.0,4270.0,109741.1,181,9480,609672,34.4
2014-02-19 22:47:00,AWS-Enterprise-Cluster,unified-cluster-service,54.5,45.0,1270.0,113027.9,179,2280,627932,33.8
2014-02-19 22:52:00,AWS-Enterprise-Cluster,unified-cluster-service,62.1,45.0,320.0,107028.4,180,360,594602,34.1
2014-02-19 22:57:00,AWS-Enterprise-Cluster,unified-cluster-service,60.4,45.0,320.0,110032.2,180,240,611290,34.0
2014-02-19 23:02:00,AWS-Enterprise-Cluster,unified-cluster-service,57.1,45.0,1245.0,110061.4,185,2220,611452,35.6
2014-02-19 23:07:00,AWS-Enterprise-Cluster,unified-cluster-service,62.4,45.0,320.0,113240.2,182,120,629112,34.6
2014-02-19 23:12:00,AWS-Enterprise-Cluster,unified-cluster-service,38.9,45.0,320.0,1458567.0,179,360,8103150,33.8
2014-02-19 23:17:00,AWS-Enterprise-Cluster,unified-cluster-service,66.0,45.0,1145.0,115795.4,179,1980,643307,33.8
2014-02-19 23:22:00,AWS-Enterprise-Cluster,unified-cluster-service,56.9,45.0,1445.0,1459777.5,181,2700,8109875,34.3
2014-02-19 23:27:00,AWS-Enterprise-Cluster,unified-cluster-service,39.9,45.0,2145.0,107822.3,180,4380,599012,34.1
2014-02-19 23:32:00,AWS-Enterprise-Cluster,unified-cluster-service,63.9,45.0,1195.0,116516.2,179,2100,647312,33.8
2014-02-19 23:37:00,AWS-Enterprise-Cluster,unified-cluster-service,55.8,45.0,320.0,108296.6,179,360,601647,33.8
2014-02-19 23:42:00,AWS-Enterprise-Cluster,unified-cluster-service,56.4,45.0,320.0,115742.7,180,240,643015,34.1
2014-02-19 23:47:00,AWS-Enterprise-Cluster,unified-cluster-service,60.0,45.0,2945.0,103107.6,180,6300,572820,34.0
2014-02-19 23:52:00,AWS-Enterprise-Cluster,unified-cluster-service,38.4,45.0,2620.0,117566.6,182,5520,653147,34.6
2014-02-19 23:57:00,AWS-Enterprise-Cluster,unified-cluster-service,68.8,45.0,1770.0,105651.4,184,3480,586952,35.4
2014-02-20 00:02:00,AWS-Enterprise-Cluster,unified-cluster-service,56.5,45.0,320.0,113265.5,183,300,629252,34.9
2014-02-20 00:07:00,AWS-Enterprise-Cluster,unified-cluster-service,56.3,45.0,320.0,112560.3,181,300,625335,34.4
2014-02-20 00:12:00,AWS-Enterprise-Cluster,unified-cluster-service,62.4,45.0,1420.0,1458927.0,180,2640,8105150,34.1
2014-02-20 00:17:00,AWS-Enterprise-Cluster,unified-cluster-service,57.9,45.0,320.0,105949.3,180,780,588607,34.1
2014-02-20 00:22:00,AWS-Enterprise-Cluster,unified-cluster-service,56.7,45.0,3145.0,1456717.5,180,6780,8092875,34.1
2014-02-20 00:27:00,AWS-Enterprise-Cluster,unified-cluster-service,59.0,45.0,320.0,110641.1,181,600,614672,34.4
2014-02-20 00:32:00,AWS-Enterprise-Cluster,unified-cluster-service,39.3,45.0,1195.0,104408.1,186,2100,580045,36.0
2014-02-20 00:37:00,AWS-Enterprise-Cluster,unified-cluster-service,65.4,45.0,1395.0,117166.1,182,2580,650922,34.8
2014-02-20 00:42:00,AWS-Enterprise-Cluster,unified-cluster-service,56.4,45.0,320.0,107211.1,179,1740,595617,33.7
2014-02-20 00:47:00,AWS-Enterprise-Cluster,unified-cluster-service,56.6,45.0,1520.0,117950.0,180,2880,655277,34.1
2014-02-20 00:52:00,AWS-Enterprise-Cluster,unified-cluster-service,60.1,45.0,1745.0,109835.1,181,3420,610195,34.4
2014-02-20 00:57:00,AWS-Enterprise-Cluster,unified-cluster-service,60.1,45.0,1620.0,112935.2,180,3120,627417,34.0
2014-02-20 01:02:00,AWS-Enterprise-Cluster,unified-cluster-service,59.2,45.0,320.0,111136.9,179,1140,617427,33.7
2014-02-20 01:07:00,AWS-Enterprise-Cluster,unified-cluster-service,62.3,45.0,1645.0,121266.0,181,3180,673700,34.3
2014-02-20 01:12:00,AWS-Enterprise-Cluster,unified-cluster-service,38.5,45.0,3295.0,1452613.5,187,7140,8070075,36.2
2014-02-20 01:17:00,AWS-Enterprise-Cluster,unified-cluster-service,63.4,45.0,320.0,112629.6,182,720,625720,34.7
2014-02-20 01:22:00,AWS-Enterprise-Cluster,unified-cluster-service,58.5,45.0,320.0,1464187.5,179,540,8134375,33.8
2014-02-20 01:27:00,AWS-Enterprise-Cluster,unified-cluster-service,55.5,45.0,320.0,93401.1,180,360,518895,34.1
2014-02-20 01:32:00,AWS-Enterprise-Cluster,unified-cluster-service,61.0,45.0,3270.0,117245.2,178,7080,651362,33.4
2014-02-20 01:37:00,AWS-Enterprise-Cluster,unified-cluster-service,58.7,45.0,2295.0,107627.9,180,4740,597932,34.1
2014-02-20 01:42:00,AWS-Enterprise-Cluster,unified-cluster-service,57.0,45.0,320.0,116915.4,179,660,649530,33.7
2014-02-20 01:47:00,AWS-Enterprise-Cluster,unified-cluster-service,59.3,45.0,320.0,105696.0,180,660,587200,34.1
2014-02-20 01:52:00,AWS-Enterprise-Cluster,unified-cluster-service,39.7,45.0,1320.0,118551.6,179,2400,658620,33.7
2014-02-20 01:57:00,AWS-Enterprise-Cluster,unified-cluster-service,69.2,45.0,2545.0,104671.8,180,5340,581510,34.1
2014-02-20 02:02:00,AWS-Enterprise-Cluster,unified-cluster-service,55.9,45.0,1770.0,111357.5,181,3480,618652,34.4
2014-02-20 02:07:00,AWS-Enterprise-Cluster,unified-cluster-service,57.7,45.0,2495.0,114775.7,186,5220,637642,35.9
2014-02-20 02:12:00,AWS-Enterprise-Cluster,unified-cluster-service,61.3,45.0,1645.0,1443946.5,180,3180,8021925,34.1
2014-02-20 02:17:00,AWS-Enterprise-Cluster,unified-cluster-service,57.8,45.0,5170.0,115611.8,180,11640,642287,34.1
2014-02-20 02:22:00,AWS-Enterprise-Cluster,unified-cluster-service,56.1,45.0,8270.0,1462635.0,180,19080,8125750,34.1
2014-02-20 02:27:00,AWS-Enterprise-Cluster,unified-cluster-service,59.1,45.0,2570.0,113397.3,182,5400,629985,34.7
2014-02-20 02:32:00,AWS-Enterprise-Cluster,unified-cluster-service,39.5,45.0,1220.0,105763.1,179,2160,587572,33.7
2014-02-20 02:37:00,AWS-Enterprise-Cluster,unified-cluster-service,66.4,45.0,4095.0,117977.9,180,9060,655432,34.0
2014-02-20 02:42:00,AWS-Enterprise-Cluster,unified-cluster-service,56.4,45.0,320.0,108021.6,181,1140,600120,34.4
2014-02-20 02:47:00,AWS-Enterprise-Cluster,unified-cluster-service,55.8,45.0,3520.0,117666.9,180,7680,653705,34.0
2014-02-20 02:52:00,AWS-Enterprise-Cluster,unified-cluster-service,60.8,45.0,3195.0,106810.7,181,6900,593392,34.4
2014-02-20 02:57:00,AWS-Enterprise-Cluster,unified-cluster-service,60.4,45.0,320.0,115254.0,181,1740,640300,34.4
2014-02-20 03:02:00,AWS-Enterprise-Cluster,unified-cluster-service,58.5,45.0,320.0,101544.8,186,1620,564137,36.0
2014-02-20 03:07:00,AWS-Enterprise-Cluster,unified-cluster-service,58.8,45.0,320.0,118628.6,184,600,659047,35.3
2014-02-20 03:12:00,AWS-Enterprise-Cluster,unified-cluster-service,55.0,45.0,2695.0,1450566.0,179,5700,8058700,33.8
2014-02-20 03:17:00,AWS-Enterprise-Cluster,unified-cluster-service,65.6,45.0,2795.0,116271.0,179,5940,645950,33.7
2014-02-20 03:22:00,AWS-Enterprise-Cluster,unified-cluster-service,56.3,45.0,320.0,1458963.0,180,420,8105350,34.0
2014-02-20 03:27:00,AWS-Enterprise-Cluster,unified-cluster-service,55.8,45.0,4420.0,108899.5,180,9840,604997,34.1
2014-02-20 03:32:00,AWS-Enterprise-Cluster,unified-cluster-service,60.6,45.0,2070.0,110450.2,179,4200,613612,33.7
2014-02-20 03:37:00,AWS-Enterprise-Cluster,unified-cluster-service,58.6,45.0,3820.0,108348.3,181,8400,601935,34.4
2014-02-20 03:42:00,AWS-Enterprise-Cluster,unified-cluster-service,62.2,45.0,1245.0,119100.6,179,2220,661670,33.8
2014-02-20 03:47:00,AWS-Enterprise-Cluster,unified-cluster-service,57.9,45.0,320.0,101501.6,180,1080,563897,34.0
2014-02-20 03:52:00,AWS-Enterprise-Cluster,unified-cluster-service,38.6,45.0,4945.0,117641.7,180,11100,653565,34.1
2014-02-20 03:57:00,AWS-Enterprise-Cluster,unified-cluster-service,65.9,45.0,4345.0,110007.5,181,9660,611152,34.4
2014-02-20 04:02:00,AWS-Enterprise-Cluster,unified-cluster-service,59.2,45.0,1720.0,111886.6,179,3360,621592,33.7
2014-02-20 04:07:00,AWS-Enterprise-Cluster,unified-cluster-service,58.7,45.0,2195.0,117179.5,180,4500,650997,34.1
2014-02-20 04:12:00,AWS-Enterprise-Cluster,unified-cluster-service,61.7,45.0,4345.0,1456735.5,179,9660,8092975,33.8
2014-02-20 04:17:00,AWS-Enterprise-Cluster,unified-cluster-service,57.7,45.0,4220.0,121586.4,180,9360,675480,34.0
2014-02-20 04:22:00,AWS-Enterprise-Cluster,unified-cluster-service,58.9,45.0,320.0,1460259.0,179,360,8112550,33.8
2014-02-20 04:27:00,AWS-Enterprise-Cluster,unified-cluster-service,57.7,45.0,320.0,114990.3,179,780,638835,33.8
2014-02-20 04:32:00,AWS-Enterprise-Cluster,unified-cluster-service,39.8,45.0,1195.0,111540.6,179,2100,619670,33.7
2014-02-20 04:37:00,AWS-Enterprise-Cluster,unified-cluster-service,65.4,45.0,2095.0,115619.8,179,4260,642332,33.8
2014-02-20 04:42:00,AWS-Enterprise-Cluster,unified-cluster-service,56.6,45.0,1795.0,110675.2,180,3540,614862,34.1
2014-02-20 04:47:00,AWS-Enterprise-Cluster,unified-cluster-service,56.6,45.0,320.0,128472.3,180,1380,713735,34.1
2014-02-20 04:52:00,AWS-Enterprise-Cluster,unified-cluster-service,60.4,45.0,1545.0,99414.4,181,2940,552302,34.4
2014-02-20 04:57:00,AWS-Enterprise-Cluster,unified-cluster-service,54.9,45.0,1120.0,115467.3,180,1920,641485,34.1
2014-02-20 05:02:00,AWS-Enterprise-Cluster,unified-cluster-service,66.4,45.0,2970.0,111515.9,180,6360,619532,34.1
2014-02-20 05:07:00,AWS-Enterprise-Cluster,unified-cluster-service,58.6,45.0,1245.0,114718.9,180,2220,637327,34.1
2014-02-20 05:12:00,AWS-Enterprise-Cluster,unified-cluster-service,55.1,45.0,320.0,1459948.5,180,1020,8110825,34.1
2014-02-20 05:17:00,AWS-Enterprise-Cluster,unified-cluster-service,63.4,45.0,320.0,108731.2,181,300,604062,34.3
2014-02-20 05:22:00,AWS-Enterprise-Cluster,unified-cluster-service,57.6,45.0,1645.0,1465290.0,179,3180,8140500,33.8
2014-02-20 05:27:00,AWS-Enterprise-Cluster,unified-cluster-service,57.1,45.0,320.0,106741.4,180,1440,593007,34.1
2014-02-20 05:32:00,AWS-Enterprise-Cluster,unified-cluster-service,62.0,45.0,4420.0,114468.8,179,9840,635937,33.8
2014-02-20 05:37:00,AWS-Enterprise-Cluster,unified-cluster-service,39.1,45.0,4020.0,115448.4,180,8880,641380,34.1
2014-02-20 05:42:00,AWS-Enterprise-Cluster,unified-cluster-service,65.5,45.0,320.0,113574.6,178,900,630970,33.4
2014-02-20 05:47:00,AWS-Enterprise-Cluster,unified-cluster-service,57.2,45.0,320.0,113522.9,180,1560,630682,34.0
2014-02-20 05:52:00,AWS-Enterprise-Cluster,unified-cluster-service,39.6,45.0,2870.0,115864.6,180,6120,643692,34.0
2014-02-20 05:57:00,AWS-Enterprise-Cluster,unified-cluster-service,68.2,45.0,2870.0,108287.5,180,6120,601597,34.1
2014-02-20 06:02:00,AWS-Enterprise-Cluster,unified-cluster-service,55.8,45.0,3120.0,114754.5,179,6720,637525,33.8
2014-02-20 06:07:00,AWS-Enterprise-Cluster,unified-cluster-service,58.1,45.0,320.0,116866.8,180,240,649260,34.0
2014-02-20 06:12:00,AWS-Enterprise-Cluster,unified-cluster-service,60.5,45.0,1620.0,1449823.5,179,3120,8054575,33.8
2014-02-20 06:17:00,AWS-Enterprise-Cluster,unified-cluster-service,38.9,45.0,4920.0,109299.1,180,11040,607217,34.1
2014-02-20 06:22:00,AWS-Enterprise-Cluster,unified-cluster-service,67.2,45.0,5970.0,1453302.0,179,13560,8073900,33.7
2014-02-20 06:27:00,AWS-Enterprise-Cluster,unified-cluster-service,56.2,45.0,3220.0,119610.5,180,6960,664502,34.1
2014-02-20 06:32:00,AWS-Enterprise-Cluster,unified-cluster-service,54.8,45.0,1345.0,106641.4,179,2460,592452,33.7
2014-02-20 06:37:00,AWS-Enterprise-Cluster,unified-cluster-service,61.9,45.0,1545.0,117024.3,180,2940,650135,34.1
2014-02-20 06:42:00,AWS-Enterprise-Cluster,unified-cluster-service,58.1,45.0,320.0,110659.1,179,660,614772,33.8
2014-02-20 06:47:00,AWS-Enterprise-Cluster,unified-cluster-service,57.3,45.0,1345.0,112914.4,180,2460,627302,34.0
2014-02-20 06:52:00,AWS-Enterprise-Cluster,unified-cluster-service,59.7,45.0,1420.0,119231.6,180,2640,662397,34.0
2014-02-20 06:57:00,AWS-Enterprise-Cluster,unified-cluster-service,55.9,45.0,2070.0,6043050.0,180,4200,33572500,34.1
2014-02-20 07:02:00,AWS-Enterprise-Cluster,unified-cluster-service,66.3,45.0,1170.0,2971390.5,180,2040,16507725,34.1
2014-02-20 07:07:00,AWS-Enterprise-Cluster,unified-cluster-service,58.5,45.0,2595.0,62458650.0,181,5460,346992500,34.4
2014-02-20 07:12:00,AWS-Enterprise-Cluster,unified-cluster-service,54.4,45.0,320.0,1469074.5,180,180,8161525,34.0
2014-02-20 07:17:00,AWS-Enterprise-Cluster,unified-cluster-service,60.3,45.0,4345.0,150799.5,181,9660,837775,34.4
2014-02-20 07:22:00,AWS-Enterprise-Cluster,unified-cluster-service,58.6,45.0,320.0,110306700.0,181,1800,612815000,34.4
2014-02-20 07:27:00,AWS-Enterprise-Cluster,unified-cluster-service,57.0,45.0,1245.0,28453185.0,180,2220,158073250,34.0
2014-02-20 07:32:00,AWS-Enterprise-Cluster,unified-cluster-service,59.1,45.0,3970.0,130986.9,179,8760,727705,33.8
2014-02-20 07:37:00,AWS-Enterprise-Cluster,unified-cluster-service,39.2,45.0,320.0,129683.2,181,1800,720462,34.4
2014-02-20 07:42:00,AWS-Enterprise-Cluster,unified-cluster-service,67.0,45.0,1895.0,123524.1,179,3780,686245,33.7
2014-02-20 07:47:00,AWS-Enterprise-Cluster,unified-cluster-service,55.4,45.0,3195.0,134710.2,180,6900,748390,34.0
2014-02-20 07:52:00,AWS-Enterprise-Cluster,unified-cluster-service,54.7,45.0,1895.0,136671.8,185,3780,759287,35.6
2014-02-20 07:57:00,AWS-Enterprise-Cluster,unified-cluster-service,65.4,45.0,2845.0,162419.9,181,6060,902332,34.4
2014-02-20 08:02:00,AWS-Enterprise-Cluster,unified-cluster-service,57.9,45.0,3820.0,157536.5,180,8400,875202,34.0
2014-02-20 08:07:00,AWS-Enterprise-Cluster,unified-cluster-service,58.7,45.0,3420.0,160203.6,181,7440,890020,34.4
2014-02-20 08:12:00,AWS-Enterprise-Cluster,unified-cluster-service,59.5,45.0,2620.0,173107.8,179,5520,961710,33.7
2014-02-20 08:17:00,AWS-Enterprise-Cluster,unified-cluster-service,39.0,45.0,320.0,171261.0,183,960,951450,35.0
2014-02-20 08:22:00,AWS-Enterprise-Cluster,unified-cluster-service,64.7,45.0,1295.0,190836.9,180,2340,1060205,34.1
2014-02-20 08:27:00,AWS-Enterprise-Cluster,unified-cluster-service,56.6,45.0,1495.0,162071.6,180,2820,900397,34.1
2014-02-20 08:32:00,AWS-Enterprise-Cluster,unified-cluster-service,38.9,45.0,4495.0,189710.1,180,10020,1053945,34.1
2014-02-20 08:37:00,AWS-Enterprise-Cluster,unified-cluster-service,66.7,45.0,3495.0,172137.1,181,7620,956317,34.3
2014-02-20 08:42:00,AWS-Enterprise-Cluster,unified-cluster-service,56.8,45.0,2570.0,153646.2,180,5400,853590,34.1
2014-02-20 08:47:00,AWS-Enterprise-Cluster,unified-cluster-service,55.5,45.0,3270.0,200366.6,180,7080,1113147,34.1
2014-02-20 08:52:00,AWS-Enterprise-Cluster,unified-cluster-service,60.4,45.0,6170.0,190345.9,181,14040,1057477,34.4
2014-02-20 08:57:00,AWS-Enterprise-Cluster,unified-cluster-service,54.7,45.0,2845.0,142341.3,181,6060,790785,34.3
2014-02-20 09:02:00,AWS-Enterprise-Cluster,unified-cluster-service,63.7,45.0,320.0,102993.8,180,720,572187,34.1
2014-02-20 09:07:00,AWS-Enterprise-Cluster,unified-cluster-service,60.8,45.0,3020.0,114058.4,181,6480,633657,34.4
2014-02-20 09:12:00,AWS-Enterprise-Cluster,unified-cluster-service,54.5,45.0,2395.0,100669.5,180,4980,559275,34.0
2014-02-20 09:17:00,AWS-Enterprise-Cluster,unified-cluster-service,62.5,45.0,1895.0,106945.2,182,3780,594140,34.7
2014-02-20 09:22:00,AWS-Enterprise-Cluster,unified-cluster-service,58.8,45.0,2395.0,109131.3,181,4980,606285,34.4
2014-02-20 09:27:00,AWS-Enterprise-Cluster,unified-cluster-service,57.0,45.0,5245.0,112971.6,180,11820,627620,34.0
2014-02-20 09:32:00,AWS-Enterprise-Cluster,unified-cluster-service,57.6,45.0,7270.0,100553.0,179,16680,558627,33.8
2014-02-20 09:37:00,AWS-Enterprise-Cluster,unified-cluster-service,55.0,45.0,4295.0,111233.2,180,9540,617962,34.1
2014-02-20 09:42:00,AWS-Enterprise-Cluster,unified-cluster-service,62.7,45.0,1345.0,103736.2,180,2460,576312,34.0
2014-02-20 09:47:00,AWS-Enterprise-Cluster,unified-cluster-service,56.9,45.0,1345.0,101321.6,181,2460,562897,34.4
2014-02-20 09:52:00,AWS-Enterprise-Cluster,unified-cluster-service,39.6,45.0,1295.0,101197.3,180,2340,562207,34.1
2014-02-20 09:57:00,AWS-Enterprise-Cluster,unified-cluster-service,68.6,45.0,2445.0,106518.2,183,5100,591767,35.0
2014-02-20 10:02:00,AWS-Enterprise-Cluster,unified-cluster-service,55.7,45.0,320.0,96144.3,179,720,534135,33.8
2014-02-20 10:07:00,AWS-Enterprise-Cluster,unified-cluster-service,58.3,45.0,6395.0,104382.9,181,14580,579905,34.4
2014-02-20 10:12:00,AWS-Enterprise-Cluster,unified-cluster-service,61.6,45.0,4220.0,108744.3,179,9360,604135,33.7
2014-02-20 10:17:00,AWS-Enterprise-Cluster,unified-cluster-service,57.6,45.0,3195.0,97326.0,180,6900,540700,34.1
2014-02-20 10:22:00,AWS-Enterprise-Cluster,unified-cluster-service,57.7,45.0,3970.0,119129.4,179,8760,661830,33.7
2014-02-20 10:27:00,AWS-Enterprise-Cluster,unified-cluster-service,58.0,45.0,4420.0,105325.2,181,9840,585140,34.3
2014-02-20 10:32:00,AWS-Enterprise-Cluster,unified-cluster-service,38.9,45.0,2445.0,98354.7,179,5100,546415,33.8
2014-02-20 10:37:00,AWS-Enterprise-Cluster,unified-cluster-service,65.7,45.0,3570.0,108444.1,180,7800,602467,34.1
2014-02-20 10:42:00,AWS-Enterprise-Cluster,unified-cluster-service,55.9,45.0,320.0,1237090.5,179,1500,6872725,33.7
2014-02-20 10:47:00,AWS-Enterprise-Cluster,unified-cluster-service,55.1,45.0,6045.0,511029.0,180,13740,2839050,34.1
2014-02-20 10:52:00,AWS-Enterprise-Cluster,unified-cluster-service,61.3,45.0,3670.0,107982.0,180,8040,599900,34.1
2014-02-20 10:57:00,AWS-Enterprise-Cluster,unified-cluster-service,61.0,45.0,3195.0,101560.5,179,6900,564225,34.0
2014-02-20 11:02:00,AWS-Enterprise-Cluster,unified-cluster-service,58.7,45.0,4720.0,103570.7,182,10560,575392,34.7
2014-02-20 11:07:00,AWS-Enterprise-Cluster,unified-cluster-service,60.8,45.0,4745.0,112815.0,181,10620,626750,34.4
2014-02-20 11:12:00,AWS-Enterprise-Cluster,unified-cluster-service,38.4,45.0,320.0,101263.5,179,1800,562575,33.8
2014-02-20 11:17:00,AWS-Enterprise-Cluster,unified-cluster-service,66.1,45.0,4045.0,108513.4,181,8940,602852,34.3
2014-02-20 11:22:00,AWS-Enterprise-Cluster,unified-cluster-service,56.0,45.0,1345.0,109985.4,180,2460,611030,34.1
2014-02-20 11:27:00,AWS-Enterprise-Cluster,unified-cluster-service,55.0,45.0,4370.0,108538.2,181,9720,602990,34.4
2014-02-20 11:32:00,AWS-Enterprise-Cluster,unified-cluster-service,61.7,45.0,2195.0,4930785.0,179,4500,27393250,33.8
2014-02-20 11:37:00,AWS-Enterprise-Cluster,unified-cluster-service,57.9,45.0,1970.0,108027.9,182,3960,600155,34.7
2014-02-20 11:42:00,AWS-Enterprise-Cluster,unified-cluster-service,58.6,45.0,3570.0,104605.7,180,7800,581142,34.0
2014-02-20 11:47:00,AWS-Enterprise-Cluster,unified-cluster-service,57.5,45.0,3745.0,94657.5,180,8220,525875,34.1
2014-02-20 11:52:00,AWS-Enterprise-Cluster,unified-cluster-service,54.3,45.0,5495.0,118570.0,180,12420,658722,34.1
2014-02-20 11:57:00,AWS-Enterprise-Cluster,unified-cluster-service,68.8,45.0,2320.0,114470.1,181,4800,635945,34.4
2014-02-20 12:02:00,AWS-Enterprise-Cluster,unified-cluster-service,55.9,45.0,5945.0,130419.0,179,13500,724550,33.8
2014-02-20 12:07:00,AWS-Enterprise-Cluster,unified-cluster-service,57.2,45.0,2295.0,110020.5,184,4740,611225,35.3
2014-02-20 12:12:00,AWS-Enterprise-Cluster,unified-cluster-service,61.5,45.0,2045.0,127772.1,179,4140,709845,33.8
2014-02-20 12:17:00,AWS-Enterprise-Cluster,unified-cluster-service,58.0,45.0,2420.0,121018.1,180,5040,672322,34.0
2014-02-20 12:22:00,AWS-Enterprise-Cluster,unified-cluster-service,56.7,45.0,1320.0,139101.3,180,2400,772785,34.1
2014-02-20 12:27:00,AWS-Enterprise-Cluster,unified-cluster-service,59.4,45.0,1220.0,143972.5,180,2160,799847,34.1
2014-02-20 12:32:00,AWS-Enterprise-Cluster,unified-cluster-service,38.8,45.0,3395.0,144803.7,180,7380,804465,34.1
2014-02-20 12:37:00,AWS-Enterprise-Cluster,unified-cluster-service,65.2,45.0,3820.0,155257.2,180,8400,862540,34.1
2014-02-20 12:42:00,AWS-Enterprise-Cluster,unified-cluster-service,56.0,45.0,1445.0,152927.5,180,2700,849597,34.1
2014-02-20 12:47:00,AWS-Enterprise-Cluster,unified-cluster-service,55.0,45.0,3270.0,495477.0,183,7080,2752650,35.0
2014-02-20 12:52:00,AWS-Enterprise-Cluster,unified-cluster-service,60.7,45.0,320.0,167675.0,180,120,931527,34.1
2014-02-20 12:57:00,AWS-Enterprise-Cluster,unified-cluster-service,60.5,45.0,2670.0,159120.5,178,5640,884002,33.5
2014-02-20 13:02:00,AWS-Enterprise-Cluster,unified-cluster-service,59.7,45.0,1120.0,159706.8,180,1920,887260,34.1
2014-02-20 13:07:00,AWS-Enterprise-Cluster,unified-cluster-service,60.0,45.0,3695.0,160578.9,181,8100,892105,34.4
2014-02-20 13:12:00,AWS-Enterprise-Cluster,unified-cluster-service,39.2,45.0,2170.0,176362.6,179,4440,979792,33.8
2014-02-20 13:17:00,AWS-Enterprise-Cluster,unified-cluster-service,65.0,45.0,1370.0,180372.1,180,2520,1002067,34.1
2014-02-20 13:22:00,AWS-Enterprise-Cluster,unified-cluster-service,55.9,45.0,1570.0,153648.4,179,3000,853602,33.8
2014-02-20 13:27:00,AWS-Enterprise-Cluster,unified-cluster-service,55.8,45.0,3595.0,126592.2,184,7860,703290,35.3
2014-02-20 13:32:00,AWS-Enterprise-Cluster,unified-cluster-service,61.3,45.0,2770.0,130027.5,179,5880,722375,33.7
2014-02-20 13:37:00,AWS-Enterprise-Cluster,unified-cluster-service,39.1,45.0,2170.0,126918.4,182,4440,705102,34.7
2014-02-20 13:42:00,AWS-Enterprise-Cluster,unified-cluster-service,65.8,45.0,320.0,146638.8,178,1680,814660,33.5
2014-02-20 13:47:00,AWS-Enterprise-Cluster,unified-cluster-service,56.1,45.0,1170.0,148683.6,180,2040,826020,34.1
2014-02-20 13:52:00,AWS-Enterprise-Cluster,unified-cluster-service,39.9,45.0,320.0,161717.0,181,360,898427,34.4
2014-02-20 13:57:00,AWS-Enterprise-Cluster,unified-cluster-service,64.5,45.0,1620.0,158130.5,186,3120,878502,35.9
2014-02-20 14:02:00,AWS-Enterprise-Cluster,unified-cluster-service,58.6,45.0,2420.0,165702.1,179,5040,920567,33.7
2014-02-20 14:07:00,AWS-Enterprise-Cluster,unified-cluster-service,58.3,45.0,2495.0,167330.7,181,5220,929615,34.3
2014-02-20 14:12:00,AWS-Enterprise-Cluster,unified-cluster-service,59.7,45.0,1970.0,170242.2,180,3960,945790,34.1
2014-02-20 14:17:00,AWS-Enterprise-Cluster,unified-cluster-service,59.6,45.0,5945.0,163971.0,181,13500,910950,34.4
2014-02-20 14:22:00,AWS-Enterprise-Cluster,unified-cluster-service,58.6,45.0,1745.0,168801.3,180,3420,937785,34.1
2014-02-20 14:27:00,AWS-Enterprise-Cluster,unified-cluster-service,56.6,45.0,2145.0,161492.9,182,4380,897182,34.7
2014-02-20 14:32:00,AWS-Enterprise-Cluster,unified-cluster-service,39.8,45.0,3145.0,169146.5,180,6780,939702,34.1
2014-02-20 14:37:00,AWS-Enterprise-Cluster,unified-cluster-service,66.8,45.0,320.0,180186.8,180,480,1001037,34.1
2014-02-20 14:42:00,AWS-Enterprise-Cluster,unified-cluster-service,56.5,45.0,1320.0,163438.2,180,2400,907990,34.1
2014-02-20 14:47:00,AWS-Enterprise-Cluster,unified-cluster-service,56.0,45.0,1945.0,174131.1,180,3900,967395,34.1
2014-02-20 14:52:00,AWS-Enterprise-Cluster,unified-cluster-service,60.2,45.0,320.0,157743.0,180,600,876350,34.0
2014-02-20 14:57:00,AWS-Enterprise-Cluster,unified-cluster-service,55.5,45.0,1120.0,171870.3,181,1920,954835,34.4
2014-02-20 15:02:00,AWS-Enterprise-Cluster,unified-cluster-service,66.2,45.0,1245.0,165485.2,183,2220,919362,35.0
2014-02-20 15:07:00,AWS-Enterprise-Cluster,unified-cluster-service,59.1,45.0,320.0,180862.6,180,840,1004792,34.0
2014-02-20 15:12:00,AWS-Enterprise-Cluster,unified-cluster-service,54.8,45.0,1270.0,176620.0,179,2280,981222,33.8
2014-02-20 15:17:00,AWS-Enterprise-Cluster,unified-cluster-service,61.6,45.0,3245.0,171026.6,180,7020,950147,34.1
2014-02-20 15:22:00,AWS-Enterprise-Cluster,unified-cluster-service,58.7,45.0,320.0,177529.1,179,780,986272,33.7
2014-02-20 15:27:00,AWS-Enterprise-Cluster,unified-cluster-service,57.0,45.0,1645.0,165235.5,180,3180,917975,34.1
2014-02-20 15:32:00,AWS-Enterprise-Cluster,unified-cluster-service,61.0,45.0,320.0,190615.9,180,960,1058977,34.1
2014-02-20 15:37:00,AWS-Enterprise-Cluster,unified-cluster-service,38.7,45.0,3095.0,167982.8,180,6660,933237,34.0
2014-02-20 15:42:00,AWS-Enterprise-Cluster,unified-cluster-service,65.9,45.0,2870.0,178478.1,179,6120,991545,33.8
2014-02-20 15:47:00,AWS-Enterprise-Cluster,unified-cluster-service,56.4,45.0,2045.0,174724.2,179,4140,970690,33.7
2014-02-20 15:52:00,AWS-Enterprise-Cluster,unified-cluster-service,39.9,45.0,1695.0,187722.4,180,3300,1042902,34.1
2014-02-20 15:57:00,AWS-Enterprise-Cluster,unified-cluster-service,64.6,45.0,2420.0,169196.4,184,5040,939980,35.3
2014-02-20 16:02:00,AWS-Enterprise-Cluster,unified-cluster-service,58.5,45.0,1695.0,177609.6,178,3300,986720,33.4
2014-02-20 16:07:00,AWS-Enterprise-Cluster,unified-cluster-service,59.4,45.0,1370.0,175389.3,181,2520,974385,34.4
2014-02-20 16:12:00,AWS-Enterprise-Cluster,unified-cluster-service,59.1,45.0,320.0,180235.4,178,360,1001307,33.4
2014-02-20 16:17:00,AWS-Enterprise-Cluster,unified-cluster-service,38.3,45.0,1120.0,164328.3,181,1920,912935,34.4
2014-02-20 16:22:00,AWS-Enterprise-Cluster,unified-cluster-service,66.1,45.0,3095.0,180818.5,180,6660,1004547,34.1
2014-02-20 16:27:00,AWS-Enterprise-Cluster,unified-cluster-service,55.8,45.0,2245.0,173323.4,181,4620,962907,34.4
2014-02-20 16:32:00,AWS-Enterprise-Cluster,unified-cluster-service,55.0,45.0,4370.0,178251.8,180,9720,990287,34.0
2014-02-20 16:37:00,AWS-Enterprise-Cluster,unified-cluster-service,61.4,45.0,3295.0,175102.6,181,7140,972792,34.4
2014-02-20 16:42:00,AWS-Enterprise-Cluster,unified-cluster-service,57.7,45.0,2195.0,171069.8,180,4500,950387,34.0
2014-02-20 16:47:00,AWS-Enterprise-Cluster,unified-cluster-service,56.0,45.0,1170.0,178839.0,180,2040,993550,34.1
2014-02-20 16:52:00,AWS-Enterprise-Cluster,unified-cluster-service,59.9,45.0,1545.0,170079.8,181,2940,944887,34.4
2014-02-20 16:57:00,AWS-Enterprise-Cluster,unified-cluster-service,54.4,45.0,3020.0,139779.9,180,6480,776555,34.1
2014-02-20 17:02:00,AWS-Enterprise-Cluster,unified-cluster-service,65.4,45.0,320.0,100329.8,184,780,557387,35.3
2014-02-20 17:07:00,AWS-Enterprise-Cluster,unified-cluster-service,58.1,45.0,6770.0,108123.8,181,15480,600687,34.3
2014-02-20 17:12:00,AWS-Enterprise-Cluster,unified-cluster-service,54.7,45.0,2745.0,102820.0,179,5820,571222,33.7
2014-02-20 17:17:00,AWS-Enterprise-Cluster,unified-cluster-service,62.3,45.0,3145.0,105930.0,181,6780,588500,34.4
2014-02-20 17:22:00,AWS-Enterprise-Cluster,unified-cluster-service,57.6,45.0,2470.0,113035.9,180,5160,627977,34.1
2014-02-20 17:27:00,AWS-Enterprise-Cluster,unified-cluster-service,56.5,45.0,1945.0,105000.8,181,3900,583337,34.3
2014-02-20 17:32:00,AWS-Enterprise-Cluster,unified-cluster-service,57.8,45.0,3495.0,100750.0,179,7620,559722,33.8
2014-02-20 17:37:00,AWS-Enterprise-Cluster,unified-cluster-service,56.3,45.0,4170.0,88255.8,181,9240,490310,34.4
2014-02-20 17:42:00,AWS-Enterprise-Cluster,unified-cluster-service,58.4,45.0,320.0,29176.9,180,240,162094,34.0
2014-02-20 17:47:00,AWS-Enterprise-Cluster,unified-cluster-service,59.4,45.0,3745.0,26798.4,181,8220,148880,34.4
2014-02-20 17:52:00,AWS-Enterprise-Cluster,unified-cluster-service,38.9,45.0,1145.0,34012.5,181,1980,188958,34.4
2014-02-20 17:57:00,AWS-Enterprise-Cluster,unified-cluster-service,68.9,45.0,320.0,22791.7,181,900,126620,34.3
2014-02-20 18:02:00,AWS-Enterprise-Cluster,unified-cluster-service,56.5,45.0,320.0,30999.9,180,840,172221,34.1
2014-02-20 18:07:00,AWS-Enterprise-Cluster,unified-cluster-service,57.6,45.0,320.0,28465.6,183,1740,158142,35.0
2014-02-20 18:12:00,AWS-Enterprise-Cluster,unified-cluster-service,61.3,45.0,320.0,25293.9,185,240,140521,35.7
2014-02-20 18:17:00,AWS-Enterprise-Cluster,unified-cluster-service,58.2,45.0,320.0,44561.9,181,180,247566,34.4
2014-02-20 18:22:00,AWS-Enterprise-Cluster,unified-cluster-service,57.7,45.0,320.0,40814.4,180,1440,226746,34.1
2014-02-20 18:27:00,AWS-Enterprise-Cluster,unified-cluster-service,58.4,45.0,320.0,43644.2,181,1500,242467,34.3
2014-02-20 18:32:00,AWS-Enterprise-Cluster,unified-cluster-service,39.8,45.0,1920.0,42881.4,180,3840,238230,34.1
2014-02-20 18:37:00,AWS-Enterprise-Cluster,unified-cluster-service,66.4,45.0,320.0,54413.1,181,360,302295,34.3
2014-02-20 18:42:00,AWS-Enterprise-Cluster,unified-cluster-service,55.4,45.0,320.0,45764.6,180,360,254247,34.1
2014-02-20 18:47:00,AWS-Enterprise-Cluster,unified-cluster-service,54.9,45.0,5495.0,52927.2,181,12420,294040,34.3
2014-02-20 18:52:00,AWS-Enterprise-Cluster,unified-cluster-service,60.1,45.0,4795.0,58456.3,180,10740,324757,34.1
2014-02-20 18:57:00,AWS-Enterprise-Cluster,unified-cluster-service,61.1,45.0,3470.0,48158.6,183,7560,267547,34.9
2014-02-20 19:02:00,AWS-Enterprise-Cluster,unified-cluster-service,57.8,45.0,320.0,69560.6,183,900,386447,35.0
2014-02-20 19:07:00,AWS-Enterprise-Cluster,unified-cluster-service,63.8,45.0,2745.0,77663.2,181,5820,431462,34.4
2014-02-20 19:12:00,AWS-Enterprise-Cluster,unified-cluster-service,57.7,45.0,1495.0,82647.4,179,2820,459152,33.8
2014-02-20 19:17:00,AWS-Enterprise-Cluster,unified-cluster-service,58.0,45.0,320.0,88985.2,181,1740,494362,34.4
2014-02-20 19:22:00,AWS-Enterprise-Cluster,unified-cluster-service,58.2,45.0,3995.0,105360.3,179,8820,585335,33.7
2014-02-20 19:27:00,AWS-Enterprise-Cluster,unified-cluster-service,38.8,45.0,1570.0,89354.2,181,3000,496412,34.5
2014-02-20 19:32:00,AWS-Enterprise-Cluster,unified-cluster-service,66.7,45.0,320.0,102088.8,179,840,567160,33.8
2014-02-20 19:37:00,AWS-Enterprise-Cluster,unified-cluster-service,56.3,45.0,320.0,105947.5,180,720,588597,34.0
2014-02-20 19:42:00,AWS-Enterprise-Cluster,unified-cluster-service,54.7,45.0,320.0,108815.9,180,840,604532,34.1
2014-02-20 19:47:00,AWS-Enterprise-Cluster,unified-cluster-service,61.2,45.0,1295.0,101320.2,179,2340,562890,33.8
2014-02-20 19:52:00,AWS-Enterprise-Cluster,unified-cluster-service,58.8,45.0,320.0,107389.8,179,120,596610,33.7
2014-02-20 19:57:00,AWS-Enterprise-Cluster,unified-cluster-service,59.6,45.0,1170.0,98712.5,182,2040,548402,34.7
2014-02-20 20:02:00,AWS-Enterprise-Cluster,unified-cluster-service,59.1,45.0,1895.0,97605.0,179,3780,542250,33.8
2014-02-20 20:07:00,AWS-Enterprise-Cluster,unified-cluster-service,54.5,45.0,320.0,107791.2,180,660,598840,34.1
2014-02-20 20:12:00,AWS-Enterprise-Cluster,unified-cluster-service,63.5,45.0,320.0,106764.8,179,480,593137,33.8
2014-02-20 20:17:00,AWS-Enterprise-Cluster,unified-cluster-service,58.1,45.0,2695.0,106849.3,185,5700,593607,35.6
2014-02-20 20:22:00,AWS-Enterprise-Cluster,unified-cluster-service,55.4,45.0,1870.0,113725.4,179,3720,631807,33.8
2014-02-20 20:27:00,AWS-Enterprise-Cluster,unified-cluster-service,60.1,45.0,3120.0,98933.9,181,6720,549632,34.3
2014-02-20 20:32:00,AWS-Enterprise-Cluster,unified-cluster-service,58.4,45.0,1545.0,99701.6,178,2940,553897,33.5
2014-02-20 20:37:00,AWS-Enterprise-Cluster,unified-cluster-service,56.9,45.0,320.0,108187.7,180,120,601042,34.1
2014-02-20 20:42:00,AWS-Enterprise-Cluster,unified-cluster-service,58.8,45.0,320.0,100471.1,179,600,558172,33.8
2014-02-20 20:47:00,AWS-Enterprise-Cluster,unified-cluster-service,38.9,45.0,320.0,103295.7,178,1800,573865,33.4
2014-02-20 20:52:00,AWS-Enterprise-Cluster,unified-cluster-service,65.9,45.0,320.0,103364.5,180,1740,574247,34.1
2014-02-20 20:57:00,AWS-Enterprise-Cluster,unified-cluster-service,58.0,45.0,320.0,96684.3,180,420,537135,34.0
2014-02-20 21:02:00,AWS-Enterprise-Cluster,unified-cluster-service,54.2,45.0,320.0,100495.8,180,540,558310,34.1
2014-02-20 21:07:00,AWS-Enterprise-Cluster,unified-cluster-service,63.5,45.0,320.0,97727.4,186,180,542930,35.9
2014-02-20 21:12:00,AWS-Enterprise-Cluster,unified-cluster-service,58.1,45.0,320.0,103948.6,181,600,577492,34.4
2014-02-20 21:17:00,AWS-Enterprise-Cluster,unified-cluster-service,56.3,45.0,1595.0,93889.3,181,3060,521607,34.4
2014-02-20 21:22:00,AWS-Enterprise-Cluster,unified-cluster-service,59.3,45.0,2170.0,115835.4,180,4440,643530,34.1
2014-02-20 21:27:00,AWS-Enterprise-Cluster,unified-cluster-service,39.7,45.0,3195.0,101462.9,180,6900,563682,34.0
2014-02-20 21:32:00,AWS-Enterprise-Cluster,unified-cluster-service,64.8,45.0,2320.0,102204.9,180,4800,567805,34.1
2014-02-20 21:37:00,AWS-Enterprise-Cluster,unified-cluster-service,56.9,45.0,320.0,100187.5,181,780,556597,34.3
2014-02-20 21:42:00,AWS-Enterprise-Cluster,unified-cluster-service,39.8,45.0,320.0,94434.8,179,1020,524637,33.8
2014-02-20 21:47:00,AWS-Enterprise-Cluster,unified-cluster-service,62.1,45.0,320.0,94252.5,181,840,523625,34.4
2014-02-20 21:52:00,AWS-Enterprise-Cluster,unified-cluster-service,59.0,45.0,1295.0,100835.1,180,2340,560195,34.1
2014-02-20 21:57:00,AWS-Enterprise-Cluster,unified-cluster-service,60.3,45.0,320.0,102023.6,185,1380,566797,35.6
2014-02-20 22:02:00,AWS-Enterprise-Cluster,unified-cluster-service,59.4,45.0,4620.0,97628.4,181,10320,542380,34.4
2014-02-20 22:07:00,AWS-Enterprise-Cluster,unified-cluster-service,54.8,45.0,1795.0,104308.6,181,3540,579492,34.4
2014-02-20 22:12:00,AWS-Enterprise-Cluster,unified-cluster-service,64.2,45.0,320.0,95099.4,180,180,528330,34.0
2014-02-20 22:17:00,AWS-Enterprise-Cluster,unified-cluster-service,59.2,45.0,3195.0,102512.3,179,6900,569512,33.8
2014-02-20 22:22:00,AWS-Enterprise-Cluster,unified-cluster-service,39.2,45.0,2170.0,109052.5,180,4440,605847,34.1
2014-02-20 22:27:00,AWS-Enterprise-Cluster,unified-cluster-service,64.3,45.0,320.0,98438.4,180,120,546880,34.0
2014-02-20 22:32:00,AWS-Enterprise-Cluster,unified-cluster-service,59.4,45.0,320.0,96863.0,179,1320,538127,33.8
2014-02-20 22:37:00,AWS-Enterprise-Cluster,unified-cluster-service,56.9,45.0,320.0,99638.6,180,480,553547,34.0
2014-02-20 22:42:00,AWS-Enterprise-Cluster,unified-cluster-service,58.2,45.0,2270.0,99632.3,180,4680,553512,34.1
2014-02-20 22:47:00,AWS-Enterprise-Cluster,unified-cluster-service,39.6,45.0,320.0,95206.5,179,480,528925,33.8
2014-02-20 22:52:00,AWS-Enterprise-Cluster,unified-cluster-service,64.2,45.0,320.0,100409.8,180,60,557832,34.1
2014-02-20 22:57:00,AWS-Enterprise-Cluster,unified-cluster-service,60.9,45.0,1545.0,98685.5,181,2940,548252,34.4
2014-02-20 23:02:00,AWS-Enterprise-Cluster,unified-cluster-service,58.2,45.0,320.0,105043.9,179,660,583577,33.8
2014-02-20 23:07:00,AWS-Enterprise-Cluster,unified-cluster-service,61.3,45.0,4245.0,98757.9,186,9420,548655,35.9
2014-02-20 23:12:00,AWS-Enterprise-Cluster,unified-cluster-service,39.9,45.0,1395.0,103946.4,180,2580,577480,34.1
2014-02-20 23:17:00,AWS-Enterprise-Cluster,unified-cluster-service,62.1,45.0,2095.0,92409.3,180,4260,513385,34.0
2014-02-20 23:22:00,AWS-Enterprise-Cluster,unified-cluster-service,59.3,45.0,1095.0,112727.7,179,1860,626265,33.8
2014-02-20 23:27:00,AWS-Enterprise-Cluster,unified-cluster-service,58.6,45.0,1120.0,94325.4,180,1920,524030,34.1
2014-02-20 23:32:00,AWS-Enterprise-Cluster,unified-cluster-service,57.5,45.0,320.0,97843.1,179,480,543572,33.8
2014-02-20 23:37:00,AWS-Enterprise-Cluster,unified-cluster-service,54.4,45.0,320.0,93672.9,180,1500,520405,34.0
2014-02-20 23:42:00,AWS-Enterprise-Cluster,unified-cluster-service,60.8,45.0,2020.0,95264.5,180,4080,529247,34.1
2014-02-20 23:47:00,AWS-Enterprise-Cluster,unified-cluster-service,57.8,45.0,2845.0,103028.0,180,6060,572377,34.0
2014-02-20 23:52:00,AWS-Enterprise-Cluster,unified-cluster-service,59.8,45.0,1695.0,95915.7,180,3300,532865,34.3
2014-02-20 23:57:00,AWS-Enterprise-Cluster,unified-cluster-service,59.1,45.0,4870.0,105676.2,180,10920,587090,34.2
2014-02-21 00:02:00,AWS-Enterprise-Cluster,unified-cluster-service,55.5,45.0,1920.0,100085.9,179,3840,556032,33.7
2014-02-21 00:07:00,AWS-Enterprise-Cluster,unified-cluster-service,62.8,45.0,320.0,108463.9,180,780,602577,34.1
2014-02-21 00:12:00,AWS-Enterprise-Cluster,unified-cluster-service,39.1,45.0,1795.0,97374.6,185,3540,540970,35.6
2014-02-21 00:17:00,AWS-Enterprise-Cluster,unified-cluster-service,67.1,45.0,2495.0,98234.5,182,5220,545747,34.7
2014-02-21 00:22:00,AWS-Enterprise-Cluster,unified-cluster-service,57.2,45.0,320.0,113333.4,179,660,629630,33.8
2014-02-21 00:27:00,AWS-Enterprise-Cluster,unified-cluster-service,55.8,45.0,320.0,98347.0,180,1560,546372,34.1
2014-02-21 00:32:00,AWS-Enterprise-Cluster,unified-cluster-service,60.2,45.0,320.0,98825.9,179,1260,549032,33.8
2014-02-21 00:37:00,AWS-Enterprise-Cluster,unified-cluster-service,38.7,45.0,2845.0,91832.9,181,6060,510182,34.4
2014-02-21 00:42:00,AWS-Enterprise-Cluster,unified-cluster-service,66.2,45.0,320.0,100238.9,178,840,556882,33.4
2014-02-21 00:47:00,AWS-Enterprise-Cluster,unified-cluster-service,55.4,45.0,4895.0,90074.7,180,10980,500415,34.1
2014-02-21 00:52:00,AWS-Enterprise-Cluster,unified-cluster-service,57.2,45.0,1370.0,108319.5,179,2520,601775,33.7
2014-02-21 00:57:00,AWS-Enterprise-Cluster,unified-cluster-service,61.2,45.0,320.0,101165.4,184,360,562030,35.3
2014-02-21 01:02:00,AWS-Enterprise-Cluster,unified-cluster-service,54.2,45.0,320.0,107708.4,183,1560,598380,35.0
2014-02-21 01:07:00,AWS-Enterprise-Cluster,unified-cluster-service,65.7,45.0,3445.0,98919.4,182,7500,549552,34.7
2014-02-21 01:12:00,AWS-Enterprise-Cluster,unified-cluster-service,57.5,45.0,1545.0,104329.8,179,2940,579610,33.8
2014-02-21 01:17:00,AWS-Enterprise-Cluster,unified-cluster-service,58.4,45.0,2495.0,91652.9,178,5220,509182,33.7
2014-02-21 01:22:00,AWS-Enterprise-Cluster,unified-cluster-service,57.2,45.0,1345.0,105506.1,180,2460,586145,34.1
2014-02-21 01:27:00,AWS-Enterprise-Cluster,unified-cluster-service,54.2,45.0,1195.0,101255.9,179,2100,562532,33.8
2014-02-21 01:32:00,AWS-Enterprise-Cluster,unified-cluster-service,62.0,45.0,2070.0,95278.1,179,4200,529322,33.8
2014-02-21 01:37:00,AWS-Enterprise-Cluster,unified-cluster-service,57.2,45.0,320.0,107013.2,185,900,594517,35.6
2014-02-21 01:42:00,AWS-Enterprise-Cluster,unified-cluster-service,58.8,45.0,320.0,103556.7,184,1260,575315,35.3
2014-02-21 01:47:00,AWS-Enterprise-Cluster,unified-cluster-service,57.6,45.0,2620.0,109100.2,181,5520,606112,34.4
2014-02-21 01:52:00,AWS-Enterprise-Cluster,unified-cluster-service,54.6,45.0,3320.0,101358.9,179,7200,563105,33.8
2014-02-21 01:57:00,AWS-Enterprise-Cluster,unified-cluster-service,64.2,45.0,2320.0,112067.1,180,4800,622595,34.0
2014-02-21 02:02:00,AWS-Enterprise-Cluster,unified-cluster-service,58.6,45.0,320.0,95131.8,179,780,528510,33.8
2014-02-21 02:07:00,AWS-Enterprise-Cluster,unified-cluster-service,62.4,45.0,320.0,102957.3,181,360,571985,34.3
2014-02-21 02:12:00,AWS-Enterprise-Cluster,unified-cluster-service,56.2,45.0,320.0,98385.8,180,300,546587,34.1
2014-02-21 02:17:00,AWS-Enterprise-Cluster,unified-cluster-service,56.4,45.0,320.0,107401.9,180,180,596677,34.0
2014-02-21 02:22:00,AWS-Enterprise-Cluster,unified-cluster-service,63.3,45.0,6370.0,110669.8,181,14520,614832,34.3
2014-02-21 02:27:00,AWS-Enterprise-Cluster,unified-cluster-service,58.3,45.0,1545.0,97902.5,181,2940,543902,34.4
2014-02-21 02:32:00,AWS-Enterprise-Cluster,unified-cluster-service,59.8,45.0,320.0,102478.5,186,240,569325,35.9
2014-02-21 02:37:00,AWS-Enterprise-Cluster,unified-cluster-service,57.6,45.0,2645.0,97319.2,181,5580,540662,34.4
2014-02-21 02:42:00,AWS-Enterprise-Cluster,unified-cluster-service,56.5,45.0,1195.0,104517.9,179,2100,580655,33.8
2014-02-21 02:47:00,AWS-Enterprise-Cluster,unified-cluster-service,60.5,45.0,320.0,98172.9,180,600,545405,34.1
2014-02-21 02:52:00,AWS-Enterprise-Cluster,unified-cluster-service,39.0,45.0,1720.0,106131.1,180,3360,589617,34.1
2014-02-21 02:57:00,AWS-Enterprise-Cluster,unified-cluster-service,70.0,45.0,3270.0,102488.9,180,7080,569382,34.1
2014-02-21 03:02:00,AWS-Enterprise-Cluster,unified-cluster-service,56.6,45.0,1320.0,96449.4,179,2400,535830,33.7
2014-02-21 03:07:00,AWS-Enterprise-Cluster,unified-cluster-service,60.2,45.0,1845.0,94412.7,187,3660,524515,36.3
2014-02-21 03:12:00,AWS-Enterprise-Cluster,unified-cluster-service,60.6,45.0,1145.0,98676.0,180,1980,548200,34.0
2014-02-21 03:17:00,AWS-Enterprise-Cluster,unified-cluster-service,38.7,45.0,320.0,115925.4,179,1020,644030,33.8
2014-02-21 03:22:00,AWS-Enterprise-Cluster,unified-cluster-service,65.8,45.0,2895.0,113256.4,179,6180,629202,33.7
2014-02-21 03:27:00,AWS-Enterprise-Cluster,unified-cluster-service,56.3,45.0,1920.0,96576.8,180,3840,536537,34.1
2014-02-21 03:32:00,AWS-Enterprise-Cluster,unified-cluster-service,56.9,45.0,1470.0,93683.2,179,2760,520462,33.7
2014-02-21 03:37:00,AWS-Enterprise-Cluster,unified-cluster-service,59.0,45.0,320.0,103886.1,178,540,577145,33.7
2014-02-21 03:42:00,AWS-Enterprise-Cluster,unified-cluster-service,55.5,45.0,3220.0,95257.8,178,6960,529210,33.5
2014-02-21 03:47:00,AWS-Enterprise-Cluster,unified-cluster-service,64.0,45.0,320.0,98592.3,180,300,547735,34.0
2014-02-21 03:52:00,AWS-Enterprise-Cluster,unified-cluster-service,57.8,45.0,1720.0,86335.2,179,3360,479640,33.7
2014-02-21 03:57:00,AWS-Enterprise-Cluster,unified-cluster-service,61.0,45.0,1370.0,103467.1,179,2520,574817,33.7
2014-02-21 04:02:00,AWS-Enterprise-Cluster,unified-cluster-service,59.0,45.0,1445.0,90222.8,179,2700,501237,33.7
2014-02-21 04:07:00,AWS-Enterprise-Cluster,unified-cluster-service,55.8,45.0,4270.0,28716.5,180,9480,159536,34.1
2014-02-21 04:12:00,AWS-Enterprise-Cluster,unified-cluster-service,64.7,45.0,2895.0,17332.5,178,6180,96291,33.4
2014-02-21 04:17:00,AWS-Enterprise-Cluster,unified-cluster-service,57.9,45.0,3995.0,18297.1,181,8820,101650,34.4
2014-02-21 04:22:00,AWS-Enterprise-Cluster,unified-cluster-service,58.8,45.0,2220.0,39718.3,178,4560,220657,33.4
2014-02-21 04:27:00,AWS-Enterprise-Cluster,unified-cluster-service,58.4,45.0,2370.0,22978.3,179,4920,127657,33.7
2014-02-21 04:32:00,AWS-Enterprise-Cluster,unified-cluster-service,54.7,45.0,4595.0,167228.1,178,10260,929045,33.4
2014-02-21 04:37:00,AWS-Enterprise-Cluster,unified-cluster-service,64.1,45.0,1445.0,121731.3,181,2700,676285,34.3
2014-02-21 04:42:00,AWS-Enterprise-Cluster,unified-cluster-service,58.0,45.0,3970.0,110740.5,179,8760,615225,33.8
2014-02-21 04:47:00,AWS-Enterprise-Cluster,unified-cluster-service,56.8,45.0,1220.0,93774.6,180,2160,520970,34.0
2014-02-21 04:52:00,AWS-Enterprise-Cluster,unified-cluster-service,58.7,45.0,2445.0,113450.0,179,5100,630277,33.8
2014-02-21 04:57:00,AWS-Enterprise-Cluster,unified-cluster-service,56.1,45.0,320.0,102155.4,180,900,567530,34.1
2014-02-21 05:02:00,AWS-Enterprise-Cluster,unified-cluster-service,67.7,45.0,2095.0,107924.8,178,4260,599582,33.4
2014-02-21 05:07:00,AWS-Enterprise-Cluster,unified-cluster-service,57.5,45.0,6420.0,110226.6,180,14640,612370,34.1
2014-02-21 05:12:00,AWS-Enterprise-Cluster,unified-cluster-service,57.0,45.0,2570.0,101548.8,178,5400,564160,33.4
2014-02-21 05:17:00,AWS-Enterprise-Cluster,unified-cluster-service,59.4,45.0,3195.0,108962.1,179,6900,605345,33.8
2014-02-21 05:22:00,AWS-Enterprise-Cluster,unified-cluster-service,38.7,45.0,5195.0,106341.3,180,11700,590785,34.1
2014-02-21 05:27:00,AWS-Enterprise-Cluster,unified-cluster-service,65.6,45.0,4170.0,114251.4,179,9240,634730,33.7
2014-02-21 05:32:00,AWS-Enterprise-Cluster,unified-cluster-service,56.7,45.0,6470.0,100766.7,179,14760,559815,33.7
2014-02-21 05:37:00,AWS-Enterprise-Cluster,unified-cluster-service,57.8,45.0,2070.0,110172.1,180,4200,612067,34.0
2014-02-21 05:42:00,AWS-Enterprise-Cluster,unified-cluster-service,60.4,45.0,320.0,106238.2,178,1020,590212,33.5
2014-02-21 05:47:00,AWS-Enterprise-Cluster,unified-cluster-service,39.5,45.0,2870.0,114706.4,180,6120,637257,34.0
2014-02-21 05:52:00,AWS-Enterprise-Cluster,unified-cluster-service,63.5,45.0,320.0,108099.4,179,420,600552,33.8
2014-02-21 05:57:00,AWS-Enterprise-Cluster,unified-cluster-service,61.3,45.0,4020.0,115769.7,180,8880,643165,34.0
2014-02-21 06:02:00,AWS-Enterprise-Cluster,unified-cluster-service,58.5,45.0,4395.0,108815.0,179,9780,604527,33.8
2014-02-21 06:07:00,AWS-Enterprise-Cluster,unified-cluster-service,61.1,45.0,3845.0,141066.0,181,8460,783700,34.4
2014-02-21 06:12:00,AWS-Enterprise-Cluster,unified-cluster-service,54.5,45.0,320.0,155292.8,180,120,862737,34.1
2014-02-21 06:17:00,AWS-Enterprise-Cluster,unified-cluster-service,64.4,45.0,1095.0,151269.8,180,1860,840387,34.1
2014-02-21 06:22:00,AWS-Enterprise-Cluster,unified-cluster-service,59.8,45.0,320.0,115002.0,180,180,638900,34.1
2014-02-21 06:27:00,AWS-Enterprise-Cluster,unified-cluster-service,59.1,45.0,3320.0,99668.7,180,7200,553715,34.0
2014-02-21 06:32:00,AWS-Enterprise-Cluster,unified-cluster-service,58.2,45.0,1670.0,97657.7,179,3240,542542,33.8
2014-02-21 06:37:00,AWS-Enterprise-Cluster,unified-cluster-service,39.8,45.0,1695.0,98927.1,180,3300,549595,34.0
2014-02-21 06:42:00,AWS-Enterprise-Cluster,unified-cluster-service,64.0,45.0,320.0,116289.9,179,840,646055,33.8
2014-02-21 06:47:00,AWS-Enterprise-Cluster,unified-cluster-service,58.5,45.0,6195.0,107716.1,180,14100,598422,34.1
2014-02-21 06:52:00,AWS-Enterprise-Cluster,unified-cluster-service,57.8,45.0,3770.0,107738.1,179,8280,598545,33.8
2014-02-21 06:57:00,AWS-Enterprise-Cluster,unified-cluster-service,60.6,45.0,2720.0,108745.7,181,5760,604142,34.4
2014-02-21 07:02:00,AWS-Enterprise-Cluster,unified-cluster-service,39.0,45.0,320.0,121569.3,180,360,675385,34.1
2014-02-21 07:07:00,AWS-Enterprise-Cluster,unified-cluster-service,65.8,45.0,2570.0,129435.3,180,5400,719085,34.1
2014-02-21 07:12:00,AWS-Enterprise-Cluster,unified-cluster-service,57.8,45.0,2595.0,149040.5,179,5460,828002,33.7
2014-02-21 07:17:00,AWS-Enterprise-Cluster,unified-cluster-service,57.3,45.0,2395.0,102311.6,180,4980,568397,34.1
2014-02-21 07:22:00,AWS-Enterprise-Cluster,unified-cluster-service,59.4,45.0,2645.0,163117.4,179,5580,906207,33.8
2014-02-21 07:27:00,AWS-Enterprise-Cluster,unified-cluster-service,59.2,45.0,2620.0,176990.0,180,5520,983277,34.1
2014-02-21 07:32:00,AWS-Enterprise-Cluster,unified-cluster-service,57.4,45.0,6920.0,181874.2,178,15840,1010412,33.4
2014-02-21 07:37:00,AWS-Enterprise-Cluster,unified-cluster-service,57.1,45.0,3895.0,179779.5,180,8580,998775,34.1
2014-02-21 07:42:00,AWS-Enterprise-Cluster,unified-cluster-service,39.5,45.0,2845.0,168388.6,179,6060,935492,33.7
2014-02-21 07:47:00,AWS-Enterprise-Cluster,unified-cluster-service,62.7,45.0,2295.0,183305.2,178,4740,1018362,33.5
2014-02-21 07:52:00,AWS-Enterprise-Cluster,unified-cluster-service,59.1,45.0,3145.0,179927.5,184,6780,999597,35.3
2014-02-21 07:57:00,AWS-Enterprise-Cluster,unified-cluster-service,59.1,45.0,2220.0,194037.8,181,4560,1077987,34.3
2014-02-21 08:02:00,AWS-Enterprise-Cluster,unified-cluster-service,59.6,45.0,3170.0,189292.0,179,6840,1051622,33.8
2014-02-21 08:07:00,AWS-Enterprise-Cluster,unified-cluster-service,54.9,45.0,1495.0,486693.0,180,2820,2703850,34.1
2014-02-21 08:12:00,AWS-Enterprise-Cluster,unified-cluster-service,66.3,45.0,2745.0,172694.7,178,5820,959415,33.4
2014-02-21 08:17:00,AWS-Enterprise-Cluster,unified-cluster-service,56.2,45.0,1620.0,175702.5,178,3120,976125,33.4
2014-02-21 08:22:00,AWS-Enterprise-Cluster,unified-cluster-service,58.2,45.0,1320.0,178663.0,182,2400,992572,34.7
2014-02-21 08:27:00,AWS-Enterprise-Cluster,unified-cluster-service,59.0,45.0,2145.0,492520.5,180,4380,2736225,34.1
2014-02-21 08:32:00,AWS-Enterprise-Cluster,unified-cluster-service,38.8,45.0,1620.0,176589.0,180,3120,981050,34.0
2014-02-21 08:37:00,AWS-Enterprise-Cluster,unified-cluster-service,65.3,45.0,3120.0,171726.8,181,6720,954037,34.3
2014-02-21 08:42:00,AWS-Enterprise-Cluster,unified-cluster-service,56.3,45.0,4570.0,176076.5,178,10200,978202,33.5
2014-02-21 08:47:00,AWS-Enterprise-Cluster,unified-cluster-service,56.3,45.0,1295.0,176935.9,179,2340,982977,33.8
2014-02-21 08:52:00,AWS-Enterprise-Cluster,unified-cluster-service,60.9,45.0,1695.0,149031.9,180,3300,827955,34.1
2014-02-21 08:57:00,AWS-Enterprise-Cluster,unified-cluster-service,55.3,45.0,5195.0,157874.0,180,11700,877077,34.1
2014-02-21 09:02:00,AWS-Enterprise-Cluster,unified-cluster-service,66.2,45.0,5170.0,114864.8,178,11640,638137,33.4
2014-02-21 09:07:00,AWS-Enterprise-Cluster,unified-cluster-service,58.4,45.0,1920.0,111220.2,182,3840,617890,34.7
2014-02-21 09:12:00,AWS-Enterprise-Cluster,unified-cluster-service,57.1,45.0,2095.0,105991.6,178,4260,588842,33.4
2014-02-21 09:17:00,AWS-Enterprise-Cluster,unified-cluster-service,59.9,45.0,1095.0,114379.2,181,1860,635440,34.4
2014-02-21 09:22:00,AWS-Enterprise-Cluster,unified-cluster-service,38.9,45.0,320.0,117741.1,180,1740,654117,34.1
2014-02-21 09:27:00,AWS-Enterprise-Cluster,unified-cluster-service,67.4,45.0,3495.0,251101.3,181,7620,1395007,34.4
2014-02-21 09:32:00,AWS-Enterprise-Cluster,unified-cluster-service,56.8,45.0,3270.0,116189.1,180,7080,645495,34.0
2014-02-21 09:37:00,AWS-Enterprise-Cluster,unified-cluster-service,55.1,45.0,1270.0,131029.2,180,2280,727940,34.1
2014-02-21 09:42:00,AWS-Enterprise-Cluster,unified-cluster-service,60.1,45.0,3220.0,111133.8,179,6960,617410,33.7
2014-02-21 09:47:00,AWS-Enterprise-Cluster,unified-cluster-service,38.9,45.0,2945.0,129077.5,181,6300,717097,34.4
2014-02-21 09:52:00,AWS-Enterprise-Cluster,unified-cluster-service,65.7,45.0,1595.0,140040.0,179,3060,778000,33.7
2014-02-21 09:57:00,AWS-Enterprise-Cluster,unified-cluster-service,58.7,45.0,3045.0,135851.9,181,6540,754732,34.3
2014-02-21 10:02:00,AWS-Enterprise-Cluster,unified-cluster-service,55.8,45.0,1770.0,152451.0,179,3480,846950,33.7
2014-02-21 10:07:00,AWS-Enterprise-Cluster,unified-cluster-service,64.6,45.0,3945.0,286790.4,182,8700,1593280,34.7
2014-02-21 10:12:00,AWS-Enterprise-Cluster,unified-cluster-service,57.8,45.0,2495.0,340961.9,180,5220,1894232,34.1
2014-02-21 10:17:00,AWS-Enterprise-Cluster,unified-cluster-service,59.1,45.0,1670.0,161537.0,180,3240,897427,34.1
2014-02-21 10:22:00,AWS-Enterprise-Cluster,unified-cluster-service,57.9,45.0,1295.0,179641.8,180,2340,998010,34.1
2014-02-21 10:27:00,AWS-Enterprise-Cluster,unified-cluster-service,54.2,45.0,7020.0,457726.5,180,16080,2542925,34.0
2014-02-21 10:32:00,AWS-Enterprise-Cluster,unified-cluster-service,62.6,45.0,2095.0,129351.1,179,4260,718617,33.8
2014-02-21 10:37:00,AWS-Enterprise-Cluster,unified-cluster-service,58.3,45.0,4545.0,116111.2,181,10140,645062,34.4
2014-02-21 10:42:00,AWS-Enterprise-Cluster,unified-cluster-service,58.6,45.0,3020.0,104784.8,179,6480,582137,33.8
2014-02-21 10:47:00,AWS-Enterprise-Cluster,unified-cluster-service,59.0,45.0,6870.0,131589.0,180,15720,731050,34.1
2014-02-21 10:52:00,AWS-Enterprise-Cluster,unified-cluster-service,54.1,45.0,9545.0,111775.0,179,22140,620972,33.8
2014-02-21 10:57:00,AWS-Enterprise-Cluster,unified-cluster-service,68.9,45.0,7345.0,154195.2,181,16860,856640,34.4
2014-02-21 11:02:00,AWS-Enterprise-Cluster,unified-cluster-service,57.8,45.0,3395.0,151559.1,182,7380,841995,34.7
2014-02-21 11:07:00,AWS-Enterprise-Cluster,unified-cluster-service,59.6,45.0,4495.0,155277.0,180,10020,862650,34.1
2014-02-21 11:12:00,AWS-Enterprise-Cluster,unified-cluster-service,58.7,45.0,1695.0,468535.5,179,3300,2602975,33.8
2014-02-21 11:17:00,AWS-Enterprise-Cluster,unified-cluster-service,39.0,45.0,5170.0,108593.1,180,11640,603295,34.1
2014-02-21 11:22:00,AWS-Enterprise-Cluster,unified-cluster-service,63.9,45.0,320.0,107153.6,179,1800,595297,33.8
2014-02-21 11:27:00,AWS-Enterprise-Cluster,unified-cluster-service,58.0,45.0,3095.0,386823.1,180,6660,2149017,34.1
2014-02-21 11:32:00,AWS-Enterprise-Cluster,unified-cluster-service,56.5,45.0,1395.0,101588.0,179,2580,564377,33.7
2014-02-21 11:37:00,AWS-Enterprise-Cluster,unified-cluster-service,59.7,45.0,3445.0,99572.4,180,7500,553180,34.1
2014-02-21 11:42:00,AWS-Enterprise-Cluster,unified-cluster-service,38.5,45.0,320.0,105486.8,179,1320,586037,33.8
2014-02-21 11:47:00,AWS-Enterprise-Cluster,unified-cluster-service,65.9,45.0,2545.0,104629.1,180,5340,581272,34.1
2014-02-21 11:52:00,AWS-Enterprise-Cluster,unified-cluster-service,56.0,45.0,320.0,102656.2,180,1620,570312,34.0
2014-02-21 11:57:00,AWS-Enterprise-Cluster,unified-cluster-service,59.3,45.0,2820.0,98863.2,180,6000,549240,34.1
2014-02-21 12:02:00,AWS-Enterprise-Cluster,unified-cluster-service,59.2,45.0,3795.0,105026.4,179,8340,583480,33.7
2014-02-21 12:07:00,AWS-Enterprise-Cluster,unified-cluster-service,54.7,45.0,6020.0,98045.1,181,13680,544695,34.4
2014-02-21 12:12:00,AWS-Enterprise-Cluster,unified-cluster-service,65.0,45.0,1795.0,216073.4,179,3540,1200407,33.8
2014-02-21 12:17:00,AWS-Enterprise-Cluster,unified-cluster-service,56.5,45.0,1345.0,97130.7,181,2460,539615,34.4
2014-02-21 12:22:00,AWS-Enterprise-Cluster,unified-cluster-service,57.4,45.0,2595.0,105395.0,180,5460,585527,34.1
2014-02-21 12:27:00,AWS-Enterprise-Cluster,unified-cluster-service,59.6,45.0,1920.0,207335.2,182,3840,1151862,34.7
2014-02-21 12:32:00,AWS-Enterprise-Cluster,unified-cluster-service,54.9,45.0,2445.0,101062.8,181,5100,561460,34.4
2014-02-21 12:37:00,AWS-Enterprise-Cluster,unified-cluster-service,65.5,45.0,320.0,108303.8,181,960,601687,34.4
2014-02-21 12:42:00,AWS-Enterprise-Cluster,unified-cluster-service,58.8,45.0,2245.0,100944.4,180,4620,560802,34.1
2014-02-21 12:47:00,AWS-Enterprise-Cluster,unified-cluster-service,58.4,45.0,3895.0,102097.8,181,8580,567210,34.4
2014-02-21 12:52:00,AWS-Enterprise-Cluster,unified-cluster-service,58.9,45.0,1570.0,92965.5,181,3000,516475,34.4
2014-02-21 12:57:00,AWS-Enterprise-Cluster,unified-cluster-service,55.9,45.0,1220.0,105873.8,180,2160,588187,34.0
2014-02-21 13:02:00,AWS-Enterprise-Cluster,unified-cluster-service,66.9,45.0,320.0,97825.0,179,780,543472,33.8
2014-02-21 13:07:00,AWS-Enterprise-Cluster,unified-cluster-service,57.8,45.0,320.0,98645.9,180,1740,548032,34.0
2014-02-21 13:12:00,AWS-Enterprise-Cluster,unified-cluster-service,56.9,45.0,1145.0,283964.0,182,1980,1577577,34.7
2014-02-21 13:17:00,AWS-Enterprise-Cluster,unified-cluster-service,58.3,45.0,4320.0,107002.8,180,9600,594460,34.1
2014-02-21 13:22:00,AWS-Enterprise-Cluster,unified-cluster-service,39.5,45.0,4445.0,104102.1,180,9900,578345,34.1
2014-02-21 13:27:00,AWS-Enterprise-Cluster,unified-cluster-service,62.6,45.0,1245.0,317694.2,181,2220,1764967,34.4
2014-02-21 13:32:00,AWS-Enterprise-Cluster,unified-cluster-service,58.0,45.0,3295.0,102278.2,182,7140,568212,34.7
2014-02-21 13:37:00,AWS-Enterprise-Cluster,unified-cluster-service,57.0,45.0,320.0,95898.6,181,1260,532770,34.3
2014-02-21 13:42:00,AWS-Enterprise-Cluster,unified-cluster-service,56.2,45.0,1120.0,107296.2,179,1920,596090,33.8
2014-02-21 13:47:00,AWS-Enterprise-Cluster,unified-cluster-service,38.7,45.0,1720.0,100416.1,180,3360,557867,34.0
2014-02-21 13:52:00,AWS-Enterprise-Cluster,unified-cluster-service,64.9,45.0,1720.0,100876.9,180,3360,560427,34.1
2014-02-21 13:57:00,AWS-Enterprise-Cluster,unified-cluster-service,59.6,45.0,3720.0,97479.9,183,8160,541555,35.0
2014-02-21 14:02:00,AWS-Enterprise-Cluster,unified-cluster-service,57.9,45.0,2445.0,114831.0,176,5100,637950,32.8
2014-02-21 14:07:00,AWS-Enterprise-Cluster,unified-cluster-service,61.3,45.0,1245.0,96739.6,179,2220,537442,33.8
2014-02-21 14:12:00,AWS-Enterprise-Cluster,unified-cluster-service,38.8,45.0,320.0,94656.1,181,180,525867,34.4
2014-02-21 14:17:00,AWS-Enterprise-Cluster,unified-cluster-service,66.1,45.0,2320.0,97961.8,179,4800,544232,33.8
2014-02-21 14:22:00,AWS-Enterprise-Cluster,unified-cluster-service,56.9,45.0,5320.0,94647.1,179,12000,525817,33.7
2014-02-21 14:27:00,AWS-Enterprise-Cluster,unified-cluster-service,58.8,45.0,1945.0,99632.3,179,3900,553512,33.8
2014-02-21 14:32:00,AWS-Enterprise-Cluster,unified-cluster-service,58.7,45.0,4470.0,99330.8,183,9960,551837,35.0
2014-02-21 14:37:00,AWS-Enterprise-Cluster,unified-cluster-service,55.2,45.0,1795.0,105508.8,179,3540,586160,33.8
2014-02-21 14:42:00,AWS-Enterprise-Cluster,unified-cluster-service,63.9,45.0,1845.0,100017.5,178,3660,555652,33.4
2014-02-21 14:47:00,AWS-Enterprise-Cluster,unified-cluster-service,57.8,45.0,320.0,104195.7,181,300,578865,34.4
2014-02-21 14:52:00,AWS-Enterprise-Cluster,unified-cluster-service,59.3,45.0,320.0,101157.3,178,780,561985,33.4
2014-02-21 14:57:00,AWS-Enterprise-Cluster,unified-cluster-service,61.1,45.0,4495.0,99839.2,181,10020,554662,34.3
2014-02-21 15:02:00,AWS-Enterprise-Cluster,unified-cluster-service,39.5,45.0,1795.0,100003.1,182,3540,555572,34.7
2014-02-21 15:07:00,AWS-Enterprise-Cluster,unified-cluster-service,65.7,45.0,1995.0,98607.6,182,4020,547820,34.7
2014-02-21 15:12:00,AWS-Enterprise-Cluster,unified-cluster-service,56.5,45.0,2820.0,99981.4,178,6000,555452,33.4
2014-02-21 15:17:00,AWS-Enterprise-Cluster,unified-cluster-service,56.8,45.0,4545.0,95610.6,180,10140,531170,34.1
2014-02-21 15:22:00,AWS-Enterprise-Cluster,unified-cluster-service,59.1,45.0,2920.0,101409.3,180,6240,563385,34.1
2014-02-21 15:27:00,AWS-Enterprise-Cluster,unified-cluster-service,39.9,45.0,1170.0,91228.1,180,2040,506822,34.1
2014-02-21 15:32:00,AWS-Enterprise-Cluster,unified-cluster-service,63.5,45.0,3495.0,99120.6,179,7620,550670,33.7
2014-02-21 15:37:00,AWS-Enterprise-Cluster,unified-cluster-service,58.2,45.0,3620.0,90826.6,181,7920,504592,34.4
2014-02-21 15:42:00,AWS-Enterprise-Cluster,unified-cluster-service,56.7,45.0,320.0,96162.3,180,240,534235,34.1
2014-02-21 15:47:00,AWS-Enterprise-Cluster,unified-cluster-service,59.3,45.0,1095.0,94449.6,180,1860,524720,34.0
2014-02-21 15:52:00,AWS-Enterprise-Cluster,unified-cluster-service,39.0,45.0,1970.0,95583.6,180,3960,531020,34.1
2014-02-21 15:57:00,AWS-Enterprise-Cluster,unified-cluster-service,65.8,45.0,3795.0,90405.0,180,8340,502250,34.1
2014-02-21 16:02:00,AWS-Enterprise-Cluster,unified-cluster-service,60.0,45.0,3895.0,96285.2,180,8580,534917,34.1
2014-02-21 16:07:00,AWS-Enterprise-Cluster,unified-cluster-service,61.0,45.0,2470.0,102132.0,183,5160,567400,35.0
2014-02-21 16:12:00,AWS-Enterprise-Cluster,unified-cluster-service,58.4,45.0,2870.0,87842.2,179,6120,488012,33.8
2014-02-21 16:17:00,AWS-Enterprise-Cluster,unified-cluster-service,39.6,45.0,2545.0,101872.3,179,5340,565957,33.8
2014-02-21 16:22:00,AWS-Enterprise-Cluster,unified-cluster-service,61.7,45.0,1620.0,412868.7,179,3120,2293715,33.8
2014-02-21 16:27:00,AWS-Enterprise-Cluster,unified-cluster-service,58.9,45.0,320.0,98195.0,180,840,545527,34.1
2014-02-21 16:32:00,AWS-Enterprise-Cluster,unified-cluster-service,58.5,45.0,320.0,94401.0,179,600,524450,33.7
2014-02-21 16:37:00,AWS-Enterprise-Cluster,unified-cluster-service,57.4,45.0,320.0,102011.4,180,480,566730,34.1
2014-02-21 16:42:00,AWS-Enterprise-Cluster,unified-cluster-service,56.0,45.0,1720.0,86376.6,178,3360,479870,33.4
2014-02-21 16:47:00,AWS-Enterprise-Cluster,unified-cluster-service,61.1,45.0,1645.0,99440.6,180,3180,552447,34.1
2014-02-21 16:52:00,AWS-Enterprise-Cluster,unified-cluster-service,38.9,45.0,4295.0,93306.6,179,9540,518370,33.8
2014-02-21 16:57:00,AWS-Enterprise-Cluster,unified-cluster-service,68.8,45.0,1320.0,96396.8,179,2400,535537,33.8
2014-02-21 17:02:00,AWS-Enterprise-Cluster,unified-cluster-service,56.5,45.0,320.0,97334.5,179,60,540747,33.8
2014-02-21 17:07:00,AWS-Enterprise-Cluster,unified-cluster-service,59.4,45.0,1370.0,95456.2,180,2520,530312,34.0
2014-02-21 17:12:00,AWS-Enterprise-Cluster,unified-cluster-service,62.6,45.0,2695.0,93550.0,178,5700,519722,33.5
2014-02-21 17:17:00,AWS-Enterprise-Cluster,unified-cluster-service,58.9,45.0,3945.0,93393.9,184,8700,518855,35.3
2014-02-21 17:22:00,AWS-Enterprise-Cluster,unified-cluster-service,59.2,45.0,1295.0,106712.1,180,2340,592845,34.1
2014-02-21 17:27:00,AWS-Enterprise-Cluster,unified-cluster-service,57.0,45.0,320.0,95716.4,179,1020,531757,33.8
2014-02-21 17:32:00,AWS-Enterprise-Cluster,unified-cluster-service,56.2,45.0,2145.0,95125.9,179,4380,528477,33.7
2014-02-21 17:37:00,AWS-Enterprise-Cluster,unified-cluster-service,62.6,45.0,3020.0,90433.4,179,6480,502407,33.8
2014-02-21 17:42:00,AWS-Enterprise-Cluster,unified-cluster-service,58.7,45.0,1970.0,96378.3,179,3960,535435,33.7
2014-02-21 17:47:00,AWS-Enterprise-Cluster,unified-cluster-service,58.8,45.0,1420.0,93387.1,180,2640,518817,34.1
2014-02-21 17:52:00,AWS-Enterprise-Cluster,unified-cluster-service,58.3,45.0,320.0,97560.5,179,480,542002,33.8
2014-02-21 17:57:00,AWS-Enterprise-Cluster,unified-cluster-service,57.0,45.0,1120.0,94882.0,180,1920,527122,34.1
2014-02-21 18:02:00,AWS-Enterprise-Cluster,unified-cluster-service,63.4,45.0,320.0,96913.4,179,180,538407,33.7
2014-02-21 18:07:00,AWS-Enterprise-Cluster,unified-cluster-service,60.3,45.0,2745.0,94619.7,180,5820,525665,34.0
2014-02-21 18:12:00,AWS-Enterprise-Cluster,unified-cluster-service,59.6,45.0,1970.0,97278.8,178,3960,540437,33.5
2014-02-21 18:17:00,AWS-Enterprise-Cluster,unified-cluster-service,58.1,45.0,3445.0,99495.5,180,7500,552752,34.0
2014-02-21 18:22:00,AWS-Enterprise-Cluster,unified-cluster-service,39.8,45.0,2395.0,97684.6,179,4980,542692,33.8
2014-02-21 18:27:00,AWS-Enterprise-Cluster,unified-cluster-service,62.7,45.0,320.0,99204.8,185,900,551137,35.6
2014-02-21 18:32:00,AWS-Enterprise-Cluster,unified-cluster-service,58.3,45.0,2120.0,83844.9,178,4320,465805,33.4
2014-02-21 18:37:00,AWS-Enterprise-Cluster,unified-cluster-service,58.3,45.0,320.0,99238.9,180,720,551327,34.1
2014-02-21 18:42:00,AWS-Enterprise-Cluster,unified-cluster-service,57.6,45.0,320.0,92856.6,179,1500,515870,33.8
2014-02-21 18:47:00,AWS-Enterprise-Cluster,unified-cluster-service,55.6,45.0,2645.0,100237.0,181,5580,556872,34.3
2014-02-21 18:52:00,AWS-Enterprise-Cluster,unified-cluster-service,61.8,45.0,320.0,95676.3,179,840,531535,33.8
2014-02-21 18:57:00,AWS-Enterprise-Cluster,unified-cluster-service,60.7,45.0,320.0,90580.1,180,900,503222,34.1
2014-02-21 19:02:00,AWS-Enterprise-Cluster,unified-cluster-service,59.0,45.0,1595.0,97446.6,182,3060,541370,34.7
2014-02-21 19:07:00,AWS-Enterprise-Cluster,unified-cluster-service,62.7,45.0,2545.0,104114.7,184,5340,578415,35.3
2014-02-21 19:12:00,AWS-Enterprise-Cluster,unified-cluster-service,55.0,45.0,320.0,95605.7,180,180,531142,34.1
2014-02-21 19:17:00,AWS-Enterprise-Cluster,unified-cluster-service,61.4,45.0,320.0,93391.2,182,1020,518840,34.7
2014-02-21 19:22:00,AWS-Enterprise-Cluster,unified-cluster-service,58.1,45.0,2045.0,106180.2,178,4140,589890,33.4
2014-02-21 19:27:00,AWS-Enterprise-Cluster,unified-cluster-service,59.2,45.0,320.0,96263.6,180,840,534797,34.1
2014-02-21 19:32:00,AWS-Enterprise-Cluster,unified-cluster-service,56.1,45.0,320.0,98436.6,180,720,546870,34.1
2014-02-21 19:37:00,AWS-Enterprise-Cluster,unified-cluster-service,56.4,45.0,2345.0,101354.8,181,4860,563082,34.3
2014-02-21 19:42:00,AWS-Enterprise-Cluster,unified-cluster-service,60.5,45.0,1270.0,99847.3,180,2280,554707,34.0
2014-02-21 19:47:00,AWS-Enterprise-Cluster,unified-cluster-service,38.5,45.0,1370.0,94121.1,180,2520,522895,34.1
2014-02-21 19:52:00,AWS-Enterprise-Cluster,unified-cluster-service,62.9,45.0,2170.0,97192.8,180,4440,539960,34.1
2014-02-21 19:57:00,AWS-Enterprise-Cluster,unified-cluster-service,60.6,45.0,320.0,105385.5,186,240,585475,35.9
2014-02-21 20:02:00,AWS-Enterprise-Cluster,unified-cluster-service,58.1,45.0,3495.0,123643.4,179,7620,686907,33.8
2014-02-21 20:07:00,AWS-Enterprise-Cluster,unified-cluster-service,62.9,45.0,1245.0,72804.6,181,2220,404470,34.4
2014-02-21 20:12:00,AWS-Enterprise-Cluster,unified-cluster-service,54.2,45.0,1145.0,94691.2,179,1980,526062,33.8
2014-02-21 20:17:00,AWS-Enterprise-Cluster,unified-cluster-service,63.6,45.0,320.0,99152.5,180,1680,550847,34.1
2014-02-21 20:22:00,AWS-Enterprise-Cluster,unified-cluster-service,59.0,45.0,5470.0,103446.0,180,12360,574700,34.1
2014-02-21 20:27:00,AWS-Enterprise-Cluster,unified-cluster-service,57.3,45.0,320.0,99019.8,185,180,550110,35.6
2014-02-21 20:32:00,AWS-Enterprise-Cluster,unified-cluster-service,58.3,45.0,320.0,93184.6,179,180,517692,33.8
2014-02-21 20:37:00,AWS-Enterprise-Cluster,unified-cluster-service,39.5,45.0,320.0,101928.2,180,960,566267,34.1
2014-02-21 20:42:00,AWS-Enterprise-Cluster,unified-cluster-service,64.3,45.0,320.0,95814.4,178,1800,532302,33.4
2014-02-21 20:47:00,AWS-Enterprise-Cluster,unified-cluster-service,58.2,45.0,320.0,92681.1,180,360,514895,34.1
2014-02-21 20:52:00,AWS-Enterprise-Cluster,unified-cluster-service,58.5,45.0,320.0,100123.2,180,660,556240,34.1
2014-02-21 20:57:00,AWS-Enterprise-Cluster,unified-cluster-service,62.1,45.0,1770.0,98062.2,179,3480,544790,33.8
2014-02-21 21:02:00,AWS-Enterprise-Cluster,unified-cluster-service,39.8,45.0,2370.0,99223.2,178,4920,551240,33.4
2014-02-21 21:07:00,AWS-Enterprise-Cluster,unified-cluster-service,66.6,45.0,4120.0,102971.2,184,9120,572062,35.3
2014-02-21 21:12:00,AWS-Enterprise-Cluster,unified-cluster-service,58.8,45.0,320.0,95071.5,181,120,528175,34.4
2014-02-21 21:17:00,AWS-Enterprise-Cluster,unified-cluster-service,57.6,45.0,3420.0,97092.0,179,7440,539400,33.8
2014-02-21 21:22:00,AWS-Enterprise-Cluster,unified-cluster-service,59.1,45.0,1270.0,108248.0,180,2280,601377,34.1
2014-02-21 21:27:00,AWS-Enterprise-Cluster,unified-cluster-service,38.9,45.0,3795.0,91883.7,178,8340,510465,33.4
2014-02-21 21:32:00,AWS-Enterprise-Cluster,unified-cluster-service,63.9,45.0,1895.0,99134.1,179,3780,550745,33.8
2014-02-21 21:37:00,AWS-Enterprise-Cluster,unified-cluster-service,57.8,45.0,1695.0,94720.0,179,3300,526222,33.8
2014-02-21 21:42:00,AWS-Enterprise-Cluster,unified-cluster-service,58.5,45.0,320.0,93660.3,179,1560,520335,33.7
2014-02-21 21:47:00,AWS-Enterprise-Cluster,unified-cluster-service,58.1,45.0,1895.0,100382.4,179,3780,557680,33.7
2014-02-21 21:52:00,AWS-Enterprise-Cluster,unified-cluster-service,54.8,45.0,3270.0,96149.7,180,7080,534165,34.0
2014-02-21 21:57:00,AWS-Enterprise-Cluster,unified-cluster-service,64.0,45.0,1370.0,96530.4,179,2520,536280,33.8
2014-02-21 22:02:00,AWS-Enterprise-Cluster,unified-cluster-service,58.0,45.0,1870.0,94875.3,182,3720,527085,34.7
2014-02-21 22:07:00,AWS-Enterprise-Cluster,unified-cluster-service,61.5,45.0,320.0,102858.8,184,480,571437,35.3
2014-02-21 22:12:00,AWS-Enterprise-Cluster,unified-cluster-service,56.9,45.0,1995.0,89148.1,179,4020,495267,33.8
2014-02-21 22:17:00,AWS-Enterprise-Cluster,unified-cluster-service,55.3,45.0,1695.0,104360.9,181,3300,579782,34.3
2014-02-21 22:22:00,AWS-Enterprise-Cluster,unified-cluster-service,61.1,45.0,2570.0,97205.4,180,5400,540030,34.1
2014-02-21 22:27:00,AWS-Enterprise-Cluster,unified-cluster-service,38.7,45.0,2420.0,96503.9,180,5040,536132,34.1
2014-02-21 22:32:00,AWS-Enterprise-Cluster,unified-cluster-service,65.4,45.0,1895.0,89557.2,179,3780,497540,33.7
2014-02-21 22:37:00,AWS-Enterprise-Cluster,unified-cluster-service,55.9,45.0,3145.0,98099.5,181,6780,544997,34.3
2014-02-21 22:42:00,AWS-Enterprise-Cluster,unified-cluster-service,57.9,45.0,320.0,93564.4,179,360,519802,33.8
2014-02-21 22:47:00,AWS-Enterprise-Cluster,unified-cluster-service,59.2,45.0,2320.0,94653.0,180,4800,525850,34.0
2014-02-21 22:52:00,AWS-Enterprise-Cluster,unified-cluster-service,39.8,45.0,2270.0,102486.1,181,4680,569367,34.4
2014-02-21 22:57:00,AWS-Enterprise-Cluster,unified-cluster-service,68.0,45.0,320.0,91873.4,179,1440,510407,33.7
2014-02-21 23:02:00,AWS-Enterprise-Cluster,unified-cluster-service,59.3,45.0,1470.0,95617.8,179,2760,531210,33.8
2014-02-21 23:07:00,AWS-Enterprise-Cluster,unified-cluster-service,59.6,45.0,2220.0,98123.9,181,4560,545132,34.4
2014-02-21 23:12:00,AWS-Enterprise-Cluster,unified-cluster-service,59.0,45.0,2770.0,99508.1,184,5880,552822,35.3
2014-02-21 23:17:00,AWS-Enterprise-Cluster,unified-cluster-service,39.9,45.0,1270.0,94775.9,181,2280,526532,34.4
2014-02-21 23:22:00,AWS-Enterprise-Cluster,unified-cluster-service,64.5,45.0,320.0,108695.2,179,600,603862,33.7
2014-02-21 23:27:00,AWS-Enterprise-Cluster,unified-cluster-service,58.1,45.0,1745.0,95869.3,179,3420,532607,33.8
2014-02-21 23:32:00,AWS-Enterprise-Cluster,unified-cluster-service,56.0,45.0,4520.0,94145.9,178,10080,523032,33.4
2014-02-21 23:37:00,AWS-Enterprise-Cluster,unified-cluster-service,59.4,45.0,320.0,90636.3,180,1440,503535,34.1
2014-02-21 23:42:00,AWS-Enterprise-Cluster,unified-cluster-service,38.8,45.0,1595.0,92096.1,178,3060,511645,33.4
2014-02-21 23:47:00,AWS-Enterprise-Cluster,unified-cluster-service,61.3,45.0,320.0,99629.5,180,660,553497,34.1
2014-02-21 23:52:00,AWS-Enterprise-Cluster,unified-cluster-service,58.5,45.0,2045.0,97241.8,178,4140,540232,33.7
2014-02-21 23:57:00,AWS-Enterprise-Cluster,unified-cluster-service,60.5,45.0,1820.0,93578.4,181,3600,519880,34.5
2014-02-22 00:02:00,AWS-Enterprise-Cluster,unified-cluster-service,58.8,45.0,2195.0,96968.2,184,4500,538712,35.3
2014-02-22 00:07:00,AWS-Enterprise-Cluster,unified-cluster-service,55.7,45.0,320.0,100633.9,180,1140,559077,34.1
2014-02-22 00:12:00,AWS-Enterprise-Cluster,unified-cluster-service,63.3,45.0,5145.0,89026.2,179,11580,494590,33.7
2014-02-22 00:17:00,AWS-Enterprise-Cluster,unified-cluster-service,57.6,45.0,320.0,97462.3,179,420,541457,33.8
2014-02-22 00:22:00,AWS-Enterprise-Cluster,unified-cluster-service,58.8,45.0,320.0,103805.6,178,240,576697,33.4
2014-02-22 00:27:00,AWS-Enterprise-Cluster,unified-cluster-service,57.8,45.0,3920.0,91885.5,180,8640,510475,34.0
2014-02-22 00:32:00,AWS-Enterprise-Cluster,unified-cluster-service,39.6,45.0,3995.0,98082.5,178,8820,544902,33.4
2014-02-22 00:37:00,AWS-Enterprise-Cluster,unified-cluster-service,63.7,45.0,1695.0,96652.8,180,3300,536960,34.1
2014-02-22 00:42:00,AWS-Enterprise-Cluster,unified-cluster-service,58.1,45.0,5170.0,89282.7,179,11640,496015,33.7
2014-02-22 00:47:00,AWS-Enterprise-Cluster,unified-cluster-service,56.3,45.0,320.0,95427.9,180,420,530155,34.1
2014-02-22 00:52:00,AWS-Enterprise-Cluster,unified-cluster-service,60.0,45.0,1295.0,99347.9,180,2340,551932,34.0
2014-02-22 00:57:00,AWS-Enterprise-Cluster,unified-cluster-service,55.8,45.0,3870.0,88922.2,184,8520,494012,35.3
2014-02-22 01:02:00,AWS-Enterprise-Cluster,unified-cluster-service,66.9,45.0,320.0,104581.4,183,1560,581007,35.0
2014-02-22 01:07:00,AWS-Enterprise-Cluster,unified-cluster-service,57.9,45.0,2020.0,91231.6,181,4080,506842,34.3
2014-02-22 01:12:00,AWS-Enterprise-Cluster,unified-cluster-service,58.9,45.0,4820.0,99429.3,182,10800,552385,34.7
2014-02-22 01:17:00,AWS-Enterprise-Cluster,unified-cluster-service,57.7,45.0,2295.0,93701.7,179,4740,520565,33.8
2014-02-22 01:22:00,AWS-Enterprise-Cluster,unified-cluster-service,54.4,45.0,320.0,98386.2,180,1440,546590,34.0
2014-02-22 01:27:00,AWS-Enterprise-Cluster,unified-cluster-service,62.3,45.0,1370.0,96484.5,181,2520,536025,34.4
2014-02-22 01:32:00,AWS-Enterprise-Cluster,unified-cluster-service,38.4,45.0,320.0,94590.9,178,1620,525505,33.4
2014-02-22 01:37:00,AWS-Enterprise-Cluster,unified-cluster-service,66.1,45.0,1645.0,98503.2,181,3180,547240,34.3
2014-02-22 01:42:00,AWS-Enterprise-Cluster,unified-cluster-service,58.6,45.0,320.0,94453.2,179,1800,524740,33.8
2014-02-22 01:47:00,AWS-Enterprise-Cluster,unified-cluster-service,55.8,45.0,1245.0,99191.2,180,2220,551062,34.1
2014-02-22 01:52:00,AWS-Enterprise-Cluster,unified-cluster-service,59.6,45.0,2645.0,93939.8,179,5580,521887,33.8
2014-02-22 01:57:00,AWS-Enterprise-Cluster,unified-cluster-service,56.1,45.0,320.0,98089.6,181,240,544942,34.3
2014-02-22 02:02:00,AWS-Enterprise-Cluster,unified-cluster-service,66.9,45.0,320.0,90471.6,178,300,502620,33.4
2014-02-22 02:07:00,AWS-Enterprise-Cluster,unified-cluster-service,58.9,45.0,2295.0,99930.2,180,4740,555167,34.1
2014-02-22 02:12:00,AWS-Enterprise-Cluster,unified-cluster-service,56.7,45.0,4345.0,92457.0,181,9660,513650,34.4
2014-02-22 02:17:00,AWS-Enterprise-Cluster,unified-cluster-service,60.0,45.0,320.0,95686.2,184,360,531590,35.3
2014-02-22 02:22:00,AWS-Enterprise-Cluster,unified-cluster-service,39.2,45.0,320.0,106915.9,179,540,593977,33.8
2014-02-22 02:27:00,AWS-Enterprise-Cluster,unified-cluster-service,63.8,45.0,1595.0,92205.5,179,3060,512252,33.7
2014-02-22 02:32:00,AWS-Enterprise-Cluster,unified-cluster-service,57.2,45.0,2395.0,96174.0,178,4980,534300,33.5
2014-02-22 02:37:00,AWS-Enterprise-Cluster,unified-cluster-service,57.9,45.0,4420.0,91308.6,180,9840,507270,34.1
2014-02-22 02:42:00,AWS-Enterprise-Cluster,unified-cluster-service,57.6,45.0,1920.0,98641.4,179,3840,548007,33.7
2014-02-22 02:47:00,AWS-Enterprise-Cluster,unified-cluster-service,54.6,45.0,4545.0,91721.2,179,10140,509562,33.8
2014-02-22 02:52:00,AWS-Enterprise-Cluster,unified-cluster-service,62.9,45.0,320.0,99615.2,180,1140,553417,34.1
2014-02-22 02:57:00,AWS-Enterprise-Cluster,unified-cluster-service,60.8,45.0,1520.0,91558.4,183,2880,508657,35.0
2014-02-22 03:02:00,AWS-Enterprise-Cluster,unified-cluster-service,54.7,45.0,1220.0,102342.6,183,2160,568570,35.0
2014-02-22 03:07:00,AWS-Enterprise-Cluster,unified-cluster-service,64.3,45.0,3095.0,95658.3,180,6660,531435,34.0
2014-02-22 03:12:00,AWS-Enterprise-Cluster,unified-cluster-service,39.1,45.0,3145.0,92060.6,179,6780,511447,33.8
2014-02-22 03:17:00,AWS-Enterprise-Cluster,unified-cluster-service,65.6,45.0,320.0,102065.0,180,1800,567027,34.1
2014-02-22 03:22:00,AWS-Enterprise-Cluster,unified-cluster-service,56.5,45.0,5120.0,100894.5,180,11520,560525,34.1
2014-02-22 03:27:00,AWS-Enterprise-Cluster,unified-cluster-service,57.2,45.0,1695.0,95545.4,181,3300,530807,34.4
2014-02-22 03:32:00,AWS-Enterprise-Cluster,unified-cluster-service,59.4,45.0,320.0,92091.6,179,1800,511620,33.8
2014-02-22 03:37:00,AWS-Enterprise-Cluster,unified-cluster-service,39.7,45.0,2595.0,101042.1,181,5460,561345,34.4
2014-02-22 03:42:00,AWS-Enterprise-Cluster,unified-cluster-service,63.9,45.0,2595.0,94824.0,179,5460,526800,33.8
2014-02-22 03:47:00,AWS-Enterprise-Cluster,unified-cluster-service,58.3,45.0,6495.0,96178.1,181,14820,534322,34.4
2014-02-22 03:52:00,AWS-Enterprise-Cluster,unified-cluster-service,58.2,45.0,1220.0,94808.2,180,2160,526712,34.1
2014-02-22 03:57:00,AWS-Enterprise-Cluster,unified-cluster-service,61.3,45.0,1870.0,96503.4,182,3720,536130,34.6
2014-02-22 04:02:00,AWS-Enterprise-Cluster,unified-cluster-service,39.1,45.0,1595.0,97844.4,179,3060,543580,33.7
2014-02-22 04:07:00,AWS-Enterprise-Cluster,unified-cluster-service,66.8,45.0,2245.0,99548.6,181,4620,553047,34.4
2014-02-22 04:12:00,AWS-Enterprise-Cluster,unified-cluster-service,58.2,45.0,320.0,95438.7,180,1620,530215,34.0
2014-02-22 04:17:00,AWS-Enterprise-Cluster,unified-cluster-service,57.9,45.0,320.0,100738.8,180,240,559660,34.1
2014-02-22 04:22:00,AWS-Enterprise-Cluster,unified-cluster-service,58.4,45.0,4270.0,105418.8,180,9480,585660,34.1
2014-02-22 04:27:00,AWS-Enterprise-Cluster,unified-cluster-service,54.1,45.0,2420.0,86151.6,181,5040,478620,34.4
2014-02-22 04:32:00,AWS-Enterprise-Cluster,unified-cluster-service,62.6,45.0,1545.0,99176.4,179,2940,550980,33.8
2014-02-22 04:37:00,AWS-Enterprise-Cluster,unified-cluster-service,39.1,45.0,2895.0,94794.8,180,6180,526637,34.1
2014-02-22 04:42:00,AWS-Enterprise-Cluster,unified-cluster-service,67.2,45.0,320.0,98073.0,180,960,544850,34.1
2014-02-22 04:47:00,AWS-Enterprise-Cluster,unified-cluster-service,56.8,45.0,320.0,90965.2,180,780,505362,34.1
2014-02-22 04:52:00,AWS-Enterprise-Cluster,unified-cluster-service,56.6,45.0,5045.0,99431.1,180,11340,552395,34.1
2014-02-22 04:57:00,AWS-Enterprise-Cluster,unified-cluster-service,64.2,45.0,320.0,89362.3,179,1080,496457,33.8
2014-02-22 05:02:00,AWS-Enterprise-Cluster,unified-cluster-service,39.0,45.0,1970.0,92248.2,178,3960,512490,33.4
2014-02-22 05:07:00,AWS-Enterprise-Cluster,unified-cluster-service,68.8,45.0,3845.0,102698.1,182,8460,570545,34.7
2014-02-22 05:12:00,AWS-Enterprise-Cluster,unified-cluster-service,57.6,45.0,1995.0,91971.0,179,4020,510950,33.8
2014-02-22 05:17:00,AWS-Enterprise-Cluster,unified-cluster-service,55.8,45.0,320.0,99235.4,180,1680,551307,34.1
2014-02-22 05:22:00,AWS-Enterprise-Cluster,unified-cluster-service,60.8,45.0,1695.0,99061.2,179,3300,550340,33.7
2014-02-22 05:27:00,AWS-Enterprise-Cluster,unified-cluster-service,39.5,45.0,3495.0,93614.4,180,7620,520080,34.1
2014-02-22 05:32:00,AWS-Enterprise-Cluster,unified-cluster-service,64.4,45.0,320.0,97227.5,178,600,540152,33.4
2014-02-22 05:37:00,AWS-Enterprise-Cluster,unified-cluster-service,57.6,45.0,3895.0,96778.4,180,8580,537657,34.0
2014-02-22 05:42:00,AWS-Enterprise-Cluster,unified-cluster-service,56.0,45.0,4345.0,90406.8,180,9660,502260,34.1
2014-02-22 05:47:00,AWS-Enterprise-Cluster,unified-cluster-service,59.5,45.0,2945.0,98122.0,179,6300,545122,33.7
2014-02-22 05:52:00,AWS-Enterprise-Cluster,unified-cluster-service,38.7,45.0,3395.0,94919.8,179,7380,527332,33.8
2014-02-22 05:57:00,AWS-Enterprise-Cluster,unified-cluster-service,66.4,45.0,3445.0,93363.8,179,7500,518687,33.8
2014-02-22 06:02:00,AWS-Enterprise-Cluster,unified-cluster-service,58.8,45.0,4045.0,109541.7,180,8940,608565,34.0
2014-02-22 06:07:00,AWS-Enterprise-Cluster,unified-cluster-service,59.2,45.0,320.0,153504.5,180,1620,852802,34.1
2014-02-22 06:12:00,AWS-Enterprise-Cluster,unified-cluster-service,59.5,45.0,3595.0,151728.3,179,7860,842935,33.8
2014-02-22 06:17:00,AWS-Enterprise-Cluster,unified-cluster-service,38.5,45.0,2645.0,147330.0,180,5580,818500,34.1
2014-02-22 06:22:00,AWS-Enterprise-Cluster,unified-cluster-service,65.9,45.0,1845.0,441130.5,180,3660,2450725,34.1
2014-02-22 06:27:00,AWS-Enterprise-Cluster,unified-cluster-service,56.8,45.0,3095.0,96381.9,184,6660,535455,35.3
2014-02-22 06:32:00,AWS-Enterprise-Cluster,unified-cluster-service,57.5,45.0,320.0,107827.2,180,1680,599040,34.1
2014-02-22 06:37:00,AWS-Enterprise-Cluster,unified-cluster-service,60.1,45.0,2595.0,91730.7,182,5460,509615,34.7
2014-02-22 06:42:00,AWS-Enterprise-Cluster,unified-cluster-service,39.0,45.0,2795.0,99904.1,180,5940,555022,34.1
2014-02-22 06:47:00,AWS-Enterprise-Cluster,unified-cluster-service,66.0,45.0,1345.0,103651.6,181,2460,575842,34.4
2014-02-22 06:52:00,AWS-Enterprise-Cluster,unified-cluster-service,56.9,45.0,1970.0,94144.5,180,3960,523025,34.0
2014-02-22 06:57:00,AWS-Enterprise-Cluster,unified-cluster-service,60.1,45.0,320.0,725593.5,181,600,4031075,34.4
2014-02-22 07:02:00,AWS-Enterprise-Cluster,unified-cluster-service,60.0,45.0,1545.0,103172.9,180,2940,573182,34.1
2014-02-22 07:07:00,AWS-Enterprise-Cluster,unified-cluster-service,56.1,45.0,1520.0,103788.4,181,2880,576602,34.3
2014-02-22 07:12:00,AWS-Enterprise-Cluster,unified-cluster-service,65.5,45.0,320.0,103009.1,179,780,572272,33.8
2014-02-22 07:17:00,AWS-Enterprise-Cluster,unified-cluster-service,57.2,45.0,320.0,117420.3,181,1320,652335,34.4
2014-02-22 07:22:00,AWS-Enterprise-Cluster,unified-cluster-service,58.4,45.0,3770.0,270905.8,181,8280,1505032,34.3
2014-02-22 07:27:00,AWS-Enterprise-Cluster,unified-cluster-service,59.0,45.0,3095.0,101138.0,180,6660,561877,34.1
2014-02-22 07:32:00,AWS-Enterprise-Cluster,unified-cluster-service,54.5,45.0,1745.0,99625.0,179,3420,553472,33.8
2014-02-22 07:37:00,AWS-Enterprise-Cluster,unified-cluster-service,63.7,45.0,4320.0,104928.3,180,9600,582935,34.1
2014-02-22 07:42:00,AWS-Enterprise-Cluster,unified-cluster-service,56.1,45.0,1745.0,98693.6,179,3420,548297,33.7
2014-02-22 07:47:00,AWS-Enterprise-Cluster,unified-cluster-service,59.1,45.0,2270.0,102885.3,180,4680,571585,34.1
2014-02-22 07:52:00,AWS-Enterprise-Cluster,unified-cluster-service,58.2,45.0,320.0,99295.2,184,600,551640,35.3
2014-02-22 07:57:00,AWS-Enterprise-Cluster,unified-cluster-service,56.3,45.0,3545.0,218124.9,181,7740,1211805,34.4
2014-02-22 08:02:00,AWS-Enterprise-Cluster,unified-cluster-service,62.4,45.0,1245.0,107114.4,180,2220,595080,34.0
2014-02-22 08:07:00,AWS-Enterprise-Cluster,unified-cluster-service,60.6,45.0,2645.0,100408.9,178,5580,557827,33.4
2014-02-22 08:12:00,AWS-Enterprise-Cluster,unified-cluster-service,58.2,45.0,2770.0,97832.3,180,5880,543512,34.1
2014-02-22 08:17:00,AWS-Enterprise-Cluster,unified-cluster-service,57.8,45.0,4595.0,104527.3,179,10260,580707,33.7
2014-02-22 08:22:00,AWS-Enterprise-Cluster,unified-cluster-service,39.8,45.0,2945.0,236111.9,179,6300,1311732,33.7
2014-02-22 08:27:00,AWS-Enterprise-Cluster,unified-cluster-service,60.6,45.0,2220.0,96336.0,180,4560,535200,34.1
2014-02-22 08:32:00,AWS-Enterprise-Cluster,unified-cluster-service,56.0,45.0,1720.0,104840.1,178,3360,582445,33.4
2014-02-22 08:37:00,AWS-Enterprise-Cluster,unified-cluster-service,56.5,45.0,320.0,96833.2,180,660,537962,34.1
2014-02-22 08:42:00,AWS-Enterprise-Cluster,unified-cluster-service,59.0,45.0,2545.0,100999.8,178,5340,561110,33.4
2014-02-22 08:47:00,AWS-Enterprise-Cluster,unified-cluster-service,54.1,45.0,1820.0,103526.6,180,3600,575147,34.1
2014-02-22 08:52:00,AWS-Enterprise-Cluster,unified-cluster-service,63.6,45.0,3045.0,99577.8,179,6540,553210,33.8
2014-02-22 08:57:00,AWS-Enterprise-Cluster,unified-cluster-service,60.0,45.0,3345.0,244490.9,181,7260,1358282,34.4
2014-02-22 09:02:00,AWS-Enterprise-Cluster,unified-cluster-service,58.3,45.0,4945.0,98994.1,180,11100,549967,34.1
2014-02-22 09:07:00,AWS-Enterprise-Cluster,unified-cluster-service,61.5,45.0,5920.0,106843.1,182,13440,593572,34.7
2014-02-22 09:12:00,AWS-Enterprise-Cluster,unified-cluster-service,54.7,45.0,3670.0,102363.3,179,8040,568685,33.7
2014-02-22 09:17:00,AWS-Enterprise-Cluster,unified-cluster-service,62.8,45.0,2345.0,105335.1,181,4860,585195,34.4
2014-02-22 09:22:00,AWS-Enterprise-Cluster,unified-cluster-service,59.7,45.0,2320.0,281606.9,180,4800,1564482,34.1
2014-02-22 09:27:00,AWS-Enterprise-Cluster,unified-cluster-service,60.7,45.0,2445.0,102226.5,181,5100,567925,34.4
2014-02-22 09:32:00,AWS-Enterprise-Cluster,unified-cluster-service,57.4,45.0,1220.0,99216.9,179,2160,551205,33.8
2014-02-22 09:37:00,AWS-Enterprise-Cluster,unified-cluster-service,54.8,45.0,3595.0,106064.5,180,7860,589247,34.1
2014-02-22 09:42:00,AWS-Enterprise-Cluster,unified-cluster-service,61.9,45.0,320.0,101995.2,180,1560,566640,34.1
2014-02-22 09:47:00,AWS-Enterprise-Cluster,unified-cluster-service,58.1,45.0,320.0,96148.8,180,360,534160,34.1
2014-02-22 09:52:00,AWS-Enterprise-Cluster,unified-cluster-service,59.3,45.0,3670.0,102155.0,179,8040,567527,33.7
2014-02-22 09:57:00,AWS-Enterprise-Cluster,unified-cluster-service,60.8,45.0,2370.0,414286.7,181,4920,2301592,34.3
2014-02-22 10:02:00,AWS-Enterprise-Cluster,unified-cluster-service,54.5,45.0,3095.0,107964.4,179,6660,599802,33.8
2014-02-22 10:07:00,AWS-Enterprise-Cluster,unified-cluster-service,64.2,45.0,3170.0,103309.2,183,6840,573940,35.0
2014-02-22 10:12:00,AWS-Enterprise-Cluster,unified-cluster-service,57.5,45.0,1220.0,106944.3,178,2160,594135,33.4
2014-02-22 10:17:00,AWS-Enterprise-Cluster,unified-cluster-service,59.1,45.0,2645.0,101812.5,180,5580,565625,34.1
2014-02-22 10:22:00,AWS-Enterprise-Cluster,unified-cluster-service,56.7,45.0,320.0,359832.6,179,1560,1999070,33.8
2014-02-22 10:27:00,AWS-Enterprise-Cluster,unified-cluster-service,56.7,45.0,320.0,102441.1,180,480,569117,34.0
2014-02-22 10:32:00,AWS-Enterprise-Cluster,unified-cluster-service,56.2,45.0,1145.0,102965.4,178,1980,572030,33.4
2014-02-22 10:37:00,AWS-Enterprise-Cluster,unified-cluster-service,38.7,45.0,1695.0,103278.6,180,3300,573770,34.1
2014-02-22 10:42:00,AWS-Enterprise-Cluster,unified-cluster-service,67.2,45.0,6320.0,100650.6,178,14400,559170,33.4
2014-02-22 10:47:00,AWS-Enterprise-Cluster,unified-cluster-service,56.5,45.0,3545.0,105842.7,180,7740,588015,34.1
2014-02-22 10:52:00,AWS-Enterprise-Cluster,unified-cluster-service,55.6,45.0,2795.0,92830.5,180,5940,515725,34.1
2014-02-22 10:57:00,AWS-Enterprise-Cluster,unified-cluster-service,62.4,45.0,2370.0,225486.9,179,4920,1252705,33.8
2014-02-22 11:02:00,AWS-Enterprise-Cluster,unified-cluster-service,60.3,45.0,2395.0,106186.1,182,4980,589922,34.6
2014-02-22 11:07:00,AWS-Enterprise-Cluster,unified-cluster-service,61.1,45.0,3320.0,103410.9,180,7200,574505,34.1
2014-02-22 11:12:00,AWS-Enterprise-Cluster,unified-cluster-service,55.1,45.0,320.0,103671.4,179,660,575952,33.8
2014-02-22 11:17:00,AWS-Enterprise-Cluster,unified-cluster-service,55.1,45.0,320.0,101506.9,179,900,563927,33.8
2014-02-22 11:22:00,AWS-Enterprise-Cluster,unified-cluster-service,62.1,45.0,320.0,320954.8,180,960,1783082,34.0
2014-02-22 11:27:00,AWS-Enterprise-Cluster,unified-cluster-service,39.6,45.0,1920.0,98488.4,181,3840,547157,34.4
2014-02-22 11:32:00,AWS-Enterprise-Cluster,unified-cluster-service,66.1,45.0,2745.0,108269.1,179,5820,601495,33.8
2014-02-22 11:37:00,AWS-Enterprise-Cluster,unified-cluster-service,55.9,45.0,320.0,97857.0,182,1380,543650,34.7
2014-02-22 11:42:00,AWS-Enterprise-Cluster,unified-cluster-service,56.8,45.0,320.0,106151.4,179,1200,589730,33.8
2014-02-22 11:47:00,AWS-Enterprise-Cluster,unified-cluster-service,61.0,45.0,320.0,94550.4,180,540,525280,34.1
2014-02-22 11:52:00,AWS-Enterprise-Cluster,unified-cluster-service,38.6,45.0,320.0,105512.4,180,900,586180,34.1
2014-02-22 11:57:00,AWS-Enterprise-Cluster,unified-cluster-service,66.7,45.0,320.0,372668.4,180,540,2070380,34.1
2014-02-22 12:02:00,AWS-Enterprise-Cluster,unified-cluster-service,58.0,45.0,320.0,102612.1,181,420,570067,34.3
2014-02-22 12:07:00,AWS-Enterprise-Cluster,unified-cluster-service,61.0,45.0,1345.0,104637.6,182,2460,581320,34.7
2014-02-22 12:12:00,AWS-Enterprise-Cluster,unified-cluster-service,58.1,45.0,1945.0,100170.0,179,3900,556500,33.7
2014-02-22 12:17:00,AWS-Enterprise-Cluster,unified-cluster-service,39.5,45.0,320.0,98832.6,180,1740,549070,34.0
2014-02-22 12:22:00,AWS-Enterprise-Cluster,unified-cluster-service,67.1,45.0,1620.0,366926.9,179,3120,2038482,33.7
2014-02-22 12:27:00,AWS-Enterprise-Cluster,unified-cluster-service,55.8,45.0,1395.0,104458.1,180,2580,580322,34.1
2014-02-22 12:32:00,AWS-Enterprise-Cluster,unified-cluster-service,56.8,45.0,1545.0,103171.9,179,2940,573177,33.7
2014-02-22 12:37:00,AWS-Enterprise-Cluster,unified-cluster-service,59.1,45.0,320.0,110205.5,181,540,612252,34.4
2014-02-22 12:42:00,AWS-Enterprise-Cluster,unified-cluster-service,39.6,45.0,2970.0,98017.7,179,6360,544542,33.7
2014-02-22 12:47:00,AWS-Enterprise-Cluster,unified-cluster-service,62.5,45.0,320.0,109462.5,179,300,608125,33.7
2014-02-22 12:52:00,AWS-Enterprise-Cluster,unified-cluster-service,58.2,45.0,320.0,105594.8,179,480,586637,33.8
2014-02-22 12:57:00,AWS-Enterprise-Cluster,unified-cluster-service,61.4,45.0,1245.0,406029.6,180,2220,2255720,34.1
2014-02-22 13:02:00,AWS-Enterprise-Cluster,unified-cluster-service,58.0,45.0,2070.0,106416.4,181,4200,591202,34.4
2014-02-22 13:07:00,AWS-Enterprise-Cluster,unified-cluster-service,56.7,45.0,3095.0,105076.8,181,6660,583760,34.3
2014-02-22 13:12:00,AWS-Enterprise-Cluster,unified-cluster-service,60.3,45.0,4245.0,103478.9,178,9420,574882,33.5
2014-02-22 13:17:00,AWS-Enterprise-Cluster,unified-cluster-service,58.6,45.0,320.0,103293.9,179,1740,573855,33.8
2014-02-22 13:22:00,AWS-Enterprise-Cluster,unified-cluster-service,59.4,45.0,1870.0,268050.6,180,3720,1489170,34.0
2014-02-22 13:27:00,AWS-Enterprise-Cluster,unified-cluster-service,58.9,45.0,320.0,96604.6,181,540,536692,34.4
2014-02-22 13:32:00,AWS-Enterprise-Cluster,unified-cluster-service,56.7,45.0,320.0,106613.1,179,480,592295,33.8
2014-02-22 13:37:00,AWS-Enterprise-Cluster,unified-cluster-service,60.7,45.0,320.0,100132.7,182,1740,556292,34.7
2014-02-22 13:42:00,AWS-Enterprise-Cluster,unified-cluster-service,39.1,45.0,3520.0,102330.9,179,7680,568505,33.8
2014-02-22 13:47:00,AWS-Enterprise-Cluster,unified-cluster-service,64.9,45.0,320.0,104806.8,184,1080,582260,35.3
2014-02-22 13:52:00,AWS-Enterprise-Cluster,unified-cluster-service,55.1,45.0,320.0,105593.0,180,420,586627,34.1
2014-02-22 13:57:00,AWS-Enterprise-Cluster,unified-cluster-service,58.0,45.0,1220.0,210226.5,179,2160,1167925,33.7
2014-02-22 14:02:00,AWS-Enterprise-Cluster,unified-cluster-service,62.3,45.0,3495.0,102729.1,179,7620,570717,33.7
2014-02-22 14:07:00,AWS-Enterprise-Cluster,unified-cluster-service,54.0,45.0,320.0,98682.3,180,120,548235,34.1
2014-02-22 14:12:00,AWS-Enterprise-Cluster,unified-cluster-service,66.4,45.0,320.0,100700.6,179,300,559447,33.7
2014-02-22 14:17:00,AWS-Enterprise-Cluster,unified-cluster-service,54.7,45.0,320.0,108015.3,184,300,600085,35.3
2014-02-22 14:22:00,AWS-Enterprise-Cluster,unified-cluster-service,56.2,45.0,320.0,314380.8,179,660,1746560,33.8
2014-02-22 14:27:00,AWS-Enterprise-Cluster,unified-cluster-service,59.9,45.0,320.0,106424.1,180,420,591245,34.1
2014-02-22 14:32:00,AWS-Enterprise-Cluster,unified-cluster-service,39.0,45.0,1495.0,98664.3,178,2820,548135,33.4
2014-02-22 14:37:00,AWS-Enterprise-Cluster,unified-cluster-service,66.3,45.0,320.0,103143.6,181,1740,573020,34.4
2014-02-22 14:42:00,AWS-Enterprise-Cluster,unified-cluster-service,56.5,45.0,4245.0,103396.1,179,9420,574422,33.7
2014-02-22 14:47:00,AWS-Enterprise-Cluster,unified-cluster-service,56.9,45.0,2345.0,99982.8,179,4860,555460,33.8
2014-02-22 14:52:00,AWS-Enterprise-Cluster,unified-cluster-service,57.7,45.0,320.0,96896.7,180,780,538315,34.1
2014-02-22 14:57:00,AWS-Enterprise-Cluster,unified-cluster-service,55.0,45.0,1445.0,408497.4,179,2700,2269430,33.8
2014-02-22 15:02:00,AWS-Enterprise-Cluster,unified-cluster-service,66.8,45.0,320.0,104991.8,179,360,583287,33.7
2014-02-22 15:07:00,AWS-Enterprise-Cluster,unified-cluster-service,57.6,45.0,1445.0,89861.4,180,2700,499230,34.0
2014-02-22 15:12:00,AWS-Enterprise-Cluster,unified-cluster-service,58.6,45.0,1145.0,96401.7,183,1980,535565,35.0
2014-02-22 15:17:00,AWS-Enterprise-Cluster,unified-cluster-service,57.6,45.0,3295.0,94251.6,180,7140,523620,34.1
2014-02-22 15:22:00,AWS-Enterprise-Cluster,unified-cluster-service,54.3,45.0,320.0,105999.3,179,1740,588885,33.7
2014-02-22 15:27:00,AWS-Enterprise-Cluster,unified-cluster-service,62.8,45.0,320.0,85439.2,180,780,474662,34.0
2014-02-22 15:32:00,AWS-Enterprise-Cluster,unified-cluster-service,59.0,45.0,2220.0,103399.2,177,4560,574440,33.1
2014-02-22 15:37:00,AWS-Enterprise-Cluster,unified-cluster-service,60.6,45.0,320.0,91066.5,181,1620,505925,34.4
2014-02-22 15:42:00,AWS-Enterprise-Cluster,unified-cluster-service,56.1,45.0,320.0,96443.1,180,840,535795,34.0
2014-02-22 15:47:00,AWS-Enterprise-Cluster,unified-cluster-service,56.7,45.0,320.0,93474.4,179,1320,519302,33.8
2014-02-22 15:52:00,AWS-Enterprise-Cluster,unified-cluster-service,60.2,45.0,320.0,100182.1,179,900,556567,33.8
2014-02-22 15:57:00,AWS-Enterprise-Cluster,unified-cluster-service,54.7,45.0,2820.0,91364.4,180,6000,507580,34.1
2014-02-22 16:02:00,AWS-Enterprise-Cluster,unified-cluster-service,67.1,45.0,1745.0,92088.9,180,3420,511605,34.1
2014-02-22 16:07:00,AWS-Enterprise-Cluster,unified-cluster-service,58.2,45.0,3270.0,95422.5,184,7080,530125,35.3
2014-02-22 16:12:00,AWS-Enterprise-Cluster,unified-cluster-service,55.7,45.0,320.0,108247.5,180,540,601375,34.1
2014-02-22 16:17:00,AWS-Enterprise-Cluster,unified-cluster-service,60.9,45.0,320.0,101110.5,180,780,561725,34.1
2014-02-22 16:22:00,AWS-Enterprise-Cluster,unified-cluster-service,38.9,45.0,320.0,98960.4,179,1800,549780,33.7
2014-02-22 16:27:00,AWS-Enterprise-Cluster,unified-cluster-service,66.2,45.0,1270.0,99477.9,179,2280,552655,33.8
2014-02-22 16:32:00,AWS-Enterprise-Cluster,unified-cluster-service,55.5,45.0,2920.0,93812.4,179,6240,521180,33.8
2014-02-22 16:37:00,AWS-Enterprise-Cluster,unified-cluster-service,55.7,45.0,320.0,101280.2,182,900,562667,34.7
2014-02-22 16:42:00,AWS-Enterprise-Cluster,unified-cluster-service,60.1,45.0,320.0,88834.5,179,600,493525,33.8
2014-02-22 16:47:00,AWS-Enterprise-Cluster,unified-cluster-service,38.4,45.0,1095.0,101793.2,180,1860,565517,34.0
2014-02-22 16:52:00,AWS-Enterprise-Cluster,unified-cluster-service,66.1,45.0,320.0,91811.7,180,300,510065,34.1
2014-02-22 16:57:00,AWS-Enterprise-Cluster,unified-cluster-service,58.2,45.0,2095.0,91695.2,181,4260,509417,34.4
2014-02-22 17:02:00,AWS-Enterprise-Cluster,unified-cluster-service,56.7,45.0,4295.0,98979.3,179,9540,549885,33.7
2014-02-22 17:07:00,AWS-Enterprise-Cluster,unified-cluster-service,63.2,45.0,3595.0,97918.2,181,7860,543990,34.3
2014-02-22 17:12:00,AWS-Enterprise-Cluster,unified-cluster-service,39.4,45.0,3345.0,92588.9,179,7260,514382,33.8
2014-02-22 17:17:00,AWS-Enterprise-Cluster,unified-cluster-service,62.1,45.0,3945.0,97291.8,183,8700,540510,35.0
2014-02-22 17:22:00,AWS-Enterprise-Cluster,unified-cluster-service,58.1,45.0,320.0,102222.0,180,540,567900,34.0
2014-02-22 17:27:00,AWS-Enterprise-Cluster,unified-cluster-service,60.2,45.0,4345.0,101425.0,180,9660,563472,34.1
2014-02-22 17:32:00,AWS-Enterprise-Cluster,unified-cluster-service,56.2,45.0,2145.0,95413.9,179,4380,530077,33.8
2014-02-22 17:37:00,AWS-Enterprise-Cluster,unified-cluster-service,55.6,45.0,320.0,91966.5,180,1680,510925,34.1
2014-02-22 17:42:00,AWS-Enterprise-Cluster,unified-cluster-service,62.7,45.0,320.0,92492.5,180,960,513847,34.0
2014-02-22 17:47:00,AWS-Enterprise-Cluster,unified-cluster-service,39.4,45.0,2670.0,97402.5,179,5640,541125,33.8
2014-02-22 17:52:00,AWS-Enterprise-Cluster,unified-cluster-service,67.6,45.0,3045.0,94503.6,181,6540,525020,34.4
2014-02-22 17:57:00,AWS-Enterprise-Cluster,unified-cluster-service,58.2,45.0,3445.0,98663.4,180,7500,548130,34.0
2014-02-22 18:02:00,AWS-Enterprise-Cluster,unified-cluster-service,56.5,45.0,3170.0,94356.4,178,6840,524202,33.4
2014-02-22 18:07:00,AWS-Enterprise-Cluster,unified-cluster-service,62.7,45.0,320.0,97546.1,181,480,541922,34.4
2014-02-22 18:12:00,AWS-Enterprise-Cluster,unified-cluster-service,38.9,45.0,2895.0,96805.4,179,6180,537807,33.7
2014-02-22 18:17:00,AWS-Enterprise-Cluster,unified-cluster-service,63.2,45.0,1795.0,93150.5,178,3540,517502,33.7
2014-02-22 18:22:00,AWS-Enterprise-Cluster,unified-cluster-service,57.9,45.0,1145.0,106753.5,182,1980,593075,34.7
2014-02-22 18:27:00,AWS-Enterprise-Cluster,unified-cluster-service,58.0,45.0,2395.0,96838.2,182,4980,537990,34.7
2014-02-22 18:32:00,AWS-Enterprise-Cluster,unified-cluster-service,58.2,45.0,320.0,96626.7,178,1140,536815,33.5
2014-02-22 18:37:00,AWS-Enterprise-Cluster,unified-cluster-service,39.9,45.0,320.0,98930.2,180,1020,549612,34.1
2014-02-22 18:42:00,AWS-Enterprise-Cluster,unified-cluster-service,62.6,45.0,1470.0,95563.8,179,2760,530910,33.8
2014-02-22 18:47:00,AWS-Enterprise-Cluster,unified-cluster-service,57.6,45.0,1245.0,97332.3,179,2220,540735,33.7
2014-02-22 18:52:00,AWS-Enterprise-Cluster,unified-cluster-service,59.0,45.0,1220.0,100153.4,179,2160,556407,33.8
2014-02-22 18:57:00,AWS-Enterprise-Cluster,unified-cluster-service,61.2,45.0,320.0,94727.7,184,1680,526265,35.3
2014-02-22 19:02:00,AWS-Enterprise-Cluster,unified-cluster-service,54.6,45.0,2145.0,99907.2,180,4380,555040,34.0
2014-02-22 19:07:00,AWS-Enterprise-Cluster,unified-cluster-service,63.9,45.0,320.0,96131.7,181,180,534065,34.4
2014-02-22 19:12:00,AWS-Enterprise-Cluster,unified-cluster-service,59.9,45.0,320.0,103842.5,180,300,576902,34.1
2014-02-22 19:17:00,AWS-Enterprise-Cluster,unified-cluster-service,58.7,45.0,320.0,99303.3,181,300,551685,34.3
2014-02-22 19:22:00,AWS-Enterprise-Cluster,unified-cluster-service,56.6,45.0,320.0,110608.6,180,960,614492,34.1
2014-02-22 19:27:00,AWS-Enterprise-Cluster,unified-cluster-service,54.6,45.0,1645.0,98014.5,180,3180,544525,34.1
2014-02-22 19:32:00,AWS-Enterprise-Cluster,unified-cluster-service,62.7,45.0,320.0,99724.5,180,480,554025,34.1
2014-02-22 19:37:00,AWS-Enterprise-Cluster,unified-cluster-service,57.6,45.0,320.0,95244.8,180,780,529137,34.1
2014-02-22 19:42:00,AWS-Enterprise-Cluster,unified-cluster-service,58.5,45.0,2195.0,96026.8,180,4500,533482,34.0
2014-02-22 19:47:00,AWS-Enterprise-Cluster,unified-cluster-service,59.2,45.0,320.0,102814.2,180,420,571190,34.1
2014-02-22 19:52:00,AWS-Enterprise-Cluster,unified-cluster-service,39.3,45.0,1520.0,97954.2,180,2880,544190,34.1
2014-02-22 19:57:00,AWS-Enterprise-Cluster,unified-cluster-service,66.2,45.0,4370.0,98870.9,180,9720,549282,34.0
2014-02-22 20:02:00,AWS-Enterprise-Cluster,unified-cluster-service,56.2,45.0,1745.0,94010.0,179,3420,522277,33.8
2014-02-22 20:07:00,AWS-Enterprise-Cluster,unified-cluster-service,60.5,45.0,2320.0,102721.9,180,4800,570677,34.1
2014-02-22 20:12:00,AWS-Enterprise-Cluster,unified-cluster-service,58.6,45.0,320.0,92912.4,179,660,516180,33.8
2014-02-22 20:17:00,AWS-Enterprise-Cluster,unified-cluster-service,39.2,45.0,1345.0,101657.3,180,2460,564762,34.0
2014-02-22 20:22:00,AWS-Enterprise-Cluster,unified-cluster-service,67.1,45.0,320.0,96984.4,179,780,538802,33.7
2014-02-22 20:27:00,AWS-Enterprise-Cluster,unified-cluster-service,56.2,45.0,2295.0,93929.8,180,4740,521832,34.1
2014-02-22 20:32:00,AWS-Enterprise-Cluster,unified-cluster-service,56.5,45.0,320.0,94319.1,180,1440,523995,34.1
2014-02-22 20:37:00,AWS-Enterprise-Cluster,unified-cluster-service,60.2,45.0,1295.0,102028.5,184,2340,566825,35.3
2014-02-22 20:42:00,AWS-Enterprise-Cluster,unified-cluster-service,38.7,45.0,1520.0,92981.2,180,2880,516562,34.1
2014-02-22 20:47:00,AWS-Enterprise-Cluster,unified-cluster-service,63.4,45.0,320.0,91372.1,180,1740,507622,34.0
2014-02-22 20:52:00,AWS-Enterprise-Cluster,unified-cluster-service,58.2,45.0,320.0,98389.8,179,780,546610,33.8
2014-02-22 20:57:00,AWS-Enterprise-Cluster,unified-cluster-service,59.0,45.0,1370.0,93367.8,180,2520,518710,34.1
2014-02-22 21:02:00,AWS-Enterprise-Cluster,unified-cluster-service,57.1,45.0,320.0,96447.1,184,420,535817,35.3
2014-02-22 21:07:00,AWS-Enterprise-Cluster,unified-cluster-service,39.6,45.0,4820.0,95409.4,183,10800,530052,35.0
2014-02-22 21:12:00,AWS-Enterprise-Cluster,unified-cluster-service,64.2,45.0,1870.0,99409.5,178,3720,552275,33.5
2014-02-22 21:17:00,AWS-Enterprise-Cluster,unified-cluster-service,58.4,45.0,320.0,87083.1,179,1320,483795,33.8
2014-02-22 21:22:00,AWS-Enterprise-Cluster,unified-cluster-service,57.9,45.0,320.0,108293.4,179,1260,601630,33.7
2014-02-22 21:27:00,AWS-Enterprise-Cluster,unified-cluster-service,59.6,45.0,1145.0,89271.9,179,1980,495955,33.7
2014-02-22 21:32:00,AWS-Enterprise-Cluster,unified-cluster-service,38.8,45.0,320.0,94605.8,180,960,525587,34.0
2014-02-22 21:37:00,AWS-Enterprise-Cluster,unified-cluster-service,63.7,45.0,2670.0,99272.3,181,5640,551512,34.4
2014-02-22 21:42:00,AWS-Enterprise-Cluster,unified-cluster-service,57.5,45.0,320.0,408456.4,180,660,2269202,34.0
2014-02-22 21:47:00,AWS-Enterprise-Cluster,unified-cluster-service,59.0,45.0,1445.0,101214.9,180,2700,562305,34.1
2014-02-22 21:52:00,AWS-Enterprise-Cluster,unified-cluster-service,58.6,45.0,2120.0,91385.1,180,4320,507695,34.1
2014-02-22 21:57:00,AWS-Enterprise-Cluster,unified-cluster-service,58.3,45.0,1645.0,96870.2,181,3180,538167,34.4
2014-02-22 22:02:00,AWS-Enterprise-Cluster,unified-cluster-service,60.7,45.0,2395.0,92473.6,179,4980,513742,33.7
2014-02-22 22:07:00,AWS-Enterprise-Cluster,unified-cluster-service,60.9,45.0,320.0,102235.0,183,420,567972,35.0
2014-02-22 22:12:00,AWS-Enterprise-Cluster,unified-cluster-service,59.4,45.0,3695.0,92105.1,183,8100,511695,35.0
2014-02-22 22:17:00,AWS-Enterprise-Cluster,unified-cluster-service,58.8,45.0,320.0,94581.4,181,480,525452,34.3
2014-02-22 22:22:00,AWS-Enterprise-Cluster,unified-cluster-service,54.2,45.0,320.0,102053.2,179,1620,566962,33.8
2014-02-22 22:27:00,AWS-Enterprise-Cluster,unified-cluster-service,61.2,45.0,1445.0,90956.7,180,2700,505315,34.0
2014-02-22 22:32:00,AWS-Enterprise-Cluster,unified-cluster-service,57.5,45.0,2620.0,100412.5,179,5520,557847,33.7
2014-02-22 22:37:00,AWS-Enterprise-Cluster,unified-cluster-service,58.5,45.0,320.0,92493.4,181,720,513852,34.4
2014-02-22 22:42:00,AWS-Enterprise-Cluster,unified-cluster-service,57.6,45.0,320.0,98569.8,178,1440,547610,33.4
2014-02-22 22:47:00,AWS-Enterprise-Cluster,unified-cluster-service,54.4,45.0,320.0,97385.4,180,960,541030,34.0
2014-02-22 22:52:00,AWS-Enterprise-Cluster,unified-cluster-service,61.6,45.0,2220.0,97282.3,180,4560,540457,34.1
2014-02-22 22:57:00,AWS-Enterprise-Cluster,unified-cluster-service,61.1,45.0,320.0,94180.5,179,540,523225,33.7
2014-02-22 23:02:00,AWS-Enterprise-Cluster,unified-cluster-service,58.0,45.0,1270.0,98927.5,179,2280,549597,33.8
2014-02-22 23:07:00,AWS-Enterprise-Cluster,unified-cluster-service,60.2,45.0,1545.0,94817.3,180,2940,526762,34.0
2014-02-22 23:12:00,AWS-Enterprise-Cluster,unified-cluster-service,39.3,45.0,320.0,96491.7,179,600,536065,33.8
2014-02-22 23:17:00,AWS-Enterprise-Cluster,unified-cluster-service,63.2,45.0,320.0,81834.8,182,600,454637,34.7
2014-02-22 23:22:00,AWS-Enterprise-Cluster,unified-cluster-service,58.1,45.0,320.0,105528.6,183,780,586270,35.0
2014-02-22 23:27:00,AWS-Enterprise-Cluster,unified-cluster-service,58.2,45.0,320.0,91782.4,179,960,509902,33.8
2014-02-22 23:32:00,AWS-Enterprise-Cluster,unified-cluster-service,56.4,45.0,320.0,96904.3,179,840,538357,33.8
2014-02-22 23:37:00,AWS-Enterprise-Cluster,unified-cluster-service,55.8,45.0,320.0,99378.0,179,120,552100,33.7
2014-02-22 23:42:00,AWS-Enterprise-Cluster,unified-cluster-service,60.4,45.0,2295.0,89160.8,179,4740,495337,33.8
2014-02-22 23:47:00,AWS-Enterprise-Cluster,unified-cluster-service,38.3,45.0,320.0,99005.0,180,540,550027,34.1
2014-02-22 23:52:00,AWS-Enterprise-Cluster,unified-cluster-service,66.8,45.0,3145.0,96880.9,178,6780,538227,33.7
2014-02-22 23:57:00,AWS-Enterprise-Cluster,unified-cluster-service,59.3,45.0,320.0,98928.0,180,720,549600,34.2
2014-02-23 00:02:00,AWS-Enterprise-Cluster,unified-cluster-service,57.3,45.0,320.0,94496.4,179,600,524980,33.7
2014-02-23 00:07:00,AWS-Enterprise-Cluster,unified-cluster-service,62.5,45.0,1645.0,97060.5,181,3180,539225,34.4
2014-02-23 00:12:00,AWS-Enterprise-Cluster,unified-cluster-service,39.9,45.0,1845.0,82099.8,180,3660,456110,34.1
2014-02-23 00:17:00,AWS-Enterprise-Cluster,unified-cluster-service,65.9,45.0,320.0,98205.8,183,360,545587,35.0
2014-02-23 00:22:00,AWS-Enterprise-Cluster,unified-cluster-service,56.2,45.0,320.0,102011.4,184,1020,566730,35.4
2014-02-23 00:27:00,AWS-Enterprise-Cluster,unified-cluster-service,57.4,45.0,1220.0,91790.1,180,2160,509945,34.0
2014-02-23 00:32:00,AWS-Enterprise-Cluster,unified-cluster-service,59.0,45.0,320.0,101837.3,179,300,565762,33.7
2014-02-23 00:37:00,AWS-Enterprise-Cluster,unified-cluster-service,39.9,45.0,320.0,93492.9,189,420,519405,36.9
2014-02-23 00:42:00,AWS-Enterprise-Cluster,unified-cluster-service,65.4,45.0,2145.0,95465.7,179,4380,530365,33.7
2014-02-23 00:47:00,AWS-Enterprise-Cluster,unified-cluster-service,55.8,45.0,4220.0,93296.2,180,9360,518312,34.1
2014-02-23 00:52:00,AWS-Enterprise-Cluster,unified-cluster-service,57.9,45.0,320.0,102346.2,179,1680,568590,33.8
2014-02-23 00:57:00,AWS-Enterprise-Cluster,unified-cluster-service,61.6,45.0,320.0,84689.1,179,480,470495,33.8
2014-02-23 01:02:00,AWS-Enterprise-Cluster,unified-cluster-service,39.3,45.0,320.0,98964.4,179,480,549802,33.8
2014-02-23 01:07:00,AWS-Enterprise-Cluster,unified-cluster-service,65.8,45.0,320.0,97908.8,182,540,543937,34.7
2014-02-23 01:12:00,AWS-Enterprise-Cluster,unified-cluster-service,58.3,45.0,320.0,89235.4,178,420,495752,33.4
2014-02-23 01:17:00,AWS-Enterprise-Cluster,unified-cluster-service,58.5,45.0,320.0,104682.6,179,720,581570,33.8
2014-02-23 01:22:00,AWS-Enterprise-Cluster,unified-cluster-service,59.7,45.0,320.0,92711.7,180,1620,515065,34.1
2014-02-23 01:27:00,AWS-Enterprise-Cluster,unified-cluster-service,39.5,45.0,320.0,99314.5,181,840,551747,34.4
2014-02-23 01:32:00,AWS-Enterprise-Cluster,unified-cluster-service,63.3,45.0,320.0,91410.3,183,180,507835,35.0
2014-02-23 01:37:00,AWS-Enterprise-Cluster,unified-cluster-service,57.5,45.0,3320.0,98520.3,185,7200,547335,35.7
2014-02-23 01:42:00,AWS-Enterprise-Cluster,unified-cluster-service,56.3,45.0,1520.0,90945.9,179,2880,505255,33.8
2014-02-23 01:47:00,AWS-Enterprise-Cluster,unified-cluster-service,59.3,45.0,1170.0,96094.3,180,2040,533857,34.0
2014-02-23 01:52:00,AWS-Enterprise-Cluster,unified-cluster-service,39.7,45.0,1870.0,92583.0,180,3720,514350,34.1
2014-02-23 01:57:00,AWS-Enterprise-Cluster,unified-cluster-service,69.4,45.0,3495.0,101690.1,181,7620,564945,34.4
2014-02-23 02:02:00,AWS-Enterprise-Cluster,unified-cluster-service,57.3,45.0,320.0,94803.3,179,420,526685,33.7
2014-02-23 02:07:00,AWS-Enterprise-Cluster,unified-cluster-service,59.5,45.0,1270.0,92325.6,181,2280,512920,34.4
2014-02-23 02:12:00,AWS-Enterprise-Cluster,unified-cluster-service,60.7,45.0,2995.0,96501.6,185,6420,536120,35.6
2014-02-23 02:17:00,AWS-Enterprise-Cluster,unified-cluster-service,39.2,45.0,4595.0,94278.2,181,10260,523767,34.4
2014-02-23 02:22:00,AWS-Enterprise-Cluster,unified-cluster-service,63.3,45.0,320.0,105754.5,179,1080,587525,33.8
2014-02-23 02:27:00,AWS-Enterprise-Cluster,unified-cluster-service,56.0,45.0,320.0,93778.6,180,1080,520992,34.1
2014-02-23 02:32:00,AWS-Enterprise-Cluster,unified-cluster-service,56.7,45.0,1970.0,93538.4,179,3960,519657,33.7
2014-02-23 02:37:00,AWS-Enterprise-Cluster,unified-cluster-service,59.4,45.0,320.0,93231.4,180,900,517952,34.0
2014-02-23 02:42:00,AWS-Enterprise-Cluster,unified-cluster-service,37.3,45.0,1270.0,93440.7,178,2280,519115,33.4
2014-02-23 02:47:00,AWS-Enterprise-Cluster,unified-cluster-service,63.8,45.0,1845.0,96767.5,180,3660,537597,34.0
2014-02-23 02:52:00,AWS-Enterprise-Cluster,unified-cluster-service,57.6,45.0,3895.0,99778.9,179,8580,554327,33.8
2014-02-23 02:57:00,AWS-Enterprise-Cluster,unified-cluster-service,59.5,45.0,1920.0,91422.0,178,3840,507900,33.4
2014-02-23 03:02:00,AWS-Enterprise-Cluster,unified-cluster-service,57.9,45.0,1220.0,93860.6,178,2160,521447,33.4
2014-02-23 03:07:00,AWS-Enterprise-Cluster,unified-cluster-service,55.6,45.0,4670.0,100741.5,185,10440,559675,35.6
2014-02-23 03:12:00,AWS-Enterprise-Cluster,unified-cluster-service,62.8,45.0,4695.0,91901.7,182,10500,510565,34.7
2014-02-23 03:17:00,AWS-Enterprise-Cluster,unified-cluster-service,60.5,45.0,2545.0,96050.7,179,5340,533615,33.8
2014-02-23 03:22:00,AWS-Enterprise-Cluster,unified-cluster-service,57.7,45.0,320.0,101158.2,179,1560,561990,33.7
2014-02-23 03:27:00,AWS-Enterprise-Cluster,unified-cluster-service,58.8,45.0,5270.0,99356.8,179,11880,551982,33.8
2014-02-23 03:32:00,AWS-Enterprise-Cluster,unified-cluster-service,39.9,45.0,1220.0,91651.5,178,2160,509175,33.4
2014-02-23 03:37:00,AWS-Enterprise-Cluster,unified-cluster-service,63.9,45.0,2370.0,96447.1,181,4920,535817,34.4
2014-02-23 03:42:00,AWS-Enterprise-Cluster,unified-cluster-service,58.3,45.0,320.0,89519.8,178,1680,497332,33.4
2014-02-23 03:47:00,AWS-Enterprise-Cluster,unified-cluster-service,58.0,45.0,320.0,99657.5,179,480,553652,33.8
2014-02-23 03:52:00,AWS-Enterprise-Cluster,unified-cluster-service,58.1,45.0,320.0,95406.8,179,540,530037,33.7
2014-02-23 03:57:00,AWS-Enterprise-Cluster,unified-cluster-service,55.9,45.0,3670.0,92832.7,183,8040,515737,35.0
2014-02-23 04:02:00,AWS-Enterprise-Cluster,unified-cluster-service,64.7,45.0,320.0,93422.3,178,840,519012,33.4
2014-02-23 04:07:00,AWS-Enterprise-Cluster,unified-cluster-service,61.2,45.0,2620.0,95746.9,181,5520,531927,34.4
2014-02-23 04:12:00,AWS-Enterprise-Cluster,unified-cluster-service,57.5,45.0,2545.0,99564.3,180,5340,553135,34.1
2014-02-23 04:17:00,AWS-Enterprise-Cluster,unified-cluster-service,59.2,45.0,320.0,91512.9,181,120,508405,34.3
2014-02-23 04:22:00,AWS-Enterprise-Cluster,unified-cluster-service,38.5,45.0,320.0,108275.9,180,300,601532,34.1
2014-02-23 04:27:00,AWS-Enterprise-Cluster,unified-cluster-service,64.2,45.0,1895.0,94468.5,181,3780,524825,34.4
2014-02-23 04:32:00,AWS-Enterprise-Cluster,unified-cluster-service,58.1,45.0,3070.0,99397.3,179,6600,552207,33.8
2014-02-23 04:37:00,AWS-Enterprise-Cluster,unified-cluster-service,56.4,45.0,1495.0,98428.9,181,2820,546827,34.4
2014-02-23 04:42:00,AWS-Enterprise-Cluster,unified-cluster-service,58.8,45.0,1370.0,95047.7,179,2520,528042,33.7
2014-02-23 04:47:00,AWS-Enterprise-Cluster,unified-cluster-service,54.5,45.0,1295.0,94392.9,180,2340,524405,34.1
2014-02-23 04:52:00,AWS-Enterprise-Cluster,unified-cluster-service,62.1,45.0,1870.0,96435.9,180,3720,535755,34.1
2014-02-23 04:57:00,AWS-Enterprise-Cluster,unified-cluster-service,61.0,45.0,320.0,97181.1,181,1140,539895,34.3
2014-02-23 05:02:00,AWS-Enterprise-Cluster,unified-cluster-service,58.3,45.0,320.0,95323.9,179,1080,529577,33.8
2014-02-23 05:07:00,AWS-Enterprise-Cluster,unified-cluster-service,60.9,45.0,2895.0,93824.5,180,6180,521247,34.0
2014-02-23 05:12:00,AWS-Enterprise-Cluster,unified-cluster-service,54.2,45.0,1220.0,95563.4,179,2160,530907,33.8
2014-02-23 05:17:00,AWS-Enterprise-Cluster,unified-cluster-service,64.6,45.0,2620.0,99259.2,180,5520,551440,34.0
2014-02-23 05:22:00,AWS-Enterprise-Cluster,unified-cluster-service,56.4,45.0,1970.0,99169.2,178,3960,550940,33.5
2014-02-23 05:27:00,AWS-Enterprise-Cluster,unified-cluster-service,56.5,45.0,4445.0,97513.6,181,9900,541742,34.3
2014-02-23 05:32:00,AWS-Enterprise-Cluster,unified-cluster-service,60.0,45.0,1920.0,98397.5,176,3840,546652,32.8
2014-02-23 05:37:00,AWS-Enterprise-Cluster,unified-cluster-service,38.6,45.0,1595.0,97518.2,182,3060,541767,34.7
2014-02-23 05:42:00,AWS-Enterprise-Cluster,unified-cluster-service,66.2,45.0,1120.0,92639.7,179,1920,514665,33.8
2014-02-23 05:47:00,AWS-Enterprise-Cluster,unified-cluster-service,57.2,45.0,1095.0,98905.0,179,1860,549472,33.8
2014-02-23 05:52:00,AWS-Enterprise-Cluster,unified-cluster-service,56.2,45.0,320.0,92721.6,180,600,515120,34.1
2014-02-23 05:57:00,AWS-Enterprise-Cluster,unified-cluster-service,62.0,45.0,6120.0,95842.8,180,13920,532460,34.0
2014-02-23 06:02:00,AWS-Enterprise-Cluster,unified-cluster-service,39.2,45.0,2145.0,99699.3,179,4380,553885,33.8
2014-02-23 06:07:00,AWS-Enterprise-Cluster,unified-cluster-service,69.5,45.0,320.0,91046.7,180,900,505815,34.1
2014-02-23 06:12:00,AWS-Enterprise-Cluster,unified-cluster-service,55.5,45.0,2745.0,100247.9,178,5820,556932,33.4
2014-02-23 06:17:00,AWS-Enterprise-Cluster,unified-cluster-service,56.9,45.0,2445.0,96768.9,178,5100,537605,33.7
2014-02-23 06:22:00,AWS-Enterprise-Cluster,unified-cluster-service,60.1,45.0,320.0,100959.3,179,1260,560885,33.8
2014-02-23 06:27:00,AWS-Enterprise-Cluster,unified-cluster-service,39.0,45.0,1870.0,90028.4,181,3720,500157,34.4
2014-02-23 06:32:00,AWS-Enterprise-Cluster,unified-cluster-service,64.0,45.0,4195.0,100928.2,180,9300,560712,34.0
2014-02-23 06:37:00,AWS-Enterprise-Cluster,unified-cluster-service,58.0,45.0,2420.0,99805.0,181,5040,554472,34.4
2014-02-23 06:42:00,AWS-Enterprise-Cluster,unified-cluster-service,58.8,45.0,2545.0,102341.7,179,5340,568565,33.8
2014-02-23 06:47:00,AWS-Enterprise-Cluster,unified-cluster-service,57.9,45.0,4220.0,96936.3,180,9360,538535,34.1
2014-02-23 06:52:00,AWS-Enterprise-Cluster,unified-cluster-service,39.8,45.0,2845.0,97186.9,180,6060,539927,34.1
2014-02-23 06:57:00,AWS-Enterprise-Cluster,unified-cluster-service,65.3,45.0,320.0,96410.2,181,780,535612,34.3
2014-02-23 07:02:00,AWS-Enterprise-Cluster,unified-cluster-service,58.8,45.0,1195.0,97368.3,179,2100,540935,33.8
2014-02-23 07:07:00,AWS-Enterprise-Cluster,unified-cluster-service,61.6,45.0,1520.0,106170.8,179,2880,589837,33.8
2014-02-23 07:12:00,AWS-Enterprise-Cluster,unified-cluster-service,57.2,45.0,2220.0,87231.6,180,4560,484620,34.1
2014-02-23 07:17:00,AWS-Enterprise-Cluster,unified-cluster-service,54.3,45.0,3670.0,96524.1,180,8040,536245,34.1
2014-02-23 07:22:00,AWS-Enterprise-Cluster,unified-cluster-service,60.0,45.0,2670.0,97517.7,179,5640,541765,33.7
2014-02-23 07:27:00,AWS-Enterprise-Cluster,unified-cluster-service,58.1,45.0,4295.0,94266.9,180,9540,523705,34.1
2014-02-23 07:32:00,AWS-Enterprise-Cluster,unified-cluster-service,58.0,45.0,3295.0,97826.8,178,7140,543482,33.5
2014-02-23 07:37:00,AWS-Enterprise-Cluster,unified-cluster-service,58.6,45.0,6545.0,89070.8,181,14940,494837,34.4
2014-02-23 07:42:00,AWS-Enterprise-Cluster,unified-cluster-service,39.0,45.0,2745.0,99353.2,180,5820,551962,34.0
2014-02-23 07:47:00,AWS-Enterprise-Cluster,unified-cluster-service,63.0,45.0,1595.0,94892.9,180,3060,527182,34.1
2014-02-23 07:52:00,AWS-Enterprise-Cluster,unified-cluster-service,57.7,45.0,1120.0,93336.8,185,1920,518537,35.6
2014-02-23 07:57:00,AWS-Enterprise-Cluster,unified-cluster-service,60.4,45.0,3645.0,92719.8,181,7980,515110,34.4
2014-02-23 08:02:00,AWS-Enterprise-Cluster,unified-cluster-service,59.8,45.0,1295.0,102422.7,178,2340,569015,33.4
2014-02-23 08:07:00,AWS-Enterprise-Cluster,unified-cluster-service,55.8,45.0,1770.0,93595.5,182,3480,519975,34.7
2014-02-23 08:12:00,AWS-Enterprise-Cluster,unified-cluster-service,66.4,45.0,1245.0,96160.9,179,2220,534227,33.8
2014-02-23 08:17:00,AWS-Enterprise-Cluster,unified-cluster-service,58.8,45.0,3920.0,95987.7,180,8640,533265,34.1
2014-02-23 08:22:00,AWS-Enterprise-Cluster,unified-cluster-service,58.1,45.0,2270.0,103830.8,180,4680,576837,34.0
2014-02-23 08:27:00,AWS-Enterprise-Cluster,unified-cluster-service,58.0,45.0,1895.0,96268.5,180,3780,534825,34.1
2014-02-23 08:32:00,AWS-Enterprise-Cluster,unified-cluster-service,39.5,45.0,2895.0,96295.0,179,6180,534972,33.8
2014-02-23 08:37:00,AWS-Enterprise-Cluster,unified-cluster-service,62.7,45.0,4745.0,97589.7,180,10620,542165,34.1
2014-02-23 08:42:00,AWS-Enterprise-Cluster,unified-cluster-service,58.6,45.0,320.0,94122.9,179,720,522905,33.8
2014-02-23 08:47:00,AWS-Enterprise-Cluster,unified-cluster-service,58.5,45.0,1795.0,100634.8,180,3540,559082,34.0
2014-02-23 08:52:00,AWS-Enterprise-Cluster,unified-cluster-service,59.7,45.0,2095.0,98292.1,180,4260,546067,34.1
2014-02-23 08:57:00,AWS-Enterprise-Cluster,unified-cluster-service,55.9,45.0,320.0,90610.2,181,720,503390,34.4
2014-02-23 09:02:00,AWS-Enterprise-Cluster,unified-cluster-service,63.3,45.0,320.0,95386.5,179,660,529925,33.7
2014-02-23 09:07:00,AWS-Enterprise-Cluster,unified-cluster-service,61.5,45.0,1195.0,101222.5,180,2100,562347,34.1
2014-02-23 09:12:00,AWS-Enterprise-Cluster,unified-cluster-service,56.4,45.0,320.0,91054.8,178,900,505860,33.4
2014-02-23 09:17:00,AWS-Enterprise-Cluster,unified-cluster-service,59.6,45.0,320.0,114981.3,180,720,638785,34.0
2014-02-23 09:22:00,AWS-Enterprise-Cluster,unified-cluster-service,38.8,45.0,320.0,84704.8,178,780,470582,33.4
2014-02-23 09:27:00,AWS-Enterprise-Cluster,unified-cluster-service,64.0,45.0,2420.0,91416.6,179,5040,507870,33.8
2014-02-23 09:32:00,AWS-Enterprise-Cluster,unified-cluster-service,58.8,45.0,2045.0,102976.6,179,4140,572092,33.7
2014-02-23 09:37:00,AWS-Enterprise-Cluster,unified-cluster-service,58.8,45.0,2645.0,93915.0,180,5580,521750,34.1
2014-02-23 09:42:00,AWS-Enterprise-Cluster,unified-cluster-service,57.9,45.0,1945.0,91075.5,177,3900,505975,33.1
2014-02-23 09:47:00,AWS-Enterprise-Cluster,unified-cluster-service,54.7,45.0,1495.0,96668.6,181,2820,537047,34.4
2014-02-23 09:52:00,AWS-Enterprise-Cluster,unified-cluster-service,61.9,45.0,320.0,94945.5,180,780,527475,34.1
2014-02-23 09:57:00,AWS-Enterprise-Cluster,unified-cluster-service,55.2,45.0,2495.0,95227.7,180,5220,529042,34.1
2014-02-23 10:02:00,AWS-Enterprise-Cluster,unified-cluster-service,66.8,45.0,2595.0,99210.6,178,5460,551170,33.4
2014-02-23 10:07:00,AWS-Enterprise-Cluster,unified-cluster-service,56.0,45.0,2370.0,91264.9,181,4920,507027,34.4
2014-02-23 10:12:00,AWS-Enterprise-Cluster,unified-cluster-service,54.3,45.0,1995.0,101279.2,180,4020,562662,34.1
2014-02-23 10:17:00,AWS-Enterprise-Cluster,unified-cluster-service,61.9,45.0,2045.0,93075.3,180,4140,517085,34.1
2014-02-23 10:22:00,AWS-Enterprise-Cluster,unified-cluster-service,54.2,45.0,1970.0,100603.4,182,3960,558907,34.7
2014-02-23 10:27:00,AWS-Enterprise-Cluster,unified-cluster-service,66.6,45.0,6395.0,96854.4,180,14580,538080,34.1
2014-02-23 10:32:00,AWS-Enterprise-Cluster,unified-cluster-service,55.5,45.0,320.0,95127.7,180,420,528487,34.1
2014-02-23 10:37:00,AWS-Enterprise-Cluster,unified-cluster-service,56.2,45.0,320.0,95861.2,180,600,532562,34.1
2014-02-23 10:42:00,AWS-Enterprise-Cluster,unified-cluster-service,59.5,45.0,1870.0,90766.4,178,3720,504257,33.4
2014-02-23 10:47:00,AWS-Enterprise-Cluster,unified-cluster-service,38.6,45.0,1145.0,104410.8,180,1980,580060,34.1
2014-02-23 10:52:00,AWS-Enterprise-Cluster,unified-cluster-service,65.2,45.0,8145.0,89267.4,180,18780,495930,34.0
2014-02-23 10:57:00,AWS-Enterprise-Cluster,unified-cluster-service,58.6,45.0,1420.0,95453.1,179,2640,530295,33.8
2014-02-23 11:02:00,AWS-Enterprise-Cluster,unified-cluster-service,57.7,45.0,1870.0,104359.1,180,3720,579772,34.1
2014-02-23 11:07:00,AWS-Enterprise-Cluster,unified-cluster-service,63.1,45.0,3670.0,92431.8,183,8040,513510,35.0
2014-02-23 11:12:00,AWS-Enterprise-Cluster,unified-cluster-service,39.8,45.0,2795.0,92404.3,179,5940,513357,33.7
2014-02-23 11:17:00,AWS-Enterprise-Cluster,unified-cluster-service,66.4,45.0,3520.0,91424.2,179,7680,507912,33.8
2014-02-23 11:22:00,AWS-Enterprise-Cluster,unified-cluster-service,56.9,45.0,1145.0,103090.5,180,1980,572725,34.0
2014-02-23 11:27:00,AWS-Enterprise-Cluster,unified-cluster-service,56.5,45.0,5495.0,94265.6,179,12420,523697,33.8
2014-02-23 11:32:00,AWS-Enterprise-Cluster,unified-cluster-service,58.9,45.0,4445.0,94595.9,179,9900,525532,33.7
2014-02-23 11:37:00,AWS-Enterprise-Cluster,unified-cluster-service,38.6,45.0,320.0,98965.4,179,180,549807,33.8
2014-02-23 11:42:00,AWS-Enterprise-Cluster,unified-cluster-service,61.4,45.0,4695.0,103592.3,179,10500,575512,33.7
2014-02-23 11:47:00,AWS-Enterprise-Cluster,unified-cluster-service,57.6,45.0,1445.0,96339.6,180,2700,535220,34.1
2014-02-23 11:52:00,AWS-Enterprise-Cluster,unified-cluster-service,56.7,45.0,320.0,89790.8,179,540,498837,33.8
2014-02-23 11:57:00,AWS-Enterprise-Cluster,unified-cluster-service,63.0,45.0,320.0,93293.1,180,720,518295,34.1
2014-02-23 12:02:00,AWS-Enterprise-Cluster,unified-cluster-service,38.8,45.0,1695.0,103885.7,179,3300,577142,33.8
2014-02-23 12:07:00,AWS-Enterprise-Cluster,unified-cluster-service,67.2,45.0,320.0,94052.7,180,900,522515,34.0
2014-02-23 12:12:00,AWS-Enterprise-Cluster,unified-cluster-service,56.1,45.0,320.0,90903.1,181,720,505017,34.4
2014-02-23 12:17:00,AWS-Enterprise-Cluster,unified-cluster-service,56.1,45.0,320.0,103425.8,179,720,574587,33.8
2014-02-23 12:22:00,AWS-Enterprise-Cluster,unified-cluster-service,59.8,45.0,320.0,105443.1,179,480,585795,33.7
2014-02-23 12:27:00,AWS-Enterprise-Cluster,unified-cluster-service,39.9,45.0,320.0,96514.2,180,540,536190,34.1
2014-02-23 12:32:00,AWS-Enterprise-Cluster,unified-cluster-service,65.3,45.0,320.0,93997.8,178,420,522210,33.4
2014-02-23 12:37:00,AWS-Enterprise-Cluster,unified-cluster-service,56.6,45.0,320.0,98583.3,180,720,547685,34.1
2014-02-23 12:42:00,AWS-Enterprise-Cluster,unified-cluster-service,56.8,45.0,320.0,92837.3,179,300,515762,33.7
2014-02-23 12:47:00,AWS-Enterprise-Cluster,unified-cluster-service,59.1,45.0,320.0,97110.0,180,420,539500,34.1
2014-02-23 12:52:00,AWS-Enterprise-Cluster,unified-cluster-service,38.7,45.0,2845.0,94587.7,180,6060,525487,34.1
2014-02-23 12:57:00,AWS-Enterprise-Cluster,unified-cluster-service,66.0,45.0,320.0,99309.6,179,180,551720,33.7
2014-02-23 13:02:00,AWS-Enterprise-Cluster,unified-cluster-service,59.1,45.0,320.0,95553.4,180,360,530852,34.1
2014-02-23 13:07:00,AWS-Enterprise-Cluster,unified-cluster-service,60.9,45.0,1595.0,95945.9,184,3060,533032,35.3
2014-02-23 13:12:00,AWS-Enterprise-Cluster,unified-cluster-service,57.8,45.0,320.0,86562.4,176,420,480902,32.8
2014-02-23 13:17:00,AWS-Enterprise-Cluster,unified-cluster-service,54.7,45.0,320.0,91921.1,180,600,510672,34.1
2014-02-23 13:22:00,AWS-Enterprise-Cluster,unified-cluster-service,61.4,45.0,1470.0,100580.9,179,2760,558782,33.7
2014-02-23 13:27:00,AWS-Enterprise-Cluster,unified-cluster-service,39.3,45.0,1370.0,97290.5,180,2520,540502,34.1
2014-02-23 13:32:00,AWS-Enterprise-Cluster,unified-cluster-service,65.7,45.0,320.0,101892.1,179,540,566067,33.8
2014-02-23 13:37:00,AWS-Enterprise-Cluster,unified-cluster-service,55.0,45.0,320.0,92033.6,181,1740,511297,34.4
2014-02-23 13:42:00,AWS-Enterprise-Cluster,unified-cluster-service,56.4,45.0,2420.0,98096.4,179,5040,544980,33.8
2014-02-23 13:47:00,AWS-Enterprise-Cluster,unified-cluster-service,60.7,45.0,320.0,99859.5,181,360,554775,34.4
2014-02-23 13:52:00,AWS-Enterprise-Cluster,unified-cluster-service,39.2,45.0,1545.0,91371.1,180,2940,507617,34.0
2014-02-23 13:57:00,AWS-Enterprise-Cluster,unified-cluster-service,68.9,45.0,320.0,88977.1,180,720,494317,34.1
2014-02-23 14:02:00,AWS-Enterprise-Cluster,unified-cluster-service,55.5,45.0,1595.0,99490.9,179,3060,552727,33.8
2014-02-23 14:07:00,AWS-Enterprise-Cluster,unified-cluster-service,59.5,45.0,8395.0,98197.2,180,19380,545540,34.1
2014-02-23 14:12:00,AWS-Enterprise-Cluster,unified-cluster-service,58.5,45.0,3420.0,94344.3,181,7440,524135,34.4
2014-02-23 14:17:00,AWS-Enterprise-Cluster,unified-cluster-service,39.9,45.0,320.0,101265.8,180,600,562587,34.1
2014-02-23 14:22:00,AWS-Enterprise-Cluster,unified-cluster-service,63.5,45.0,320.0,98993.2,183,1740,549962,35.0
2014-02-23 14:27:00,AWS-Enterprise-Cluster,unified-cluster-service,58.7,45.0,320.0,94040.1,181,300,522445,34.4
2014-02-23 14:32:00,AWS-Enterprise-Cluster,unified-cluster-service,60.3,45.0,2095.0,99662.4,180,4260,553680,34.1
2014-02-23 14:37:00,AWS-Enterprise-Cluster,unified-cluster-service,56.9,45.0,320.0,96754.1,183,1560,537522,35.0
2014-02-23 14:42:00,AWS-Enterprise-Cluster,unified-cluster-service,54.8,45.0,2595.0,81134.6,176,5460,450747,32.8
2014-02-23 14:47:00,AWS-Enterprise-Cluster,unified-cluster-service,62.0,45.0,1145.0,105500.7,178,1980,586115,33.7
2014-02-23 14:52:00,AWS-Enterprise-Cluster,unified-cluster-service,58.3,45.0,320.0,91862.1,180,360,510345,34.1
2014-02-23 14:57:00,AWS-Enterprise-Cluster,unified-cluster-service,61.7,45.0,1770.0,88911.4,181,3480,493952,34.4
2014-02-23 15:02:00,AWS-Enterprise-Cluster,unified-cluster-service,57.9,45.0,1520.0,96892.2,181,2880,538290,34.4
2014-02-23 15:07:00,AWS-Enterprise-Cluster,unified-cluster-service,57.1,45.0,320.0,97004.2,181,360,538912,34.4
2014-02-23 15:12:00,AWS-Enterprise-Cluster,unified-cluster-service,61.4,45.0,320.0,99708.8,179,480,553937,33.7
2014-02-23 15:17:00,AWS-Enterprise-Cluster,unified-cluster-service,38.6,45.0,2070.0,99522.9,180,4200,552905,34.1
2014-02-23 15:22:00,AWS-Enterprise-Cluster,unified-cluster-service,66.2,45.0,1095.0,100517.4,178,1860,558430,33.5
2014-02-23 15:27:00,AWS-Enterprise-Cluster,unified-cluster-service,55.2,45.0,320.0,92024.1,181,420,511245,34.3
2014-02-23 15:32:00,AWS-Enterprise-Cluster,unified-cluster-service,57.5,45.0,1120.0,107145.5,178,1920,595252,33.4
2014-02-23 15:37:00,AWS-Enterprise-Cluster,unified-cluster-service,59.6,45.0,320.0,90180.0,180,1140,501000,34.0
2014-02-23 15:42:00,AWS-Enterprise-Cluster,unified-cluster-service,38.6,45.0,2645.0,97504.6,179,5580,541692,33.8
2014-02-23 15:47:00,AWS-Enterprise-Cluster,unified-cluster-service,66.2,45.0,2920.0,92567.7,179,6240,514265,33.7
2014-02-23 15:52:00,AWS-Enterprise-Cluster,unified-cluster-service,55.9,45.0,320.0,88609.1,178,480,492272,33.4
2014-02-23 15:57:00,AWS-Enterprise-Cluster,unified-cluster-service,60.4,45.0,1520.0,96516.0,181,2880,536200,34.4
2014-02-23 16:02:00,AWS-Enterprise-Cluster,unified-cluster-service,59.1,45.0,320.0,99890.1,179,720,554945,33.7
2014-02-23 16:07:00,AWS-Enterprise-Cluster,unified-cluster-service,55.5,45.0,320.0,94850.6,181,540,526947,34.5
2014-02-23 16:12:00,AWS-Enterprise-Cluster,unified-cluster-service,62.7,45.0,320.0,91903.5,179,480,510575,33.8
2014-02-23 16:17:00,AWS-Enterprise-Cluster,unified-cluster-service,57.7,45.0,1820.0,105753.2,180,3600,587517,34.1
2014-02-23 16:22:00,AWS-Enterprise-Cluster,unified-cluster-service,59.2,45.0,2520.0,101156.4,183,5280,561980,35.0
2014-02-23 16:27:00,AWS-Enterprise-Cluster,unified-cluster-service,58.7,45.0,1720.0,92457.9,180,3360,513655,34.1
2014-02-23 16:32:00,AWS-Enterprise-Cluster,unified-cluster-service,39.7,45.0,320.0,92434.1,178,240,513522,33.4
2014-02-23 16:37:00,AWS-Enterprise-Cluster,unified-cluster-service,65.6,45.0,3895.0,98105.4,179,8580,545030,33.7
2014-02-23 16:42:00,AWS-Enterprise-Cluster,unified-cluster-service,57.8,45.0,1520.0,90315.0,180,2880,501750,34.0
2014-02-23 16:47:00,AWS-Enterprise-Cluster,unified-cluster-service,58.6,45.0,3045.0,100277.1,180,6540,557095,34.1
2014-02-23 16:52:00,AWS-Enterprise-Cluster,unified-cluster-service,60.8,45.0,320.0,96660.0,180,1680,537000,34.1
2014-02-23 16:57:00,AWS-Enterprise-Cluster,unified-cluster-service,62.0,45.0,1720.0,92031.8,181,3360,511287,34.4
2014-02-23 17:02:00,AWS-Enterprise-Cluster,unified-cluster-service,58.8,45.0,320.0,101880.5,182,420,566002,34.7
2014-02-23 17:07:00,AWS-Enterprise-Cluster,unified-cluster-service,62.0,45.0,3070.0,90582.3,178,6600,503235,33.4
2014-02-23 17:12:00,AWS-Enterprise-Cluster,unified-cluster-service,54.4,45.0,320.0,99324.9,180,1800,551805,34.1
2014-02-23 17:17:00,AWS-Enterprise-Cluster,unified-cluster-service,61.1,45.0,320.0,94191.3,185,300,523285,35.7
2014-02-23 17:22:00,AWS-Enterprise-Cluster,unified-cluster-service,57.7,45.0,1295.0,103694.4,180,2340,576080,34.1
2014-02-23 17:27:00,AWS-Enterprise-Cluster,unified-cluster-service,58.4,45.0,3445.0,83002.1,180,7500,461122,34.1
2014-02-23 17:32:00,AWS-Enterprise-Cluster,unified-cluster-service,57.0,45.0,2445.0,101122.7,179,5100,561792,33.8
2014-02-23 17:37:00,AWS-Enterprise-Cluster,unified-cluster-service,55.5,45.0,1820.0,92749.1,181,3600,515272,34.3
2014-02-23 17:42:00,AWS-Enterprise-Cluster,unified-cluster-service,60.7,45.0,4770.0,89014.1,179,10680,494522,33.7
2014-02-23 17:47:00,AWS-Enterprise-Cluster,unified-cluster-service,38.8,45.0,1570.0,95057.1,181,3000,528095,34.4
2014-02-23 17:52:00,AWS-Enterprise-Cluster,unified-cluster-service,65.4,45.0,320.0,91723.5,180,300,509575,34.1
2014-02-23 17:57:00,AWS-Enterprise-Cluster,unified-cluster-service,56.5,45.0,320.0,95505.3,181,300,530585,34.4
2014-02-23 18:02:00,AWS-Enterprise-Cluster,unified-cluster-service,56.8,45.0,1470.0,95500.4,184,2760,530557,35.4
2014-02-23 18:07:00,AWS-Enterprise-Cluster,unified-cluster-service,61.9,45.0,320.0,98576.1,182,1200,547645,34.7
2014-02-23 18:12:00,AWS-Enterprise-Cluster,unified-cluster-service,38.9,45.0,320.0,93878.6,179,180,521547,33.8
2014-02-23 18:17:00,AWS-Enterprise-Cluster,unified-cluster-service,63.6,45.0,320.0,104512.0,181,480,580622,34.3
2014-02-23 18:22:00,AWS-Enterprise-Cluster,unified-cluster-service,58.2,45.0,1245.0,98384.4,180,2220,546580,34.1
2014-02-23 18:27:00,AWS-Enterprise-Cluster,unified-cluster-service,59.0,45.0,2870.0,93422.3,180,6120,519012,34.1
2014-02-23 18:32:00,AWS-Enterprise-Cluster,unified-cluster-service,58.0,45.0,320.0,94771.4,179,900,526507,33.7
2014-02-23 18:37:00,AWS-Enterprise-Cluster,unified-cluster-service,55.2,45.0,320.0,94147.7,183,1020,523042,35.0
2014-02-23 18:42:00,AWS-Enterprise-Cluster,unified-cluster-service,63.7,45.0,1220.0,94390.7,179,2160,524392,33.8
2014-02-23 18:47:00,AWS-Enterprise-Cluster,unified-cluster-service,38.8,45.0,320.0,91822.1,184,540,510122,35.3
2014-02-23 18:52:00,AWS-Enterprise-Cluster,unified-cluster-service,66.3,45.0,320.0,99319.1,179,120,551772,33.8
2014-02-23 18:57:00,AWS-Enterprise-Cluster,unified-cluster-service,58.5,45.0,2120.0,89815.9,182,4320,498977,34.7
2014-02-23 19:02:00,AWS-Enterprise-Cluster,unified-cluster-service,56.6,45.0,320.0,100031.4,179,1800,555730,33.7
2014-02-23 19:07:00,AWS-Enterprise-Cluster,unified-cluster-service,63.4,45.0,320.0,89364.6,181,720,496470,34.3
2014-02-23 19:12:00,AWS-Enterprise-Cluster,unified-cluster-service,38.9,45.0,320.0,95986.4,180,420,533257,34.1
2014-02-23 19:17:00,AWS-Enterprise-Cluster,unified-cluster-service,63.4,45.0,2395.0,98237.7,186,4980,545765,36.0
2014-02-23 19:22:00,AWS-Enterprise-Cluster,unified-cluster-service,57.4,45.0,320.0,97002.5,178,420,538902,33.4
2014-02-23 19:27:00,AWS-Enterprise-Cluster,unified-cluster-service,56.8,45.0,1920.0,94044.1,180,3840,522467,34.0
2014-02-23 19:32:00,AWS-Enterprise-Cluster,unified-cluster-service,58.7,45.0,320.0,97677.0,179,660,542650,33.7
2014-02-23 19:37:00,AWS-Enterprise-Cluster,unified-cluster-service,55.0,45.0,1395.0,96391.8,180,2580,535510,34.0
2014-02-23 19:42:00,AWS-Enterprise-Cluster,unified-cluster-service,63.1,45.0,2020.0,88218.4,179,4080,490102,33.7
2014-02-23 19:47:00,AWS-Enterprise-Cluster,unified-cluster-service,59.1,45.0,320.0,96480.9,181,540,536005,34.4
2014-02-23 19:52:00,AWS-Enterprise-Cluster,unified-cluster-service,58.9,45.0,1170.0,94601.2,180,2040,525562,34.1
2014-02-23 19:57:00,AWS-Enterprise-Cluster,unified-cluster-service,59.7,45.0,2845.0,96849.9,180,6060,538055,34.1
2014-02-23 20:02:00,AWS-Enterprise-Cluster,unified-cluster-service,54.3,45.0,320.0,98652.6,179,600,548070,33.8
2014-02-23 20:07:00,AWS-Enterprise-Cluster,unified-cluster-service,64.6,45.0,320.0,89315.1,181,1140,496195,34.3
2014-02-23 20:12:00,AWS-Enterprise-Cluster,unified-cluster-service,58.0,45.0,320.0,92877.7,178,780,515987,33.4
2014-02-23 20:17:00,AWS-Enterprise-Cluster,unified-cluster-service,59.1,45.0,1270.0,97008.8,179,2280,538937,33.8
2014-02-23 20:22:00,AWS-Enterprise-Cluster,unified-cluster-service,57.2,45.0,2245.0,103211.1,185,4620,573395,35.6
2014-02-23 20:27:00,AWS-Enterprise-Cluster,unified-cluster-service,54.9,45.0,320.0,91750.1,179,1140,509722,33.8
2014-02-23 20:32:00,AWS-Enterprise-Cluster,unified-cluster-service,62.4,45.0,320.0,104762.3,179,720,582012,33.7
2014-02-23 20:37:00,AWS-Enterprise-Cluster,unified-cluster-service,57.6,45.0,2045.0,92772.9,180,4140,515405,34.1
2014-02-23 20:42:00,AWS-Enterprise-Cluster,unified-cluster-service,59.1,45.0,1320.0,94897.3,178,2400,527207,33.4
2014-02-23 20:47:00,AWS-Enterprise-Cluster,unified-cluster-service,60.2,45.0,1920.0,97172.1,180,3840,539845,34.1
2014-02-23 20:52:00,AWS-Enterprise-Cluster,unified-cluster-service,39.4,45.0,320.0,95517.0,178,780,530650,33.4
2014-02-23 20:57:00,AWS-Enterprise-Cluster,unified-cluster-service,68.3,45.0,1470.0,91711.8,181,2760,509510,34.4
2014-02-23 21:02:00,AWS-Enterprise-Cluster,unified-cluster-service,56.2,45.0,320.0,101560.5,179,780,564225,33.7
2014-02-23 21:07:00,AWS-Enterprise-Cluster,unified-cluster-service,59.6,45.0,320.0,94814.5,179,540,526747,33.8
2014-02-23 21:12:00,AWS-Enterprise-Cluster,unified-cluster-service,59.5,45.0,320.0,92584.3,179,720,514357,33.7
2014-02-23 21:17:00,AWS-Enterprise-Cluster,unified-cluster-service,39.4,45.0,320.0,94216.5,178,1320,523425,33.5
2014-02-23 21:22:00,AWS-Enterprise-Cluster,unified-cluster-service,63.0,45.0,1220.0,98389.8,179,2160,546610,33.7
2014-02-23 21:27:00,AWS-Enterprise-Cluster,unified-cluster-service,57.5,45.0,2220.0,94372.2,180,4560,524290,34.0
2014-02-23 21:32:00,AWS-Enterprise-Cluster,unified-cluster-service,58.9,45.0,320.0,92106.9,181,960,511705,34.4
2014-02-23 21:37:00,AWS-Enterprise-Cluster,unified-cluster-service,57.2,45.0,320.0,101735.1,185,600,565195,35.6
2014-02-23 21:42:00,AWS-Enterprise-Cluster,unified-cluster-service,54.7,45.0,3420.0,88752.6,180,7440,493070,34.1
2014-02-23 21:47:00,AWS-Enterprise-Cluster,unified-cluster-service,62.1,45.0,2195.0,105333.3,180,4500,585185,34.0
2014-02-23 21:52:00,AWS-Enterprise-Cluster,unified-cluster-service,57.7,45.0,320.0,90617.9,180,480,503432,34.1
2014-02-23 21:57:00,AWS-Enterprise-Cluster,unified-cluster-service,61.2,45.0,1795.0,96425.6,181,3540,535697,34.4
2014-02-23 22:02:00,AWS-Enterprise-Cluster,unified-cluster-service,57.9,45.0,320.0,94493.7,182,660,524965,34.7
2014-02-23 22:07:00,AWS-Enterprise-Cluster,unified-cluster-service,56.6,45.0,1370.0,96683.4,178,2520,537130,33.4
2014-02-23 22:12:00,AWS-Enterprise-Cluster,unified-cluster-service,63.1,45.0,320.0,88641.4,179,1800,492452,33.8
2014-02-23 22:17:00,AWS-Enterprise-Cluster,unified-cluster-service,58.1,45.0,1220.0,95568.8,183,2160,530937,35.0
2014-02-23 22:22:00,AWS-Enterprise-Cluster,unified-cluster-service,59.2,45.0,320.0,98137.3,182,360,545207,34.7
2014-02-23 22:27:00,AWS-Enterprise-Cluster,unified-cluster-service,59.9,45.0,1670.0,94118.0,180,3240,522877,34.1
2014-02-23 22:32:00,AWS-Enterprise-Cluster,unified-cluster-service,39.9,45.0,1220.0,94349.7,179,2160,524165,33.8
2014-02-23 22:37:00,AWS-Enterprise-Cluster,unified-cluster-service,62.4,45.0,1195.0,91908.9,181,2100,510605,34.4
2014-02-23 22:42:00,AWS-Enterprise-Cluster,unified-cluster-service,58.2,45.0,320.0,95045.0,179,1500,528027,33.8
2014-02-23 22:47:00,AWS-Enterprise-Cluster,unified-cluster-service,59.7,45.0,320.0,97599.6,179,600,542220,33.8
2014-02-23 22:52:00,AWS-Enterprise-Cluster,unified-cluster-service,55.0,45.0,320.0,96391.4,180,600,535507,34.0
2014-02-23 22:57:00,AWS-Enterprise-Cluster,unified-cluster-service,55.8,45.0,320.0,84178.8,182,540,467660,34.7
2014-02-23 23:02:00,AWS-Enterprise-Cluster,unified-cluster-service,66.8,45.0,1170.0,102173.9,184,2040,567632,35.4
2014-02-23 23:07:00,AWS-Enterprise-Cluster,unified-cluster-service,59.4,45.0,1770.0,89654.8,180,3480,498082,34.1
2014-02-23 23:12:00,AWS-Enterprise-Cluster,unified-cluster-service,57.5,45.0,320.0,96455.2,179,540,535862,33.7
2014-02-23 23:17:00,AWS-Enterprise-Cluster,unified-cluster-service,59.0,45.0,320.0,101470.9,179,900,563727,33.7
2014-02-23 23:22:00,AWS-Enterprise-Cluster,unified-cluster-service,38.6,45.0,320.0,96541.2,179,960,536340,33.8
2014-02-23 23:27:00,AWS-Enterprise-Cluster,unified-cluster-service,63.9,45.0,320.0,96339.1,180,540,535217,34.0
2014-02-23 23:32:00,AWS-Enterprise-Cluster,unified-cluster-service,57.8,45.0,320.0,97842.1,181,540,543567,34.4
2014-02-23 23:37:00,AWS-Enterprise-Cluster,unified-cluster-service,56.9,45.0,1120.0,96274.3,178,1920,534857,33.4
2014-02-23 23:42:00,AWS-Enterprise-Cluster,unified-cluster-service,60.2,45.0,320.0,91753.2,178,1740,509740,33.4
2014-02-23 23:47:00,AWS-Enterprise-Cluster,unified-cluster-service,39.0,45.0,1220.0,98655.3,181,2160,548085,34.4
2014-02-23 23:52:00,AWS-Enterprise-Cluster,unified-cluster-service,64.0,45.0,1520.0,90564.3,178,2880,503135,33.7
2014-02-23 23:57:00,AWS-Enterprise-Cluster,unified-cluster-service,61.8,45.0,320.0,98431.2,180,1020,546840,34.2
2014-02-24 00:02:00,AWS-Enterprise-Cluster,unified-cluster-service,58.1,45.0,320.0,96892.7,180,360,538292,34.1
2014-02-24 00:07:00,AWS-Enterprise-Cluster,unified-cluster-service,60.9,45.0,320.0,92646.0,180,540,514700,34.1
2014-02-24 00:12:00,AWS-Enterprise-Cluster,unified-cluster-service,39.6,45.0,320.0,96358.5,179,1680,535325,33.8
2014-02-24 00:17:00,AWS-Enterprise-Cluster,unified-cluster-service,63.9,45.0,320.0,99895.5,184,720,554975,35.3
2014-02-24 00:22:00,AWS-Enterprise-Cluster,unified-cluster-service,58.7,45.0,320.0,102835.4,183,300,571307,35.0
2014-02-24 00:27:00,AWS-Enterprise-Cluster,unified-cluster-service,58.0,45.0,320.0,89978.9,181,840,499882,34.4
2014-02-24 00:32:00,AWS-Enterprise-Cluster,unified-cluster-service,58.5,45.0,1245.0,101819.7,179,2220,565665,33.7
2014-02-24 00:37:00,AWS-Enterprise-Cluster,unified-cluster-service,39.7,45.0,1870.0,88805.7,181,3720,493365,34.4
2014-02-24 00:42:00,AWS-Enterprise-Cluster,unified-cluster-service,65.1,45.0,320.0,96908.0,179,900,538377,33.7
2014-02-24 00:47:00,AWS-Enterprise-Cluster,unified-cluster-service,57.8,45.0,2370.0,92732.4,181,4920,515180,34.4
2014-02-24 00:52:00,AWS-Enterprise-Cluster,unified-cluster-service,57.1,45.0,320.0,92380.0,181,300,513222,34.4
2014-02-24 00:57:00,AWS-Enterprise-Cluster,unified-cluster-service,63.3,45.0,320.0,91833.3,180,1140,510185,34.0
2014-02-24 01:02:00,AWS-Enterprise-Cluster,unified-cluster-service,38.9,45.0,320.0,94985.1,179,780,527695,33.7
2014-02-24 01:07:00,AWS-Enterprise-Cluster,unified-cluster-service,66.5,45.0,320.0,96736.1,183,960,537422,35.0
2014-02-24 01:12:00,AWS-Enterprise-Cluster,unified-cluster-service,58.7,45.0,320.0,91910.7,179,1320,510615,33.8
2014-02-24 01:17:00,AWS-Enterprise-Cluster,unified-cluster-service,57.2,45.0,320.0,99935.6,181,720,555197,34.4
2014-02-24 01:22:00,AWS-Enterprise-Cluster,unified-cluster-service,59.5,45.0,320.0,95284.8,184,540,529360,35.3
2014-02-24 01:27:00,AWS-Enterprise-Cluster,unified-cluster-service,39.3,45.0,320.0,96341.4,182,720,535230,34.7
2014-02-24 01:32:00,AWS-Enterprise-Cluster,unified-cluster-service,66.1,45.0,320.0,99501.3,178,540,552785,33.4
2014-02-24 01:37:00,AWS-Enterprise-Cluster,unified-cluster-service,56.6,45.0,1370.0,100368.4,181,2520,557602,34.4
2014-02-24 01:42:00,AWS-Enterprise-Cluster,unified-cluster-service,58.9,45.0,3595.0,89253.0,179,7860,495850,33.7
2014-02-24 01:47:00,AWS-Enterprise-Cluster,unified-cluster-service,59.0,45.0,1120.0,96455.2,180,1920,535862,34.1
2014-02-24 01:52:00,AWS-Enterprise-Cluster,unified-cluster-service,54.1,45.0,3695.0,92057.4,180,8100,511430,34.1
2014-02-24 01:57:00,AWS-Enterprise-Cluster,unified-cluster-service,66.6,45.0,320.0,88825.9,180,900,493477,34.1
2014-02-24 02:02:00,AWS-Enterprise-Cluster,unified-cluster-service,58.3,45.0,1945.0,99071.1,179,3900,550395,33.7
2014-02-24 02:07:00,AWS-Enterprise-Cluster,unified-cluster-service,59.8,45.0,320.0,88644.6,180,1440,492470,34.0
2014-02-24 02:12:00,AWS-Enterprise-Cluster,unified-cluster-service,58.5,45.0,2795.0,93690.0,182,5940,520500,34.7
2014-02-24 02:17:00,AWS-Enterprise-Cluster,unified-cluster-service,38.8,45.0,1995.0,92491.6,183,4020,513842,35.1
2014-02-24 02:22:00,AWS-Enterprise-Cluster,unified-cluster-service,63.8,45.0,320.0,102983.9,180,540,572132,34.1
2014-02-24 02:27:00,AWS-Enterprise-Cluster,unified-cluster-service,58.0,45.0,1320.0,94651.6,179,2400,525842,33.8
2014-02-24 02:32:00,AWS-Enterprise-Cluster,unified-cluster-service,57.1,45.0,2270.0,96290.1,179,4680,534945,33.7
2014-02-24 02:37:00,AWS-Enterprise-Cluster,unified-cluster-service,59.4,45.0,2445.0,92187.5,179,5100,512152,33.8
2014-02-24 02:42:00,AWS-Enterprise-Cluster,unified-cluster-service,39.0,45.0,1695.0,93595.5,179,3300,519975,33.7
2014-02-24 02:47:00,AWS-Enterprise-Cluster,unified-cluster-service,63.9,45.0,1595.0,93605.4,179,3060,520030,33.8
2014-02-24 02:52:00,AWS-Enterprise-Cluster,unified-cluster-service,58.5,45.0,1595.0,95615.1,179,3060,531195,33.8
2014-02-24 02:57:00,AWS-Enterprise-Cluster,unified-cluster-service,60.5,45.0,320.0,93351.6,184,1680,518620,35.3
2014-02-24 03:02:00,AWS-Enterprise-Cluster,unified-cluster-service,61.6,45.0,320.0,95896.4,184,1140,532757,35.3
2014-02-24 03:07:00,AWS-Enterprise-Cluster,unified-cluster-service,56.0,45.0,1695.0,98963.1,181,3300,549795,34.4
2014-02-24 03:12:00,AWS-Enterprise-Cluster,unified-cluster-service,63.2,45.0,320.0,94092.7,180,600,522737,34.1
2014-02-24 03:17:00,AWS-Enterprise-Cluster,unified-cluster-service,58.8,45.0,2895.0,101121.8,179,6180,561787,33.8
2014-02-24 03:22:00,AWS-Enterprise-Cluster,unified-cluster-service,58.1,45.0,320.0,98915.9,179,1080,549532,33.7
2014-02-24 03:27:00,AWS-Enterprise-Cluster,unified-cluster-service,58.8,45.0,1145.0,93439.8,179,1980,519110,33.8
2014-02-24 03:32:00,AWS-Enterprise-Cluster,unified-cluster-service,39.8,45.0,320.0,91943.6,179,1140,510797,33.8
2014-02-24 03:37:00,AWS-Enterprise-Cluster,unified-cluster-service,63.3,45.0,320.0,106142.9,178,540,589682,33.7
2014-02-24 03:42:00,AWS-Enterprise-Cluster,unified-cluster-service,59.2,45.0,320.0,92196.4,178,900,512202,33.5
2014-02-24 03:47:00,AWS-Enterprise-Cluster,unified-cluster-service,58.8,45.0,320.0,99285.8,180,540,551587,34.0
2014-02-24 03:52:00,AWS-Enterprise-Cluster,unified-cluster-service,58.6,45.0,2845.0,89640.9,179,6060,498005,33.8
2014-02-24 03:57:00,AWS-Enterprise-Cluster,unified-cluster-service,56.9,45.0,320.0,91818.9,179,540,510105,33.8
2014-02-24 04:02:00,AWS-Enterprise-Cluster,unified-cluster-service,63.4,45.0,1120.0,96787.8,179,1920,537710,33.7
2014-02-24 04:07:00,AWS-Enterprise-Cluster,unified-cluster-service,60.8,45.0,2120.0,92587.5,179,4320,514375,33.8
2014-02-24 04:12:00,AWS-Enterprise-Cluster,unified-cluster-service,58.3,45.0,320.0,92046.1,178,1320,511367,33.4
2014-02-24 04:17:00,AWS-Enterprise-Cluster,unified-cluster-service,58.6,45.0,320.0,95064.3,180,660,528135,34.1
2014-02-24 04:22:00,AWS-Enterprise-Cluster,unified-cluster-service,39.1,45.0,1670.0,102824.5,178,3240,571247,33.4
2014-02-24 04:27:00,AWS-Enterprise-Cluster,unified-cluster-service,61.9,45.0,320.0,91985.4,179,1320,511030,33.8
2014-02-24 04:32:00,AWS-Enterprise-Cluster,unified-cluster-service,56.8,45.0,320.0,98262.5,179,1740,545902,33.8
2014-02-24 04:37:00,AWS-Enterprise-Cluster,unified-cluster-service,57.6,45.0,2945.0,92163.6,180,6300,512020,34.1
2014-02-24 04:42:00,AWS-Enterprise-Cluster,unified-cluster-service,60.4,45.0,3420.0,88121.2,177,7440,489562,33.4
2014-02-24 04:47:00,AWS-Enterprise-Cluster,unified-cluster-service,39.4,45.0,3870.0,96446.2,179,8520,535812,33.8
2014-02-24 04:52:00,AWS-Enterprise-Cluster,unified-cluster-service,63.3,45.0,1770.0,99399.1,180,3480,552217,34.1
2014-02-24 04:57:00,AWS-Enterprise-Cluster,unified-cluster-service,61.4,45.0,1970.0,96260.9,179,3960,534782,33.7
2014-02-24 05:02:00,AWS-Enterprise-Cluster,unified-cluster-service,57.5,45.0,1320.0,92954.7,178,2400,516415,33.4
2014-02-24 05:07:00,AWS-Enterprise-Cluster,unified-cluster-service,63.2,45.0,1545.0,97142.4,179,2940,539680,33.8
2014-02-24 05:12:00,AWS-Enterprise-Cluster,unified-cluster-service,54.1,45.0,320.0,91833.8,178,1260,510187,33.4
2014-02-24 05:17:00,AWS-Enterprise-Cluster,unified-cluster-service,64.0,45.0,320.0,97009.2,183,780,538940,35.0
2014-02-24 05:22:00,AWS-Enterprise-Cluster,unified-cluster-service,58.6,45.0,1770.0,102313.4,179,3480,568407,33.8
2014-02-24 05:27:00,AWS-Enterprise-Cluster,unified-cluster-service,58.7,45.0,320.0,93982.0,180,1800,522122,34.1
2014-02-24 05:32:00,AWS-Enterprise-Cluster,unified-cluster-service,59.6,45.0,1520.0,94371.3,179,2880,524285,33.8
2014-02-24 05:37:00,AWS-Enterprise-Cluster,unified-cluster-service,40.0,45.0,320.0,98701.2,180,480,548340,34.0
2014-02-24 05:42:00,AWS-Enterprise-Cluster,unified-cluster-service,67.6,45.0,320.0,93480.3,179,840,519335,33.8
2014-02-24 05:47:00,AWS-Enterprise-Cluster,unified-cluster-service,56.4,45.0,3045.0,95007.1,179,6540,527817,33.7
2014-02-24 05:52:00,AWS-Enterprise-Cluster,unified-cluster-service,57.2,45.0,2320.0,85435.2,179,4800,474640,33.7
2014-02-24 05:57:00,AWS-Enterprise-Cluster,unified-cluster-service,62.3,45.0,320.0,94268.2,179,1200,523712,33.8
2014-02-24 06:02:00,AWS-Enterprise-Cluster,unified-cluster-service,39.4,45.0,1095.0,101881.8,179,1860,566010,33.8
2014-02-24 06:07:00,AWS-Enterprise-Cluster,unified-cluster-service,65.5,45.0,320.0,92996.1,180,720,516645,34.1
2014-02-24 06:12:00,AWS-Enterprise-Cluster,unified-cluster-service,58.6,45.0,3795.0,93851.6,179,8340,521397,33.7
2014-02-24 06:17:00,AWS-Enterprise-Cluster,unified-cluster-service,59.3,45.0,2845.0,96637.0,179,6060,536872,33.8
2014-02-24 06:22:00,AWS-Enterprise-Cluster,unified-cluster-service,57.1,45.0,1295.0,108397.8,179,2340,602210,33.8
2014-02-24 06:27:00,AWS-Enterprise-Cluster,unified-cluster-service,55.7,45.0,320.0,89391.6,180,900,496620,34.1
2014-02-24 06:32:00,AWS-Enterprise-Cluster,unified-cluster-service,61.1,45.0,1095.0,93973.9,178,1860,522077,33.4
2014-02-24 06:37:00,AWS-Enterprise-Cluster,unified-cluster-service,39.3,45.0,1620.0,100629.0,181,3120,559050,34.4
2014-02-24 06:42:00,AWS-Enterprise-Cluster,unified-cluster-service,66.8,45.0,320.0,88888.1,178,900,493822,33.4
2014-02-24 06:47:00,AWS-Enterprise-Cluster,unified-cluster-service,56.2,45.0,2820.0,104337.5,181,6000,579652,34.4
2014-02-24 06:52:00,AWS-Enterprise-Cluster,unified-cluster-service,56.4,45.0,2395.0,92325.6,180,4980,512920,34.1
2014-02-24 06:57:00,AWS-Enterprise-Cluster,unified-cluster-service,63.1,45.0,320.0,90388.4,180,1440,502157,34.0
2014-02-24 07:02:00,AWS-Enterprise-Cluster,unified-cluster-service,39.1,45.0,1820.0,94257.0,179,3600,523650,33.8
2014-02-24 07:07:00,AWS-Enterprise-Cluster,unified-cluster-service,66.7,45.0,320.0,99499.1,182,1200,552772,34.7
2014-02-24 07:12:00,AWS-Enterprise-Cluster,unified-cluster-service,59.3,45.0,1820.0,92679.3,179,3600,514885,33.7
2014-02-24 07:17:00,AWS-Enterprise-Cluster,unified-cluster-service,56.9,45.0,2370.0,98914.1,180,4920,549522,34.1
2014-02-24 07:22:00,AWS-Enterprise-Cluster,unified-cluster-service,60.8,45.0,1645.0,98901.4,179,3180,549452,33.8
2014-02-24 07:27:00,AWS-Enterprise-Cluster,unified-cluster-service,39.2,45.0,3095.0,95918.4,182,6660,532880,34.7
2014-02-24 07:32:00,AWS-Enterprise-Cluster,unified-cluster-service,66.7,45.0,320.0,94033.8,180,900,522410,34.1
2014-02-24 07:37:00,AWS-Enterprise-Cluster,unified-cluster-service,57.1,45.0,1595.0,90913.5,180,3060,505075,34.1
2014-02-24 07:42:00,AWS-Enterprise-Cluster,unified-cluster-service,54.5,45.0,320.0,93740.9,180,900,520782,34.1
2014-02-24 07:47:00,AWS-Enterprise-Cluster,unified-cluster-service,60.5,45.0,1595.0,94735.4,181,3060,526307,34.4
2014-02-24 07:52:00,AWS-Enterprise-Cluster,unified-cluster-service,39.7,45.0,1545.0,95839.2,186,2940,532440,35.9
2014-02-24 07:57:00,AWS-Enterprise-Cluster,unified-cluster-service,69.7,45.0,2645.0,94437.5,181,5580,524652,34.3
2014-02-24 08:02:00,AWS-Enterprise-Cluster,unified-cluster-service,57.1,45.0,320.0,100051.2,179,900,555840,33.8
2014-02-24 08:07:00,AWS-Enterprise-Cluster,unified-cluster-service,60.1,45.0,320.0,95855.9,182,600,532532,34.7
2014-02-24 08:12:00,AWS-Enterprise-Cluster,unified-cluster-service,60.2,45.0,320.0,92960.6,180,720,516447,34.1
2014-02-24 08:17:00,AWS-Enterprise-Cluster,unified-cluster-service,38.8,45.0,2120.0,94531.5,180,4320,525175,34.0
2014-02-24 08:22:00,AWS-Enterprise-Cluster,unified-cluster-service,66.3,45.0,320.0,100301.8,180,480,557232,34.0
2014-02-24 08:27:00,AWS-Enterprise-Cluster,unified-cluster-service,56.4,45.0,320.0,100378.4,179,660,557657,33.8
2014-02-24 08:32:00,AWS-Enterprise-Cluster,unified-cluster-service,57.2,45.0,320.0,95708.2,179,600,531712,33.8
2014-02-24 08:37:00,AWS-Enterprise-Cluster,unified-cluster-service,58.8,45.0,1845.0,99393.8,180,3660,552187,34.1
2014-02-24 08:42:00,AWS-Enterprise-Cluster,unified-cluster-service,38.9,45.0,2270.0,91660.9,179,4680,509227,33.7
2014-02-24 08:47:00,AWS-Enterprise-Cluster,unified-cluster-service,63.6,45.0,320.0,93356.6,179,660,518647,33.8
2014-02-24 08:52:00,AWS-Enterprise-Cluster,unified-cluster-service,59.0,45.0,2145.0,91881.4,180,4380,510452,34.1
2014-02-24 08:57:00,AWS-Enterprise-Cluster,unified-cluster-service,61.4,45.0,1620.0,89291.2,180,3120,496062,34.0
2014-02-24 09:02:00,AWS-Enterprise-Cluster,unified-cluster-service,58.9,45.0,1770.0,96404.4,179,3480,535580,33.7
2014-02-24 09:07:00,AWS-Enterprise-Cluster,unified-cluster-service,56.0,45.0,1620.0,97515.5,180,3120,541752,34.1
2014-02-24 09:12:00,AWS-Enterprise-Cluster,unified-cluster-service,63.1,45.0,320.0,91855.4,180,1680,510307,34.1
2014-02-24 09:17:00,AWS-Enterprise-Cluster,unified-cluster-service,59.3,45.0,2770.0,105110.6,180,5880,583947,34.0
2014-02-24 09:22:00,AWS-Enterprise-Cluster,unified-cluster-service,59.7,45.0,320.0,94063.9,178,1140,522577,33.4
2014-02-24 09:27:00,AWS-Enterprise-Cluster,unified-cluster-service,56.9,45.0,1745.0,91957.1,181,3420,510872,34.4
2014-02-24 09:32:00,AWS-Enterprise-Cluster,unified-cluster-service,56.3,45.0,2820.0,99771.8,178,6000,554287,33.4
2014-02-24 09:37:00,AWS-Enterprise-Cluster,unified-cluster-service,62.6,45.0,1195.0,94884.3,180,2100,527135,34.1
2014-02-24 09:42:00,AWS-Enterprise-Cluster,unified-cluster-service,59.0,45.0,320.0,96365.7,179,660,535365,33.8
2014-02-24 09:47:00,AWS-Enterprise-Cluster,unified-cluster-service,59.4,45.0,2845.0,92528.6,179,6060,514047,33.7
2014-02-24 09:52:00,AWS-Enterprise-Cluster,unified-cluster-service,57.3,45.0,320.0,95759.1,180,720,531995,34.1
2014-02-24 09:57:00,AWS-Enterprise-Cluster,unified-cluster-service,57.4,45.0,1220.0,97033.1,179,2160,539072,33.8
2014-02-24 10:02:00,AWS-Enterprise-Cluster,unified-cluster-service,59.5,45.0,1520.0,101070.5,179,2880,561502,33.8
2014-02-24 10:07:00,AWS-Enterprise-Cluster,unified-cluster-service,61.3,45.0,1295.0,89707.5,180,2340,498375,34.0
2014-02-24 10:12:00,AWS-Enterprise-Cluster,unified-cluster-service,58.9,45.0,6020.0,91978.6,181,13680,510992,34.3
2014-02-24 10:17:00,AWS-Enterprise-Cluster,unified-cluster-service,58.0,45.0,3520.0,102046.9,179,7680,566927,33.8
2014-02-24 10:22:00,AWS-Enterprise-Cluster,unified-cluster-service,54.3,45.0,1870.0,100861.2,179,3720,560340,33.8
2014-02-24 10:27:00,AWS-Enterprise-Cluster,unified-cluster-service,63.7,45.0,320.0,98075.2,181,1380,544862,34.4
2014-02-24 10:32:00,AWS-Enterprise-Cluster,unified-cluster-service,58.8,45.0,320.0,90100.8,179,780,500560,33.8
2014-02-24 10:37:00,AWS-Enterprise-Cluster,unified-cluster-service,58.4,45.0,2020.0,103699.8,180,4080,576110,34.1
2014-02-24 10:42:00,AWS-Enterprise-Cluster,unified-cluster-service,57.9,45.0,1870.0,91791.9,178,3720,509955,33.4
2014-02-24 10:47:00,AWS-Enterprise-Cluster,unified-cluster-service,39.9,45.0,2645.0,94192.7,180,5580,523292,34.0
2014-02-24 10:52:00,AWS-Enterprise-Cluster,unified-cluster-service,63.2,45.0,320.0,96810.8,179,1800,537837,33.8
2014-02-24 10:57:00,AWS-Enterprise-Cluster,unified-cluster-service,60.8,45.0,1745.0,96711.8,180,3420,537287,34.1
2014-02-24 11:02:00,AWS-Enterprise-Cluster,unified-cluster-service,58.9,45.0,320.0,91477.8,178,720,508210,33.4
2014-02-24 11:07:00,AWS-Enterprise-Cluster,unified-cluster-service,59.9,45.0,320.0,97154.5,180,780,539747,34.0
2014-02-24 11:12:00,AWS-Enterprise-Cluster,unified-cluster-service,55.1,45.0,1120.0,98177.4,180,1920,545430,34.1
2014-02-24 11:17:00,AWS-Enterprise-Cluster,unified-cluster-service,61.8,45.0,1195.0,91245.2,181,2100,506917,34.4
2014-02-24 11:22:00,AWS-Enterprise-Cluster,unified-cluster-service,58.7,45.0,320.0,110676.6,180,540,614870,34.1
2014-02-24 11:27:00,AWS-Enterprise-Cluster,unified-cluster-service,59.9,45.0,320.0,94402.8,183,240,524460,35.0
2014-02-24 11:32:00,AWS-Enterprise-Cluster,unified-cluster-service,58.3,45.0,320.0,95323.5,180,480,529575,34.1
2014-02-24 11:37:00,AWS-Enterprise-Cluster,unified-cluster-service,56.3,45.0,1370.0,97861.1,180,2520,543672,34.0
2014-02-24 11:42:00,AWS-Enterprise-Cluster,unified-cluster-service,60.4,45.0,320.0,88994.2,178,360,494412,33.5
2014-02-24 11:47:00,AWS-Enterprise-Cluster,unified-cluster-service,38.7,45.0,1120.0,94518.0,181,1920,525100,34.3
2014-02-24 11:52:00,AWS-Enterprise-Cluster,unified-cluster-service,63.5,45.0,3445.0,97694.1,180,7500,542745,34.1
2014-02-24 11:57:00,AWS-Enterprise-Cluster,unified-cluster-service,59.9,45.0,320.0,91779.8,180,300,509887,34.1
2014-02-24 12:02:00,AWS-Enterprise-Cluster,unified-cluster-service,56.3,45.0,320.0,97401.6,184,420,541120,35.3
2014-02-24 12:07:00,AWS-Enterprise-Cluster,unified-cluster-service,62.2,45.0,1420.0,99123.3,178,2640,550685,33.4
2014-02-24 12:12:00,AWS-Enterprise-Cluster,unified-cluster-service,39.2,45.0,320.0,93375.5,179,1740,518752,33.8
2014-02-24 12:17:00,AWS-Enterprise-Cluster,unified-cluster-service,63.5,45.0,320.0,98141.4,180,420,545230,34.1
2014-02-24 12:22:00,AWS-Enterprise-Cluster,unified-cluster-service,58.4,45.0,320.0,102910.0,179,840,571722,33.7
2014-02-24 12:27:00,AWS-Enterprise-Cluster,unified-cluster-service,58.6,45.0,320.0,93419.1,180,720,518995,34.1
2014-02-24 12:32:00,AWS-Enterprise-Cluster,unified-cluster-service,57.4,45.0,2995.0,94562.5,179,6420,525347,33.8
2014-02-24 12:37:00,AWS-Enterprise-Cluster,unified-cluster-service,39.8,45.0,1370.0,95693.4,181,2520,531630,34.3
2014-02-24 12:42:00,AWS-Enterprise-Cluster,unified-cluster-service,62.5,45.0,1570.0,94552.7,182,3000,525292,34.7
2014-02-24 12:47:00,AWS-Enterprise-Cluster,unified-cluster-service,58.3,45.0,320.0,103517.1,180,1140,575095,34.0
2014-02-24 12:52:00,AWS-Enterprise-Cluster,unified-cluster-service,59.1,45.0,320.0,90055.4,179,360,500307,33.8
2014-02-24 12:57:00,AWS-Enterprise-Cluster,unified-cluster-service,60.3,45.0,1120.0,94676.8,180,1920,525982,34.1
2014-02-24 13:02:00,AWS-Enterprise-Cluster,unified-cluster-service,55.6,45.0,320.0,93618.0,182,360,520100,34.7
2014-02-24 13:07:00,AWS-Enterprise-Cluster,unified-cluster-service,64.0,45.0,320.0,101499.3,176,540,563885,33.1
2014-02-24 13:12:00,AWS-Enterprise-Cluster,unified-cluster-service,39.3,45.0,320.0,95910.3,179,420,532835,33.8
2014-02-24 13:17:00,AWS-Enterprise-Cluster,unified-cluster-service,66.9,45.0,320.0,99697.5,179,1740,553875,33.8
2014-02-24 13:22:00,AWS-Enterprise-Cluster,unified-cluster-service,58.2,45.0,320.0,98742.6,183,300,548570,35.0
2014-02-24 13:27:00,AWS-Enterprise-Cluster,unified-cluster-service,56.9,45.0,320.0,99301.9,180,600,551677,34.1
2014-02-24 13:32:00,AWS-Enterprise-Cluster,unified-cluster-service,60.8,45.0,320.0,95575.5,178,720,530975,33.4
2014-02-24 13:37:00,AWS-Enterprise-Cluster,unified-cluster-service,39.4,45.0,320.0,93762.5,181,300,520902,34.4
2014-02-24 13:42:00,AWS-Enterprise-Cluster,unified-cluster-service,65.4,45.0,320.0,98545.9,178,360,547477,33.4
2014-02-24 13:47:00,AWS-Enterprise-Cluster,unified-cluster-service,57.1,45.0,320.0,98260.2,181,300,545890,34.3
2014-02-24 13:52:00,AWS-Enterprise-Cluster,unified-cluster-service,56.9,45.0,1870.0,89941.9,180,3720,499677,34.1
2014-02-24 13:57:00,AWS-Enterprise-Cluster,unified-cluster-service,63.4,45.0,3170.0,98349.8,181,6840,546387,34.4
2014-02-24 14:02:00,AWS-Enterprise-Cluster,unified-cluster-service,38.8,45.0,2045.0,98576.1,179,4140,547645,33.7
2014-02-24 14:07:00,AWS-Enterprise-Cluster,unified-cluster-service,68.4,45.0,320.0,99871.6,183,240,554842,35.1
2014-02-24 14:12:00,AWS-Enterprise-Cluster,unified-cluster-service,56.1,45.0,2470.0,88510.9,182,5160,491727,34.7
2014-02-24 14:17:00,AWS-Enterprise-Cluster,unified-cluster-service,56.5,45.0,3320.0,104812.2,179,7200,582290,33.8
2014-02-24 14:22:00,AWS-Enterprise-Cluster,unified-cluster-service,60.9,45.0,320.0,100524.6,180,1620,558470,34.1
2014-02-24 14:27:00,AWS-Enterprise-Cluster,unified-cluster-service,39.3,45.0,1145.0,95361.3,181,1980,529785,34.3
2014-02-24 14:32:00,AWS-Enterprise-Cluster,unified-cluster-service,66.8,45.0,2120.0,92160.9,179,4320,512005,33.7
2014-02-24 14:37:00,AWS-Enterprise-Cluster,unified-cluster-service,57.1,45.0,320.0,106659.9,181,420,592555,34.4
2014-02-24 14:42:00,AWS-Enterprise-Cluster,unified-cluster-service,54.9,45.0,320.0,90270.0,179,240,501500,33.8
2014-02-24 14:47:00,AWS-Enterprise-Cluster,unified-cluster-service,62.0,45.0,320.0,95386.9,181,1620,529927,34.3
2014-02-24 14:52:00,AWS-Enterprise-Cluster,unified-cluster-service,38.9,45.0,2295.0,99723.6,179,4740,554020,33.7
2014-02-24 14:57:00,AWS-Enterprise-Cluster,unified-cluster-service,68.9,45.0,320.0,95678.1,181,240,531545,34.4
2014-02-24 15:02:00,AWS-Enterprise-Cluster,unified-cluster-service,56.5,45.0,320.0,97844.4,178,240,543580,33.5
2014-02-24 15:07:00,AWS-Enterprise-Cluster,unified-cluster-service,58.3,45.0,320.0,93080.7,181,240,517115,34.4
2014-02-24 15:12:00,AWS-Enterprise-Cluster,unified-cluster-service,60.1,45.0,1945.0,99094.1,179,3900,550522,33.8
2014-02-24 15:17:00,AWS-Enterprise-Cluster,unified-cluster-service,39.2,45.0,320.0,96041.7,179,720,533565,33.8
2014-02-24 15:22:00,AWS-Enterprise-Cluster,unified-cluster-service,63.7,45.0,320.0,107195.0,178,240,595527,33.4
2014-02-24 15:27:00,AWS-Enterprise-Cluster,unified-cluster-service,59.0,45.0,320.0,93267.9,181,600,518155,34.3
2014-02-24 15:32:00,AWS-Enterprise-Cluster,unified-cluster-service,55.2,45.0,320.0,107235.5,179,480,595752,33.8
2014-02-24 15:37:00,AWS-Enterprise-Cluster,unified-cluster-service,58.3,45.0,320.0,91054.8,184,1140,505860,35.4
2014-02-24 15:42:00,AWS-Enterprise-Cluster,unified-cluster-service,54.2,45.0,1495.0,92140.2,178,2820,511890,33.4
2014-02-24 15:47:00,AWS-Enterprise-Cluster,unified-cluster-service,66.7,45.0,320.0,98530.7,179,540,547392,33.8
2014-02-24 15:52:00,AWS-Enterprise-Cluster,unified-cluster-service,57.0,45.0,320.0,91821.6,178,600,510120,33.4
2014-02-24 15:57:00,AWS-Enterprise-Cluster,unified-cluster-service,59.8,45.0,2620.0,96458.4,180,5520,535880,34.1
2014-02-24 16:02:00,AWS-Enterprise-Cluster,unified-cluster-service,59.2,45.0,320.0,97920.5,179,420,544002,33.8
2014-02-24 16:07:00,AWS-Enterprise-Cluster,unified-cluster-service,55.2,45.0,320.0,94643.6,184,360,525797,35.3
2014-02-24 16:12:00,AWS-Enterprise-Cluster,unified-cluster-service,64.4,45.0,320.0,94821.3,179,360,526785,33.7
2014-02-24 16:17:00,AWS-Enterprise-Cluster,unified-cluster-service,57.9,45.0,2295.0,99634.1,179,4740,553522,33.8
2014-02-24 16:22:00,AWS-Enterprise-Cluster,unified-cluster-service,57.7,45.0,2445.0,98426.7,179,5100,546815,33.8
2014-02-24 16:27:00,AWS-Enterprise-Cluster,unified-cluster-service,58.6,45.0,320.0,96160.0,180,240,534222,34.0
2014-02-24 16:32:00,AWS-Enterprise-Cluster,unified-cluster-service,54.0,45.0,320.0,94325.4,179,420,524030,33.7
2014-02-24 16:37:00,AWS-Enterprise-Cluster,unified-cluster-service,62.0,45.0,2345.0,93591.0,180,4860,519950,34.1
2014-02-24 16:42:00,AWS-Enterprise-Cluster,unified-cluster-service,59.6,45.0,1120.0,92251.8,177,1920,512510,33.1
2014-02-24 16:47:00,AWS-Enterprise-Cluster,unified-cluster-service,59.7,45.0,320.0,93413.2,181,1800,518962,34.3
2014-02-24 16:52:00,AWS-Enterprise-Cluster,unified-cluster-service,57.9,45.0,320.0,93245.4,180,420,518030,34.1
2014-02-24 16:57:00,AWS-Enterprise-Cluster,unified-cluster-service,56.4,45.0,320.0,91847.7,180,180,510265,34.1
2014-02-24 17:02:00,AWS-Enterprise-Cluster,unified-cluster-service,62.6,45.0,320.0,102302.1,184,1380,568345,35.3
2014-02-24 17:07:00,AWS-Enterprise-Cluster,unified-cluster-service,60.2,45.0,320.0,91751.4,182,1500,509730,34.7
2014-02-24 17:12:00,AWS-Enterprise-Cluster,unified-cluster-service,58.5,45.0,320.0,96390.9,179,240,535505,33.7
2014-02-24 17:17:00,AWS-Enterprise-Cluster,unified-cluster-service,59.3,45.0,1445.0,94939.2,180,2700,527440,34.1
2014-02-24 17:22:00,AWS-Enterprise-Cluster,unified-cluster-service,39.3,45.0,320.0,106020.5,178,540,589002,33.5
2014-02-24 17:27:00,AWS-Enterprise-Cluster,unified-cluster-service,62.5,45.0,3820.0,91857.6,181,8400,510320,34.4
2014-02-24 17:32:00,AWS-Enterprise-Cluster,unified-cluster-service,58.5,45.0,1595.0,95071.9,177,3060,528177,33.1
2014-02-24 17:37:00,AWS-Enterprise-Cluster,unified-cluster-service,60.2,45.0,320.0,96389.5,181,540,535497,34.4
2014-02-24 17:42:00,AWS-Enterprise-Cluster,unified-cluster-service,57.5,45.0,320.0,91795.9,179,1080,509977,33.8
2014-02-24 17:47:00,AWS-Enterprise-Cluster,unified-cluster-service,56.6,45.0,320.0,103258.4,180,840,573657,34.0
2014-02-24 17:52:00,AWS-Enterprise-Cluster,unified-cluster-service,62.5,45.0,320.0,91724.4,180,120,509580,34.1
2014-02-24 17:57:00,AWS-Enterprise-Cluster,unified-cluster-service,60.6,45.0,1720.0,96520.5,180,3360,536225,34.1
2014-02-24 18:02:00,AWS-Enterprise-Cluster,unified-cluster-service,59.5,45.0,3545.0,99200.2,180,7740,551112,34.0
2014-02-24 18:07:00,AWS-Enterprise-Cluster,unified-cluster-service,60.1,45.0,320.0,96307.2,185,180,535040,35.6
2014-02-24 18:12:00,AWS-Enterprise-Cluster,unified-cluster-service,39.7,45.0,320.0,95206.1,179,540,528922,33.8
2014-02-24 18:17:00,AWS-Enterprise-Cluster,unified-cluster-service,56.5,45.0,320.0,105831.0,184,180,587950,35.3
2014-02-24 18:22:00,AWS-Enterprise-Cluster,unified-cluster-service,38.8,45.0,320.0,101210.0,176,600,562277,32.8
2014-02-24 18:27:00,AWS-Enterprise-Cluster,unified-cluster-service,38.5,45.0,1395.0,93540.6,178,2580,519670,33.7
2014-02-24 18:32:00,AWS-Enterprise-Cluster,unified-cluster-service,56.0,45.0,320.0,91985.9,179,1380,511032,33.8
2014-02-24 18:37:00,AWS-Enterprise-Cluster,unified-cluster-service,34.8,45.0,320.0,98649.9,181,1800,548055,34.4
2014-02-24 18:42:00,AWS-Enterprise-Cluster,unified-cluster-service,58.2,45.0,320.0,92039.8,179,300,511332,33.8
2014-02-24 18:47:00,AWS-Enterprise-Cluster,unified-cluster-service,38.8,45.0,320.0,92096.6,179,480,511647,33.8
2014-02-24 18:52:00,AWS-Enterprise-Cluster,unified-cluster-service,37.2,45.0,3220.0,105112.3,180,6960,583957,34.1
2014-02-24 18:57:00,AWS-Enterprise-Cluster,unified-cluster-service,58.0,45.0,2270.0,93409.2,179,4680,518940,33.8
2014-02-24 19:02:00,AWS-Enterprise-Cluster,unified-cluster-service,35.2,45.0,320.0,92708.6,179,240,515047,33.7
2014-02-24 19:07:00,AWS-Enterprise-Cluster,unified-cluster-service,60.4,45.0,2020.0,95839.2,180,4080,532440,34.1
2014-02-24 19:12:00,AWS-Enterprise-Cluster,unified-cluster-service,39.8,45.0,320.0,95108.0,178,1800,528377,33.4
2014-02-24 19:17:00,AWS-Enterprise-Cluster,unified-cluster-service,35.3,45.0,3520.0,95282.5,180,7680,529347,34.1
2014-02-24 19:22:00,AWS-Enterprise-Cluster,unified-cluster-service,57.8,45.0,320.0,97902.0,179,840,543900,33.7
2014-02-24 19:27:00,AWS-Enterprise-Cluster,unified-cluster-service,38.9,45.0,320.0,102136.9,184,1140,567427,35.4
2014-02-24 19:32:00,AWS-Enterprise-Cluster,unified-cluster-service,38.7,45.0,320.0,88168.9,180,1080,489827,34.1
2014-02-24 19:37:00,AWS-Enterprise-Cluster,unified-cluster-service,54.4,45.0,2320.0,96098.4,180,4800,533880,34.1
2014-02-24 19:42:00,AWS-Enterprise-Cluster,unified-cluster-service,36.1,45.0,2120.0,98792.1,179,4320,548845,33.7
2014-02-24 19:47:00,AWS-Enterprise-Cluster,unified-cluster-service,58.2,45.0,1595.0,99450.9,179,3060,552505,33.7
2014-02-24 19:52:00,AWS-Enterprise-Cluster,unified-cluster-service,39.1,45.0,320.0,97040.7,177,1620,539115,33.1
2014-02-24 19:57:00,AWS-Enterprise-Cluster,unified-cluster-service,39.7,45.0,320.0,102216.1,183,540,567867,35.0
2014-02-24 20:02:00,AWS-Enterprise-Cluster,unified-cluster-service,55.5,45.0,320.0,93237.7,184,660,517987,35.3
2014-02-24 20:07:00,AWS-Enterprise-Cluster,unified-cluster-service,37.1,45.0,2820.0,102871.8,180,6000,571510,34.1
2014-02-24 20:12:00,AWS-Enterprise-Cluster,unified-cluster-service,58.6,45.0,1570.0,94884.3,179,3000,527135,33.7
2014-02-24 20:17:00,AWS-Enterprise-Cluster,unified-cluster-service,39.2,45.0,2695.0,94769.5,181,5700,526497,34.4
2014-02-24 20:22:00,AWS-Enterprise-Cluster,unified-cluster-service,35.9,45.0,1470.0,112970.2,180,2760,627612,34.0
2014-02-24 20:27:00,AWS-Enterprise-Cluster,unified-cluster-service,57.7,45.0,320.0,91910.2,180,600,510612,34.1
2014-02-24 20:32:00,AWS-Enterprise-Cluster,unified-cluster-service,39.4,45.0,320.0,98887.5,179,780,549375,33.7
2014-02-24 20:37:00,AWS-Enterprise-Cluster,unified-cluster-service,38.2,45.0,3545.0,99765.9,181,7740,554255,34.4
2014-02-24 20:42:00,AWS-Enterprise-Cluster,unified-cluster-service,54.7,45.0,320.0,98932.5,179,600,549625,33.7
2014-02-24 20:47:00,AWS-Enterprise-Cluster,unified-cluster-service,35.8,45.0,2370.0,97311.1,180,4920,540617,34.1
2014-02-24 20:52:00,AWS-Enterprise-Cluster,unified-cluster-service,59.0,45.0,1720.0,106057.3,180,3360,589207,34.1
2014-02-24 20:57:00,AWS-Enterprise-Cluster,unified-cluster-service,56.0,45.0,320.0,98529.3,182,600,547385,34.7
2014-02-24 21:02:00,AWS-Enterprise-Cluster,unified-cluster-service,36.0,45.0,320.0,101559.6,182,600,564220,34.7
2014-02-24 21:07:00,AWS-Enterprise-Cluster,unified-cluster-service,60.3,45.0,2345.0,98007.3,180,4860,544485,34.1
2014-02-24 21:12:00,AWS-Enterprise-Cluster,unified-cluster-service,39.3,45.0,1670.0,101199.1,179,3240,562217,33.7
2014-02-24 21:17:00,AWS-Enterprise-Cluster,unified-cluster-service,37.8,45.0,320.0,101146.9,180,420,561927,34.1
2014-02-24 21:22:00,AWS-Enterprise-Cluster,unified-cluster-service,54.9,45.0,320.0,103422.6,180,900,574570,34.1
2014-02-24 21:27:00,AWS-Enterprise-Cluster,unified-cluster-service,34.9,45.0,320.0,104440.5,179,1200,580225,33.7
2014-02-24 21:32:00,AWS-Enterprise-Cluster,unified-cluster-service,58.7,45.0,320.0,94321.4,180,540,524007,34.1
2014-02-24 21:37:00,AWS-Enterprise-Cluster,unified-cluster-service,39.5,45.0,320.0,101125.8,181,360,561810,34.4
2014-02-24 21:42:00,AWS-Enterprise-Cluster,unified-cluster-service,35.0,45.0,320.0,98898.3,180,840,549435,34.0
2014-02-24 21:47:00,AWS-Enterprise-Cluster,unified-cluster-service,68.5,45.0,2045.0,96461.1,181,4140,535895,34.4
2014-02-24 21:52:00,AWS-Enterprise-Cluster,unified-cluster-service,62.0,45.0,320.0,101049.8,180,1140,561387,34.1
2014-02-24 21:57:00,AWS-Enterprise-Cluster,unified-cluster-service,91.9,81.8,1220.0,104690.2,179,2160,581612,33.8
2014-02-24 22:02:00,AWS-Enterprise-Cluster,unified-cluster-service,37.8,45.0,2570.0,97909.2,186,5400,543940,36.0
2014-02-24 22:07:00,AWS-Enterprise-Cluster,unified-cluster-service,54.6,45.0,320.0,97796.2,181,1140,543312,34.3
2014-02-24 22:12:00,AWS-Enterprise-Cluster,unified-cluster-service,36.9,45.0,320.0,102312.0,179,720,568400,33.8
2014-02-24 22:17:00,AWS-Enterprise-Cluster,unified-cluster-service,37.9,45.0,2795.0,97972.2,180,5940,544290,34.0
2014-02-24 22:22:00,AWS-Enterprise-Cluster,unified-cluster-service,37.5,45.0,1770.0,111900.2,179,3480,621667,33.8
2014-02-24 22:27:00,AWS-Enterprise-Cluster,unified-cluster-service,37.6,45.0,320.0,97214.8,181,480,540082,34.3
2014-02-24 22:32:00,AWS-Enterprise-Cluster,unified-cluster-service,39.3,45.0,1195.0,100255.5,178,2100,556975,33.5
2014-02-24 22:37:00,AWS-Enterprise-Cluster,unified-cluster-service,36.6,45.0,320.0,95979.1,179,720,533217,34.0
2014-02-24 22:42:00,AWS-Enterprise-Cluster,unified-cluster-service,38.6,45.0,1645.0,102418.2,179,3180,568990,33.8
2014-02-24 22:47:00,AWS-Enterprise-Cluster,unified-cluster-service,36.5,45.0,320.0,94720.5,180,300,526225,34.0
2014-02-24 22:52:00,AWS-Enterprise-Cluster,unified-cluster-service,37.4,45.0,1445.0,99584.5,179,2700,553247,33.8
2014-02-24 22:57:00,AWS-Enterprise-Cluster,unified-cluster-service,39.8,45.0,320.0,94827.6,181,1560,526820,34.4
2014-02-24 23:02:00,AWS-Enterprise-Cluster,unified-cluster-service,38.0,45.0,320.0,102024.9,184,780,566805,35.3
2014-02-24 23:07:00,AWS-Enterprise-Cluster,unified-cluster-service,54.7,45.0,320.0,95954.8,180,900,533082,34.1
2014-02-24 23:12:00,AWS-Enterprise-Cluster,unified-cluster-service,38.0,45.0,320.0,97258.9,178,600,540327,33.4
2014-02-24 23:17:00,AWS-Enterprise-Cluster,unified-cluster-service,37.8,45.0,320.0,100215.5,179,780,556752,33.8
2014-02-24 23:22:00,AWS-Enterprise-Cluster,unified-cluster-service,37.9,45.0,320.0,103319.5,180,780,573997,34.1
2014-02-24 23:27:00,AWS-Enterprise-Cluster,unified-cluster-service,38.1,45.0,1170.0,99265.5,179,2040,551475,33.8
2014-02-24 23:32:00,AWS-Enterprise-Cluster,unified-cluster-service,38.2,45.0,320.0,91903.9,178,1380,510577,33.4
2014-02-24 23:37:00,AWS-Enterprise-Cluster,unified-cluster-service,37.3,45.0,1995.0,102643.2,184,4020,570240,35.3
2014-02-24 23:42:00,AWS-Enterprise-Cluster,unified-cluster-service,54.4,45.0,320.0,91688.9,182,1500,509382,34.7
2014-02-24 23:47:00,AWS-Enterprise-Cluster,unified-cluster-service,36.8,45.0,320.0,99375.3,179,660,552085,33.8
2014-02-24 23:52:00,AWS-Enterprise-Cluster,unified-cluster-service,38.5,45.0,320.0,97861.9,178,480,543677,33.6
2014-02-24 23:57:00,AWS-Enterprise-Cluster,unified-cluster-service,39.4,45.0,320.0,96722.1,180,1140,537345,34.3
2014-02-25 00:02:00,AWS-Enterprise-Cluster,unified-cluster-service,38.4,45.0,320.0,99755.6,180,1500,554197,34.1
2014-02-25 00:07:00,AWS-Enterprise-Cluster,unified-cluster-service,39.3,45.0,1370.0,99132.7,187,2520,550737,36.2
2014-02-25 00:12:00,AWS-Enterprise-Cluster,unified-cluster-service,39.1,45.0,1545.0,99497.3,179,2940,552762,33.8
2014-02-25 00:17:00,AWS-Enterprise-Cluster,unified-cluster-service,36.6,45.0,320.0,93021.3,180,600,516785,34.0
2014-02-25 00:22:00,AWS-Enterprise-Cluster,unified-cluster-service,37.7,45.0,320.0,111271.9,180,600,618177,34.1
2014-02-25 00:27:00,AWS-Enterprise-Cluster,unified-cluster-service,37.8,45.0,1370.0,92091.6,180,2520,511620,34.1
2014-02-25 00:32:00,AWS-Enterprise-Cluster,unified-cluster-service,38.4,45.0,1845.0,102025.4,179,3660,566807,33.8
2014-02-25 00:37:00,AWS-Enterprise-Cluster,unified-cluster-service,37.9,45.0,320.0,93777.3,179,780,520985,33.7
2014-02-25 00:42:00,AWS-Enterprise-Cluster,unified-cluster-service,37.9,45.0,1520.0,99469.3,180,2880,552607,34.0
2014-02-25 00:47:00,AWS-Enterprise-Cluster,unified-cluster-service,37.7,45.0,320.0,94726.4,180,780,526257,34.1
2014-02-25 00:52:00,AWS-Enterprise-Cluster,unified-cluster-service,37.7,45.0,1170.0,99997.7,177,2040,555542,33.2
2014-02-25 00:57:00,AWS-Enterprise-Cluster,unified-cluster-service,54.3,45.0,320.0,100256.8,181,360,556982,34.4
2014-02-25 01:02:00,AWS-Enterprise-Cluster,unified-cluster-service,38.1,45.0,320.0,94823.1,178,840,526795,33.4
2014-02-25 01:07:00,AWS-Enterprise-Cluster,unified-cluster-service,39.6,45.0,2070.0,100194.3,184,4200,556635,35.4
2014-02-25 01:12:00,AWS-Enterprise-Cluster,unified-cluster-service,37.7,45.0,320.0,97323.8,184,600,540687,35.3
2014-02-25 01:17:00,AWS-Enterprise-Cluster,unified-cluster-service,38.4,45.0,320.0,97704.9,179,1740,542805,33.7
2014-02-25 01:22:00,AWS-Enterprise-Cluster,unified-cluster-service,37.6,45.0,320.0,101823.8,179,660,565687,33.7
2014-02-25 01:27:00,AWS-Enterprise-Cluster,unified-cluster-service,37.8,45.0,320.0,99287.5,181,660,551597,34.3
2014-02-25 01:32:00,AWS-Enterprise-Cluster,unified-cluster-service,37.8,45.0,1170.0,95321.2,179,2040,529562,33.7
2014-02-25 01:37:00,AWS-Enterprise-Cluster,unified-cluster-service,38.4,45.0,1395.0,99528.8,181,2580,552937,34.4
2014-02-25 01:42:00,AWS-Enterprise-Cluster,unified-cluster-service,37.9,45.0,1270.0,94959.4,180,2280,527552,34.0
2014-02-25 01:47:00,AWS-Enterprise-Cluster,unified-cluster-service,38.8,45.0,320.0,91717.2,180,840,509540,34.1
2014-02-25 01:52:00,AWS-Enterprise-Cluster,unified-cluster-service,38.1,45.0,1220.0,105473.2,179,2160,585962,33.8
2014-02-25 01:57:00,AWS-Enterprise-Cluster,unified-cluster-service,54.6,45.0,320.0,91717.2,181,540,509540,34.3
2014-02-25 02:02:00,AWS-Enterprise-Cluster,unified-cluster-service,38.3,45.0,1620.0,99441.9,179,3120,552455,33.7
2014-02-25 02:07:00,AWS-Enterprise-Cluster,unified-cluster-service,54.9,45.0,320.0,98620.7,183,780,547892,34.9
2014-02-25 02:12:00,AWS-Enterprise-Cluster,unified-cluster-service,36.7,45.0,320.0,99431.1,185,780,552395,35.7
2014-02-25 02:17:00,AWS-Enterprise-Cluster,unified-cluster-service,37.8,45.0,1245.0,93951.0,180,2220,521950,34.0
2014-02-25 02:22:00,AWS-Enterprise-Cluster,unified-cluster-service,38.0,45.0,1270.0,108789.8,180,2280,604387,34.1
2014-02-25 02:27:00,AWS-Enterprise-Cluster,unified-cluster-service,38.1,45.0,1720.0,100273.5,180,3360,557075,34.0
2014-02-25 02:32:00,AWS-Enterprise-Cluster,unified-cluster-service,38.2,45.0,320.0,99918.0,178,720,555100,33.4
2014-02-25 02:37:00,AWS-Enterprise-Cluster,unified-cluster-service,38.7,45.0,1895.0,97374.6,180,3780,540970,34.1
2014-02-25 02:42:00,AWS-Enterprise-Cluster,unified-cluster-service,37.8,45.0,320.0,92822.4,179,720,515680,33.8
2014-02-25 02:47:00,AWS-Enterprise-Cluster,unified-cluster-service,37.6,45.0,2020.0,97197.3,179,4080,539985,33.7
2014-02-25 02:52:00,AWS-Enterprise-Cluster,unified-cluster-service,37.8,45.0,2770.0,97920.9,180,5880,544005,34.1
2014-02-25 02:57:00,AWS-Enterprise-Cluster,unified-cluster-service,54.2,45.0,320.0,101830.5,180,1620,565725,34.0
2014-02-25 03:02:00,AWS-Enterprise-Cluster,unified-cluster-service,38.3,45.0,320.0,94468.9,179,600,524827,33.8
2014-02-25 03:07:00,AWS-Enterprise-Cluster,unified-cluster-service,54.4,45.0,320.0,100206.9,186,1500,556705,35.9
2014-02-25 03:12:00,AWS-Enterprise-Cluster,unified-cluster-service,37.8,45.0,320.0,94820.9,179,1020,526782,33.8
2014-02-25 03:17:00,AWS-Enterprise-Cluster,unified-cluster-service,54.6,45.0,320.0,99579.1,180,780,553217,34.0
2014-02-25 03:22:00,AWS-Enterprise-Cluster,unified-cluster-service,37.9,45.0,1470.0,106429.1,177,2760,591272,33.1
2014-02-25 03:27:00,AWS-Enterprise-Cluster,unified-cluster-service,38.7,45.0,4320.0,101745.9,181,9600,565255,34.4
2014-02-25 03:32:00,AWS-Enterprise-Cluster,unified-cluster-service,37.0,45.0,320.0,98737.7,179,1200,548542,33.7
2014-02-25 03:37:00,AWS-Enterprise-Cluster,unified-cluster-service,38.3,45.0,320.0,94505.9,179,780,525032,33.8
2014-02-25 03:42:00,AWS-Enterprise-Cluster,unified-cluster-service,37.9,45.0,2495.0,98024.4,179,5220,544580,33.7
2014-02-25 03:47:00,AWS-Enterprise-Cluster,unified-cluster-service,54.1,45.0,1495.0,95499.4,179,2820,530552,33.7
2014-02-25 03:52:00,AWS-Enterprise-Cluster,unified-cluster-service,36.8,45.0,320.0,98926.6,180,480,549592,34.1
2014-02-25 03:57:00,AWS-Enterprise-Cluster,unified-cluster-service,55.1,45.0,1220.0,92774.7,181,2160,515415,34.4
2014-02-25 04:02:00,AWS-Enterprise-Cluster,unified-cluster-service,37.8,45.0,1270.0,98564.4,179,2280,547580,33.8
2014-02-25 04:07:00,AWS-Enterprise-Cluster,unified-cluster-service,54.5,45.0,5070.0,95999.4,180,11400,533330,34.1
2014-02-25 04:12:00,AWS-Enterprise-Cluster,unified-cluster-service,38.1,45.0,1895.0,96898.5,180,3780,538325,34.1
2014-02-25 04:17:00,AWS-Enterprise-Cluster,unified-cluster-service,37.9,45.0,2320.0,97366.9,180,4800,540927,34.0
2014-02-25 04:22:00,AWS-Enterprise-Cluster,unified-cluster-service,37.9,45.0,2420.0,108062.1,180,5040,600345,34.1
2014-02-25 04:27:00,AWS-Enterprise-Cluster,unified-cluster-service,37.9,45.0,2495.0,93330.5,179,5220,518502,33.8
2014-02-25 04:32:00,AWS-Enterprise-Cluster,unified-cluster-service,39.1,45.0,320.0,97955.6,180,780,544197,34.1
2014-02-25 04:37:00,AWS-Enterprise-Cluster,unified-cluster-service,36.5,45.0,1170.0,100765.4,180,2040,559807,34.0
2014-02-25 04:42:00,AWS-Enterprise-Cluster,unified-cluster-service,38.3,45.0,1170.0,94827.6,179,2040,526820,33.7
2014-02-25 04:47:00,AWS-Enterprise-Cluster,unified-cluster-service,37.4,45.0,320.0,96473.7,180,480,535965,34.1
2014-02-25 04:52:00,AWS-Enterprise-Cluster,unified-cluster-service,38.1,45.0,2145.0,97527.1,178,4380,541817,33.4
2014-02-25 04:57:00,AWS-Enterprise-Cluster,unified-cluster-service,39.8,45.0,320.0,99320.9,180,480,551782,34.0
2014-02-25 05:02:00,AWS-Enterprise-Cluster,unified-cluster-service,38.1,45.0,320.0,97730.6,179,1680,542947,33.7
2014-02-25 05:07:00,AWS-Enterprise-Cluster,unified-cluster-service,54.7,45.0,320.0,99816.8,179,600,554537,33.7
2014-02-25 05:12:00,AWS-Enterprise-Cluster,unified-cluster-service,38.2,45.0,1620.0,97216.2,181,3120,540090,34.4
2014-02-25 05:17:00,AWS-Enterprise-Cluster,unified-cluster-service,37.7,45.0,320.0,96938.1,178,540,538545,33.4
2014-02-25 05:22:00,AWS-Enterprise-Cluster,unified-cluster-service,38.0,45.0,1420.0,103682.3,180,2640,576012,34.0
2014-02-25 05:27:00,AWS-Enterprise-Cluster,unified-cluster-service,38.8,45.0,320.0,96737.9,180,720,537432,34.1
2014-02-25 05:32:00,AWS-Enterprise-Cluster,unified-cluster-service,37.0,45.0,7420.0,100299.6,178,17040,557220,33.4
2014-02-25 05:37:00,AWS-Enterprise-Cluster,unified-cluster-service,37.7,45.0,1970.0,97295.9,180,3960,540532,34.1
2014-02-25 05:42:00,AWS-Enterprise-Cluster,unified-cluster-service,39.4,45.0,320.0,96622.7,179,1500,536792,33.7
2014-02-25 05:47:00,AWS-Enterprise-Cluster,unified-cluster-service,37.8,45.0,1345.0,96370.2,179,2460,535390,33.7
2014-02-25 05:52:00,AWS-Enterprise-Cluster,unified-cluster-service,39.1,45.0,320.0,102040.7,180,660,566892,34.1
2014-02-25 05:57:00,AWS-Enterprise-Cluster,unified-cluster-service,38.9,45.0,1220.0,89634.1,179,2160,497967,33.8
2014-02-25 06:02:00,AWS-Enterprise-Cluster,unified-cluster-service,39.0,45.0,320.0,99342.5,179,840,551902,33.8
2014-02-25 06:07:00,AWS-Enterprise-Cluster,unified-cluster-service,38.9,45.0,1220.0,101289.1,180,2160,562717,34.1
2014-02-25 06:12:00,AWS-Enterprise-Cluster,unified-cluster-service,38.0,45.0,1395.0,96696.4,178,2580,537202,33.4
2014-02-25 06:17:00,AWS-Enterprise-Cluster,unified-cluster-service,37.9,45.0,2220.0,97352.1,180,4560,540845,34.1
2014-02-25 06:22:00,AWS-Enterprise-Cluster,unified-cluster-service,38.4,45.0,1470.0,107062.2,180,2760,594790,34.1
2014-02-25 06:27:00,AWS-Enterprise-Cluster,unified-cluster-service,37.3,45.0,1245.0,97313.0,180,2220,540627,34.1
2014-02-25 06:32:00,AWS-Enterprise-Cluster,unified-cluster-service,38.9,45.0,3495.0,94864.5,178,7620,527025,33.4
2014-02-25 06:37:00,AWS-Enterprise-Cluster,unified-cluster-service,37.2,45.0,1970.0,108445.9,180,3960,602477,34.0
2014-02-25 06:42:00,AWS-Enterprise-Cluster,unified-cluster-service,37.7,45.0,1145.0,90362.2,178,1980,502012,33.4
2014-02-25 06:47:00,AWS-Enterprise-Cluster,unified-cluster-service,36.1,45.0,3295.0,99358.2,179,7140,551990,33.8
2014-02-25 06:52:00,AWS-Enterprise-Cluster,unified-cluster-service,37.7,45.0,2045.0,100223.1,180,4140,556795,34.1
2014-02-25 06:57:00,AWS-Enterprise-Cluster,unified-cluster-service,39.8,45.0,320.0,99814.5,182,720,554525,34.7
2014-02-25 07:02:00,AWS-Enterprise-Cluster,unified-cluster-service,38.0,45.0,5745.0,94357.3,180,13020,524207,34.1
2014-02-25 07:07:00,AWS-Enterprise-Cluster,unified-cluster-service,39.6,45.0,320.0,104995.4,1002,1020,583307,2133.8
2014-02-25 07:12:00,AWS-Enterprise-Cluster,unified-cluster-service,39.1,45.0,320.0,91561.5,235,1260,508675,50.8
2014-02-25 07:17:00,AWS-Enterprise-Cluster,unified-cluster-service,36.6,45.0,3795.0,97588.8,222,8340,542160,46.7
2014-02-25 07:22:00,AWS-Enterprise-Cluster,unified-cluster-service,38.8,45.0,320.0,105236.1,219,780,584645,46.0
2014-02-25 07:27:00,AWS-Enterprise-Cluster,unified-cluster-service,35.3,45.0,1345.0,94789.8,216,2460,526610,45.0
2014-02-25 07:32:00,AWS-Enterprise-Cluster,unified-cluster-service,36.8,45.0,1320.0,101869.6,228,2400,565942,48.5
2014-02-25 07:37:00,AWS-Enterprise-Cluster,unified-cluster-service,38.1,45.0,1095.0,95297.9,222,1860,529432,46.7
2014-02-25 07:42:00,AWS-Enterprise-Cluster,unified-cluster-service,39.3,45.0,320.0,104570.1,227,420,580945,48.1
2014-02-25 07:47:00,AWS-Enterprise-Cluster,unified-cluster-service,37.6,45.0,2520.0,94591.8,813,5280,525510,1558.3
2014-02-25 07:52:00,AWS-Enterprise-Cluster,unified-cluster-service,37.8,45.0,1595.0,105142.5,230,3060,584125,49.3
2014-02-25 07:57:00,AWS-Enterprise-Cluster,unified-cluster-service,39.8,45.0,320.0,91755.9,225,600,509755,47.5
2014-02-25 08:02:00,AWS-Enterprise-Cluster,unified-cluster-service,39.7,45.0,320.0,99455.0,225,600,552527,47.6
2014-02-25 08:07:00,AWS-Enterprise-Cluster,unified-cluster-service,38.1,45.0,2045.0,103658.4,225,4140,575880,47.5
2014-02-25 08:12:00,AWS-Enterprise-Cluster,unified-cluster-service,37.7,45.0,320.0,98091.9,225,960,544955,47.6
2014-02-25 08:17:00,AWS-Enterprise-Cluster,unified-cluster-service,37.4,45.0,320.0,92165.4,219,1200,512030,45.9
2014-02-25 08:22:00,AWS-Enterprise-Cluster,unified-cluster-service,37.8,45.0,320.0,106185.6,225,1080,589920,47.5
2014-02-25 08:27:00,AWS-Enterprise-Cluster,unified-cluster-service,37.9,45.0,1395.0,98440.7,222,2580,546892,46.7
2014-02-25 08:32:00,AWS-Enterprise-Cluster,unified-cluster-service,37.7,45.0,2670.0,93812.4,225,5640,521180,47.5
2014-02-25 08:37:00,AWS-Enterprise-Cluster,unified-cluster-service,38.0,45.0,320.0,102268.8,219,420,568160,45.9
2014-02-25 08:42:00,AWS-Enterprise-Cluster,unified-cluster-service,37.7,45.0,1395.0,97266.6,225,2580,540370,47.7
2014-02-25 08:47:00,AWS-Enterprise-Cluster,unified-cluster-service,38.0,45.0,320.0,101951.6,222,720,566397,46.7
2014-02-25 08:52:00,AWS-Enterprise-Cluster,unified-cluster-service,38.8,45.0,1795.0,98233.2,227,3540,545740,48.3
2014-02-25 08:57:00,AWS-Enterprise-Cluster,unified-cluster-service,39.0,45.0,320.0,99031.9,222,720,550177,46.7
2014-02-25 09:02:00,AWS-Enterprise-Cluster,unified-cluster-service,38.1,45.0,320.0,95070.2,227,780,528167,48.3
2014-02-25 09:07:00,AWS-Enterprise-Cluster,unified-cluster-service,39.5,45.0,2570.0,100262.3,222,5400,557012,46.7
2014-02-25 09:12:00,AWS-Enterprise-Cluster,unified-cluster-service,38.2,45.0,320.0,101091.6,224,840,561620,47.3
2014-02-25 09:17:00,AWS-Enterprise-Cluster,unified-cluster-service,38.1,45.0,1695.0,92013.3,219,3300,511185,45.9
2014-02-25 09:22:00,AWS-Enterprise-Cluster,unified-cluster-service,38.7,45.0,3395.0,114013.4,230,7380,633407,49.2
2014-02-25 09:27:00,AWS-Enterprise-Cluster,unified-cluster-service,36.9,45.0,5820.0,91972.8,219,13200,510960,45.8
2014-02-25 09:32:00,AWS-Enterprise-Cluster,unified-cluster-service,37.7,45.0,4070.0,99975.6,225,9000,555420,47.5
2014-02-25 09:37:00,AWS-Enterprise-Cluster,unified-cluster-service,38.2,45.0,1370.0,103972.0,216,2520,577622,44.9
2014-02-25 09:42:00,AWS-Enterprise-Cluster,unified-cluster-service,38.7,45.0,320.0,90939.1,227,420,505217,48.3
2014-02-25 09:47:00,AWS-Enterprise-Cluster,unified-cluster-service,38.1,45.0,2345.0,90997.2,222,4860,505540,46.7
2014-02-25 09:52:00,AWS-Enterprise-Cluster,unified-cluster-service,38.4,45.0,2545.0,104668.6,225,5340,581492,47.5
2014-02-25 09:57:00,AWS-Enterprise-Cluster,unified-cluster-service,39.7,45.0,320.0,97543.4,219,1080,541907,45.8
2014-02-25 10:02:00,AWS-Enterprise-Cluster,unified-cluster-service,38.5,45.0,2920.0,94003.6,225,6240,522242,47.5
2014-02-25 10:07:00,AWS-Enterprise-Cluster,unified-cluster-service,39.3,45.0,2470.0,106420.9,222,5160,591227,46.7
2014-02-25 10:12:00,AWS-Enterprise-Cluster,unified-cluster-service,38.8,45.0,1495.0,94901.8,227,2820,527232,48.3
2014-02-25 10:17:00,AWS-Enterprise-Cluster,unified-cluster-service,37.0,45.0,320.0,102040.2,222,600,566890,46.7
2014-02-25 10:22:00,AWS-Enterprise-Cluster,unified-cluster-service,39.0,45.0,320.0,103440.6,225,540,574670,47.5
2014-02-25 10:27:00,AWS-Enterprise-Cluster,unified-cluster-service,36.8,45.0,2370.0,100688.9,221,4920,559382,46.5
2014-02-25 10:32:00,AWS-Enterprise-Cluster,unified-cluster-service,37.8,45.0,2870.0,94872.1,227,6120,527067,48.3
2014-02-25 10:37:00,AWS-Enterprise-Cluster,unified-cluster-service,38.6,45.0,1945.0,105114.1,222,3900,583967,46.7
2014-02-25 10:42:00,AWS-Enterprise-Cluster,unified-cluster-service,37.4,45.0,2595.0,94819.5,227,5460,526775,48.3
2014-02-25 10:47:00,AWS-Enterprise-Cluster,unified-cluster-service,38.8,45.0,320.0,102142.3,222,1620,567457,46.8
2014-02-25 10:52:00,AWS-Enterprise-Cluster,unified-cluster-service,37.2,45.0,1195.0,100144.8,225,2100,556360,47.5
2014-02-25 10:57:00,AWS-Enterprise-Cluster,unified-cluster-service,54.3,45.0,3720.0,98925.3,222,8160,549585,46.7
2014-02-25 11:02:00,AWS-Enterprise-Cluster,unified-cluster-service,38.1,45.0,3295.0,93170.2,230,7140,517612,49.2
2014-02-25 11:07:00,AWS-Enterprise-Cluster,unified-cluster-service,54.3,45.0,2670.0,104495.9,222,5640,580532,46.7
2014-02-25 11:12:00,AWS-Enterprise-Cluster,unified-cluster-service,38.1,45.0,320.0,96411.1,214,420,535617,44.4
2014-02-25 11:17:00,AWS-Enterprise-Cluster,unified-cluster-service,38.3,45.0,1970.0,94994.1,219,3960,527745,45.9
2014-02-25 11:22:00,AWS-Enterprise-Cluster,unified-cluster-service,37.5,45.0,1920.0,109067.9,227,3840,605932,48.3
2014-02-25 11:27:00,AWS-Enterprise-Cluster,unified-cluster-service,38.6,45.0,3795.0,92635.7,222,8340,514642,46.7
2014-02-25 11:32:00,AWS-Enterprise-Cluster,unified-cluster-service,36.8,45.0,2295.0,101900.2,225,4740,566112,47.6
2014-02-25 11:37:00,AWS-Enterprise-Cluster,unified-cluster-service,38.1,45.0,1770.0,97610.0,219,3480,542277,45.8
2014-02-25 11:42:00,AWS-Enterprise-Cluster,unified-cluster-service,38.5,45.0,320.0,102478.5,222,1200,569325,46.7
2014-02-25 11:47:00,AWS-Enterprise-Cluster,unified-cluster-service,38.6,45.0,1670.0,91863.4,221,3240,510352,46.5
2014-02-25 11:52:00,AWS-Enterprise-Cluster,unified-cluster-service,38.1,45.0,320.0,103284.4,225,120,573802,47.5
2014-02-25 11:57:00,AWS-Enterprise-Cluster,unified-cluster-service,55.0,45.0,1370.0,99366.8,222,2520,552037,46.7
2014-02-25 12:02:00,AWS-Enterprise-Cluster,unified-cluster-service,38.1,45.0,320.0,97624.8,227,240,542360,48.3
2014-02-25 12:07:00,AWS-Enterprise-Cluster,unified-cluster-service,54.0,45.0,320.0,98322.3,219,1500,546235,45.9
2014-02-25 12:12:00,AWS-Enterprise-Cluster,unified-cluster-service,38.3,45.0,320.0,98447.9,225,180,546932,47.5
2014-02-25 12:17:00,AWS-Enterprise-Cluster,unified-cluster-service,37.5,45.0,1095.0,96900.8,219,1860,538337,45.8
2014-02-25 12:22:00,AWS-Enterprise-Cluster,unified-cluster-service,38.3,45.0,3345.0,108047.3,225,7260,600262,47.5
2014-02-25 12:27:00,AWS-Enterprise-Cluster,unified-cluster-service,37.7,45.0,1195.0,99892.8,219,2100,554960,45.8
2014-02-25 12:32:00,AWS-Enterprise-Cluster,unified-cluster-service,38.3,45.0,320.0,98021.7,224,180,544565,47.3
2014-02-25 12:37:00,AWS-Enterprise-Cluster,unified-cluster-service,37.8,45.0,320.0,101666.7,222,600,564815,46.7
2014-02-25 12:42:00,AWS-Enterprise-Cluster,unified-cluster-service,37.9,45.0,320.0,95835.2,228,840,532417,48.5
2014-02-25 12:47:00,AWS-Enterprise-Cluster,unified-cluster-service,38.0,45.0,320.0,96527.3,219,480,536262,46.0
2014-02-25 12:52:00,AWS-Enterprise-Cluster,unified-cluster-service,38.1,45.0,320.0,108509.8,225,540,602832,47.6
2014-02-25 12:57:00,AWS-Enterprise-Cluster,unified-cluster-service,54.5,45.0,320.0,95183.6,219,540,528797,45.8
2014-02-25 13:02:00,AWS-Enterprise-Cluster,unified-cluster-service,38.4,45.0,320.0,93268.8,225,420,518160,47.5
2014-02-25 13:07:00,AWS-Enterprise-Cluster,unified-cluster-service,39.9,45.0,1695.0,103135.5,219,3300,572975,45.9
2014-02-25 13:12:00,AWS-Enterprise-Cluster,unified-cluster-service,38.7,45.0,320.0,98849.2,227,480,549162,48.3
2014-02-25 13:17:00,AWS-Enterprise-Cluster,unified-cluster-service,38.1,45.0,320.0,97972.2,219,1800,544290,45.9
2014-02-25 13:22:00,AWS-Enterprise-Cluster,unified-cluster-service,37.5,45.0,320.0,107667.0,225,1200,598150,47.5
2014-02-25 13:27:00,AWS-Enterprise-Cluster,unified-cluster-service,37.7,45.0,320.0,94669.2,219,420,525940,45.9
2014-02-25 13:32:00,AWS-Enterprise-Cluster,unified-cluster-service,37.8,45.0,1895.0,106160.0,228,3780,589777,48.4
2014-02-25 13:37:00,AWS-Enterprise-Cluster,unified-cluster-service,38.3,45.0,320.0,99333.4,208,660,551852,42.5
2014-02-25 13:42:00,AWS-Enterprise-Cluster,unified-cluster-service,38.2,45.0,320.0,91395.9,225,300,507755,47.6
2014-02-25 13:47:00,AWS-Enterprise-Cluster,unified-cluster-service,39.9,45.0,2870.0,103656.6,219,6120,575870,45.8
2014-02-25 13:52:00,AWS-Enterprise-Cluster,unified-cluster-service,37.3,45.0,1895.0,95286.1,225,3780,529367,47.5
2014-02-25 13:57:00,AWS-Enterprise-Cluster,unified-cluster-service,55.8,45.0,320.0,104493.6,222,540,580520,46.7
2014-02-25 14:02:00,AWS-Enterprise-Cluster,unified-cluster-service,37.8,45.0,4495.0,97002.9,225,10020,538905,47.5
2014-02-25 14:07:00,AWS-Enterprise-Cluster,unified-cluster-service,39.2,45.0,320.0,103198.5,219,300,573325,45.8
2014-02-25 14:12:00,AWS-Enterprise-Cluster,unified-cluster-service,37.8,45.0,320.0,97494.3,224,540,541635,47.5
2014-02-25 14:17:00,AWS-Enterprise-Cluster,unified-cluster-service,38.0,45.0,2595.0,100371.6,219,5460,557620,45.8
2014-02-25 14:22:00,AWS-Enterprise-Cluster,unified-cluster-service,37.6,45.0,320.0,107793.4,227,240,598852,48.3
2014-02-25 14:27:00,AWS-Enterprise-Cluster,unified-cluster-service,38.1,45.0,320.0,98432.1,222,300,546845,46.7
2014-02-25 14:32:00,AWS-Enterprise-Cluster,unified-cluster-service,37.6,45.0,3945.0,99202.0,225,8700,551122,47.5
2014-02-25 14:37:00,AWS-Enterprise-Cluster,unified-cluster-service,38.7,45.0,320.0,94973.4,219,1620,527630,45.8
2014-02-25 14:42:00,AWS-Enterprise-Cluster,unified-cluster-service,36.0,45.0,2720.0,100004.8,225,5760,555582,47.6
2014-02-25 14:47:00,AWS-Enterprise-Cluster,unified-cluster-service,37.9,45.0,1245.0,95179.1,219,2220,528772,45.7
2014-02-25 14:52:00,AWS-Enterprise-Cluster,unified-cluster-service,38.5,45.0,3170.0,103008.6,225,6840,572270,47.7
2014-02-25 14:57:00,AWS-Enterprise-Cluster,unified-cluster-service,39.2,45.0,2745.0,96129.9,219,5820,534055,45.9
2014-02-25 15:02:00,AWS-Enterprise-Cluster,unified-cluster-service,38.7,45.0,1470.0,101173.5,224,2760,562075,47.3
2014-02-25 15:07:00,AWS-Enterprise-Cluster,unified-cluster-service,39.1,45.0,320.0,98235.9,211,360,545755,43.3
2014-02-25 15:12:00,AWS-Enterprise-Cluster,unified-cluster-service,38.6,45.0,320.0,104975.6,216,360,583197,44.8
2014-02-25 15:17:00,AWS-Enterprise-Cluster,unified-cluster-service,37.2,45.0,320.0,99599.4,222,120,553330,46.7
2014-02-25 15:22:00,AWS-Enterprise-Cluster,unified-cluster-service,38.7,45.0,2170.0,113260.9,225,4440,629227,47.5
2014-02-25 15:27:00,AWS-Enterprise-Cluster,unified-cluster-service,37.9,45.0,4420.0,96750.0,219,9840,537500,45.9
2014-02-25 15:32:00,AWS-Enterprise-Cluster,unified-cluster-service,37.9,45.0,2345.0,102673.8,222,4860,570410,46.7
2014-02-25 15:37:00,AWS-Enterprise-Cluster,unified-cluster-service,39.4,45.0,1745.0,107103.6,221,3420,595020,46.6
2014-02-25 15:42:00,AWS-Enterprise-Cluster,unified-cluster-service,36.4,45.0,4720.0,96225.3,225,10560,534585,47.5
2014-02-25 15:47:00,AWS-Enterprise-Cluster,unified-cluster-service,38.7,45.0,3145.0,98565.3,222,6780,547585,46.7
2014-02-25 15:52:00,AWS-Enterprise-Cluster,unified-cluster-service,37.9,45.0,320.0,99906.8,225,360,555037,47.5
2014-02-25 15:57:00,AWS-Enterprise-Cluster,unified-cluster-service,54.7,45.0,1270.0,103706.6,219,2280,576147,45.7
2014-02-25 16:02:00,AWS-Enterprise-Cluster,unified-cluster-service,37.6,45.0,320.0,98053.6,216,1320,544742,45.0
2014-02-25 16:07:00,AWS-Enterprise-Cluster,unified-cluster-service,54.2,45.0,3820.0,108522.5,219,8400,602902,45.9
2014-02-25 16:12:00,AWS-Enterprise-Cluster,unified-cluster-service,37.3,45.0,320.0,95330.7,228,780,529615,48.4
2014-02-25 16:17:00,AWS-Enterprise-Cluster,unified-cluster-service,38.5,45.0,2220.0,99699.3,222,4560,553885,46.7
2014-02-25 16:22:00,AWS-Enterprise-Cluster,unified-cluster-service,36.7,45.0,320.0,105955.7,224,1620,588642,47.4
2014-02-25 16:27:00,AWS-Enterprise-Cluster,unified-cluster-service,37.7,45.0,320.0,97076.2,222,240,539312,46.7
2014-02-25 16:32:00,AWS-Enterprise-Cluster,unified-cluster-service,37.9,45.0,1645.0,100478.2,225,3180,558212,47.5
2014-02-25 16:37:00,AWS-Enterprise-Cluster,unified-cluster-service,37.8,45.0,1420.0,97875.0,219,2640,543750,45.9
2014-02-25 16:42:00,AWS-Enterprise-Cluster,unified-cluster-service,38.2,45.0,1945.0,102840.8,227,3900,571337,48.3
2014-02-25 16:47:00,AWS-Enterprise-Cluster,unified-cluster-service,37.7,45.0,320.0,95136.3,222,360,528535,46.7
2014-02-25 16:52:00,AWS-Enterprise-Cluster,unified-cluster-service,37.6,45.0,320.0,104494.5,225,180,580525,47.6
2014-02-25 16:57:00,AWS-Enterprise-Cluster,unified-cluster-service,55.6,45.0,320.0,94826.2,222,120,526812,46.7
2014-02-25 17:02:00,AWS-Enterprise-Cluster,unified-cluster-service,36.8,45.0,320.0,96774.3,227,120,537635,48.3
2014-02-25 17:07:00,AWS-Enterprise-Cluster,unified-cluster-service,55.1,45.0,320.0,100354.5,211,360,557525,43.3
2014-02-25 17:12:00,AWS-Enterprise-Cluster,unified-cluster-service,37.2,45.0,320.0,106156.4,225,300,589757,47.7
2014-02-25 17:17:00,AWS-Enterprise-Cluster,unified-cluster-service,37.7,45.0,2845.0,103802.9,222,6060,576682,46.8
2014-02-25 17:22:00,AWS-Enterprise-Cluster,unified-cluster-service,37.7,45.0,320.0,108501.3,227,180,602785,48.3
2014-02-25 17:27:00,AWS-Enterprise-Cluster,unified-cluster-service,39.5,45.0,320.0,95905.4,222,1620,532807,46.6
2014-02-25 17:32:00,AWS-Enterprise-Cluster,unified-cluster-service,36.7,45.0,2395.0,94136.4,225,4980,522980,47.5
2014-02-25 17:37:00,AWS-Enterprise-Cluster,unified-cluster-service,37.7,45.0,2270.0,104630.0,222,4680,581277,46.8
2014-02-25 17:42:00,AWS-Enterprise-Cluster,unified-cluster-service,38.0,45.0,1295.0,100239.8,225,2340,556887,47.5
2014-02-25 17:47:00,AWS-Enterprise-Cluster,unified-cluster-service,38.8,45.0,3520.0,102195.9,222,7680,567755,46.7
2014-02-25 17:52:00,AWS-Enterprise-Cluster,unified-cluster-service,38.0,45.0,2095.0,97474.5,227,4260,541525,48.3
2014-02-25 17:57:00,AWS-Enterprise-Cluster,unified-cluster-service,39.9,45.0,3470.0,99348.8,222,7560,551937,46.7
2014-02-25 18:02:00,AWS-Enterprise-Cluster,unified-cluster-service,38.5,45.0,320.0,97017.7,219,540,538987,45.8
2014-02-25 18:07:00,AWS-Enterprise-Cluster,unified-cluster-service,54.5,45.0,1745.0,103329.4,219,3420,574052,45.8
2014-02-25 18:12:00,AWS-Enterprise-Cluster,unified-cluster-service,37.3,45.0,4870.0,97832.3,225,10920,543512,47.8
2014-02-25 18:17:00,AWS-Enterprise-Cluster,unified-cluster-service,38.1,45.0,320.0,101610.5,219,600,564502,45.8
2014-02-25 18:22:00,AWS-Enterprise-Cluster,unified-cluster-service,37.1,45.0,1595.0,103637.7,225,3060,575765,47.5
2014-02-25 18:27:00,AWS-Enterprise-Cluster,unified-cluster-service,38.3,45.0,320.0,95975.6,222,660,533197,46.7
2014-02-25 18:32:00,AWS-Enterprise-Cluster,unified-cluster-service,37.4,45.0,1095.0,103590.5,225,1860,575502,47.6
2014-02-25 18:37:00,AWS-Enterprise-Cluster,unified-cluster-service,38.9,45.0,1670.0,101988.4,221,3240,566602,46.6
2014-02-25 18:42:00,AWS-Enterprise-Cluster,unified-cluster-service,36.8,45.0,1445.0,100318.1,227,2700,557322,48.3
2014-02-25 18:47:00,AWS-Enterprise-Cluster,unified-cluster-service,39.1,45.0,1620.0,94122.9,222,3120,522905,46.7
2014-02-25 18:52:00,AWS-Enterprise-Cluster,unified-cluster-service,36.9,45.0,2570.0,98207.1,225,5400,545595,47.5
2014-02-25 18:57:00,AWS-Enterprise-Cluster,unified-cluster-service,39.5,45.0,320.0,99719.1,219,720,553995,45.9
2014-02-25 19:02:00,AWS-Enterprise-Cluster,unified-cluster-service,38.8,45.0,1145.0,96991.2,227,1980,538840,48.3
2014-02-25 19:07:00,AWS-Enterprise-Cluster,unified-cluster-service,39.0,45.0,320.0,107085.2,218,360,594917,45.7
2014-02-25 19:12:00,AWS-Enterprise-Cluster,unified-cluster-service,39.3,45.0,320.0,101709.4,225,420,565052,47.6
2014-02-25 19:17:00,AWS-Enterprise-Cluster,unified-cluster-service,37.1,45.0,1145.0,102303.9,221,1980,568355,46.5
2014-02-25 19:22:00,AWS-Enterprise-Cluster,unified-cluster-service,38.7,45.0,1170.0,103371.3,222,2040,574285,46.7
2014-02-25 19:27:00,AWS-Enterprise-Cluster,unified-cluster-service,37.2,45.0,320.0,106357.5,219,840,590875,45.8
2014-02-25 19:32:00,AWS-Enterprise-Cluster,unified-cluster-service,37.6,45.0,1645.0,96320.7,216,3180,535115,45.0
2014-02-25 19:37:00,AWS-Enterprise-Cluster,unified-cluster-service,38.2,45.0,320.0,104225.4,222,900,579030,46.7
2014-02-25 19:42:00,AWS-Enterprise-Cluster,unified-cluster-service,38.3,45.0,320.0,100714.1,227,480,559522,48.1
2014-02-25 19:47:00,AWS-Enterprise-Cluster,unified-cluster-service,38.5,45.0,3020.0,104425.2,219,6480,580140,45.9
2014-02-25 19:52:00,AWS-Enterprise-Cluster,unified-cluster-service,38.2,45.0,2195.0,97747.2,227,4500,543040,48.3
2014-02-25 19:57:00,AWS-Enterprise-Cluster,unified-cluster-service,39.3,45.0,320.0,104131.4,222,180,578507,46.7
2014-02-25 20:02:00,AWS-Enterprise-Cluster,unified-cluster-service,38.2,45.0,320.0,101059.2,230,1740,561440,49.2
2014-02-25 20:07:00,AWS-Enterprise-Cluster,unified-cluster-service,39.1,45.0,1195.0,110678.9,222,2100,614882,46.7
2014-02-25 20:12:00,AWS-Enterprise-Cluster,unified-cluster-service,37.9,45.0,320.0,103227.7,218,300,573487,45.6
2014-02-25 20:17:00,AWS-Enterprise-Cluster,unified-cluster-service,37.5,45.0,3595.0,94999.1,222,7860,527772,46.7
2014-02-25 20:22:00,AWS-Enterprise-Cluster,unified-cluster-service,39.0,45.0,320.0,114556.1,225,600,636422,47.5
2014-02-25 20:27:00,AWS-Enterprise-Cluster,unified-cluster-service,36.6,45.0,320.0,101352.6,222,360,563070,46.7
2014-02-25 20:32:00,AWS-Enterprise-Cluster,unified-cluster-service,37.7,45.0,320.0,104983.2,228,600,583240,48.5
2014-02-25 20:37:00,AWS-Enterprise-Cluster,unified-cluster-service,37.9,45.0,320.0,100494.4,219,180,558302,45.8
2014-02-25 20:42:00,AWS-Enterprise-Cluster,unified-cluster-service,37.9,45.0,320.0,97152.7,224,780,539737,47.4
2014-02-25 20:47:00,AWS-Enterprise-Cluster,unified-cluster-service,37.8,45.0,320.0,101180.2,219,240,562112,45.8
2014-02-25 20:52:00,AWS-Enterprise-Cluster,unified-cluster-service,38.3,45.0,320.0,106316.6,225,420,590647,47.6
2014-02-25 20:57:00,AWS-Enterprise-Cluster,unified-cluster-service,39.2,45.0,320.0,98399.7,219,60,546665,45.9
2014-02-25 21:02:00,AWS-Enterprise-Cluster,unified-cluster-service,38.4,45.0,3695.0,92259.4,227,8100,512552,48.3
2014-02-25 21:07:00,AWS-Enterprise-Cluster,unified-cluster-service,39.5,45.0,320.0,108290.7,219,660,601615,45.8
2014-02-25 21:12:00,AWS-Enterprise-Cluster,unified-cluster-service,38.6,45.0,320.0,104851.4,225,720,582507,47.7
2014-02-25 21:17:00,AWS-Enterprise-Cluster,unified-cluster-service,37.5,45.0,1395.0,100688.4,222,2580,559380,46.7
2014-02-25 21:22:00,AWS-Enterprise-Cluster,unified-cluster-service,38.0,45.0,320.0,104043.6,227,1080,578020,48.1
2014-02-25 21:27:00,AWS-Enterprise-Cluster,unified-cluster-service,38.5,45.0,320.0,99519.8,225,540,552887,47.5
2014-02-25 21:32:00,AWS-Enterprise-Cluster,unified-cluster-service,36.8,45.0,320.0,100116.4,222,1020,556202,46.7
2014-02-25 21:37:00,AWS-Enterprise-Cluster,unified-cluster-service,38.0,45.0,320.0,102039.3,219,240,566885,45.9
2014-02-25 21:42:00,AWS-Enterprise-Cluster,unified-cluster-service,37.8,45.0,1120.0,88114.1,225,1920,489522,47.6
2014-02-25 21:47:00,AWS-Enterprise-Cluster,unified-cluster-service,37.9,45.0,2070.0,105725.2,222,4200,587362,46.7
2014-02-25 21:52:00,AWS-Enterprise-Cluster,unified-cluster-service,38.0,45.0,320.0,97962.3,227,420,544235,48.3
2014-02-25 21:57:00,AWS-Enterprise-Cluster,unified-cluster-service,54.3,45.0,320.0,94835.2,225,420,526862,47.5
2014-02-25 22:02:00,AWS-Enterprise-Cluster,unified-cluster-service,38.1,45.0,320.0,104720.0,225,300,581777,47.5
2014-02-25 22:07:00,AWS-Enterprise-Cluster,unified-cluster-service,39.5,45.0,320.0,98781.8,219,240,548787,45.9
2014-02-25 22:12:00,AWS-Enterprise-Cluster,unified-cluster-service,38.0,45.0,1445.0,101494.3,225,2700,563857,47.5
2014-02-25 22:17:00,AWS-Enterprise-Cluster,unified-cluster-service,38.7,45.0,320.0,93507.3,221,120,519485,46.5
2014-02-25 22:22:00,AWS-Enterprise-Cluster,unified-cluster-service,37.6,45.0,1570.0,109027.3,225,3000,605707,47.5
2014-02-25 22:27:00,AWS-Enterprise-Cluster,unified-cluster-service,37.3,45.0,1295.0,97843.1,219,2340,543572,45.8
2014-02-25 22:32:00,AWS-Enterprise-Cluster,unified-cluster-service,38.4,45.0,1495.0,98034.3,225,2820,544635,47.6
2014-02-25 22:37:00,AWS-Enterprise-Cluster,unified-cluster-service,38.5,45.0,320.0,98105.9,222,720,545032,46.7
2014-02-25 22:42:00,AWS-Enterprise-Cluster,unified-cluster-service,37.0,45.0,320.0,102474.4,219,900,569302,45.9
2014-02-25 22:47:00,AWS-Enterprise-Cluster,unified-cluster-service,38.7,45.0,2645.0,98255.7,219,5580,545865,45.8
2014-02-25 22:52:00,AWS-Enterprise-Cluster,unified-cluster-service,36.7,45.0,320.0,101795.4,224,720,565530,47.4
2014-02-25 22:57:00,AWS-Enterprise-Cluster,unified-cluster-service,54.6,45.0,1520.0,101303.1,219,2880,562795,45.9
2014-02-25 23:02:00,AWS-Enterprise-Cluster,unified-cluster-service,36.6,45.0,320.0,95863.5,225,660,532575,47.5
2014-02-25 23:07:00,AWS-Enterprise-Cluster,unified-cluster-service,55.2,45.0,320.0,101438.6,222,420,563547,46.7
2014-02-25 23:12:00,AWS-Enterprise-Cluster,unified-cluster-service,36.6,45.0,1770.0,95251.5,227,3480,529175,48.3
2014-02-25 23:17:00,AWS-Enterprise-Cluster,unified-cluster-service,38.0,45.0,320.0,96999.3,219,1560,538885,45.9
2014-02-25 23:22:00,AWS-Enterprise-Cluster,unified-cluster-service,38.1,45.0,320.0,101188.8,221,540,562160,46.5
2014-02-25 23:27:00,AWS-Enterprise-Cluster,unified-cluster-service,37.7,45.0,320.0,103787.5,219,1380,576597,45.8
2014-02-25 23:32:00,AWS-Enterprise-Cluster,unified-cluster-service,37.8,45.0,320.0,95264.1,225,600,529245,47.6
2014-02-25 23:37:00,AWS-Enterprise-Cluster,unified-cluster-service,38.3,45.0,320.0,104675.0,219,480,581527,45.8
2014-02-25 23:42:00,AWS-Enterprise-Cluster,unified-cluster-service,38.6,45.0,320.0,94860.5,225,1080,527002,47.5
2014-02-25 23:47:00,AWS-Enterprise-Cluster,unified-cluster-service,39.2,45.0,1845.0,98376.3,216,3660,546535,45.1
2014-02-25 23:52:00,AWS-Enterprise-Cluster,unified-cluster-service,37.5,45.0,320.0,99372.1,225,660,552067,47.7
2014-02-25 23:57:00,AWS-Enterprise-Cluster,unified-cluster-service,55.0,45.0,1795.0,100232.5,222,3540,556847,46.7
2014-02-26 00:02:00,AWS-Enterprise-Cluster,unified-cluster-service,37.7,45.0,1245.0,101301.8,227,2220,562787,48.3
2014-02-26 00:07:00,AWS-Enterprise-Cluster,unified-cluster-service,54.8,45.0,1495.0,96668.1,222,2820,537045,46.7
2014-02-26 00:12:00,AWS-Enterprise-Cluster,unified-cluster-service,37.8,45.0,320.0,101946.6,224,1200,566370,47.5
2014-02-26 00:17:00,AWS-Enterprise-Cluster,unified-cluster-service,38.4,45.0,320.0,94290.3,219,600,523835,45.9
2014-02-26 00:22:00,AWS-Enterprise-Cluster,unified-cluster-service,35.3,45.0,320.0,111451.9,222,1620,619177,46.7
2014-02-26 00:27:00,AWS-Enterprise-Cluster,unified-cluster-service,38.1,45.0,320.0,97545.6,219,420,541920,45.9
2014-02-26 00:32:00,AWS-Enterprise-Cluster,unified-cluster-service,38.0,45.0,320.0,104645.7,225,840,581365,47.6
2014-02-26 00:37:00,AWS-Enterprise-Cluster,unified-cluster-service,38.3,45.0,320.0,100138.5,221,1080,556325,46.5
2014-02-26 00:42:00,AWS-Enterprise-Cluster,unified-cluster-service,38.8,45.0,320.0,96898.5,225,540,538325,47.5
2014-02-26 00:47:00,AWS-Enterprise-Cluster,unified-cluster-service,37.9,45.0,1295.0,102861.9,219,2340,571455,45.8
2014-02-26 00:52:00,AWS-Enterprise-Cluster,unified-cluster-service,36.9,45.0,320.0,102715.7,227,540,570642,48.3
2014-02-26 00:57:00,AWS-Enterprise-Cluster,unified-cluster-service,39.9,45.0,320.0,97343.1,211,660,540795,43.3
2014-02-26 01:02:00,AWS-Enterprise-Cluster,unified-cluster-service,38.0,45.0,320.0,96728.9,225,900,537382,47.5
2014-02-26 01:07:00,AWS-Enterprise-Cluster,unified-cluster-service,39.3,45.0,320.0,106263.9,230,480,590355,49.2
2014-02-26 01:12:00,AWS-Enterprise-Cluster,unified-cluster-service,36.3,45.0,1395.0,100224.4,225,2580,556802,47.5
2014-02-26 01:17:00,AWS-Enterprise-Cluster,unified-cluster-service,37.6,45.0,320.0,98865.5,219,660,549252,45.9
2014-02-26 01:22:00,AWS-Enterprise-Cluster,unified-cluster-service,37.9,45.0,320.0,108083.2,225,660,600462,47.6
2014-02-26 01:27:00,AWS-Enterprise-Cluster,unified-cluster-service,38.4,45.0,1120.0,101688.8,219,1920,564937,45.9
2014-02-26 01:32:00,AWS-Enterprise-Cluster,unified-cluster-service,37.8,45.0,320.0,98793.9,225,540,548855,47.6
2014-02-26 01:37:00,AWS-Enterprise-Cluster,unified-cluster-service,38.1,45.0,1495.0,95828.4,219,2820,532380,45.9
2014-02-26 01:42:00,AWS-Enterprise-Cluster,unified-cluster-service,38.8,45.0,320.0,100970.6,224,1140,560947,47.3
2014-02-26 01:47:00,AWS-Enterprise-Cluster,unified-cluster-service,39.1,45.0,3495.0,100586.7,222,7620,558815,46.7
2014-02-26 01:52:00,AWS-Enterprise-Cluster,unified-cluster-service,38.6,45.0,1170.0,98807.9,210,2040,548932,43.2
2014-02-26 01:57:00,AWS-Enterprise-Cluster,unified-cluster-service,40.0,45.0,1795.0,96187.5,219,3540,534375,45.8
2014-02-26 02:02:00,AWS-Enterprise-Cluster,unified-cluster-service,38.8,45.0,320.0,104616.4,225,480,581202,47.7
2014-02-26 02:07:00,AWS-Enterprise-Cluster,unified-cluster-service,54.1,45.0,320.0,95213.2,222,1500,528962,46.7
2014-02-26 02:12:00,AWS-Enterprise-Cluster,unified-cluster-service,38.7,45.0,1970.0,104283.0,229,3960,579350,49.0
2014-02-26 02:17:00,AWS-Enterprise-Cluster,unified-cluster-service,35.9,45.0,320.0,97363.8,222,780,540910,46.7
2014-02-26 02:22:00,AWS-Enterprise-Cluster,unified-cluster-service,36.8,45.0,1420.0,106150.5,224,2640,589725,47.4
2014-02-26 02:27:00,AWS-Enterprise-Cluster,unified-cluster-service,37.4,45.0,1195.0,97578.9,222,2100,542105,46.8
2014-02-26 02:32:00,AWS-Enterprise-Cluster,unified-cluster-service,37.9,45.0,320.0,98770.9,225,960,548727,47.6
2014-02-26 02:37:00,AWS-Enterprise-Cluster,unified-cluster-service,38.0,45.0,320.0,101661.8,219,1740,564787,45.9
2014-02-26 02:42:00,AWS-Enterprise-Cluster,unified-cluster-service,37.7,45.0,1445.0,96426.4,225,2700,535702,47.5
2014-02-26 02:47:00,AWS-Enterprise-Cluster,unified-cluster-service,37.7,45.0,1995.0,102237.7,219,4020,567987,45.9
2014-02-26 02:52:00,AWS-Enterprise-Cluster,unified-cluster-service,38.0,45.0,3920.0,98697.1,225,8640,548317,47.5
2014-02-26 02:57:00,AWS-Enterprise-Cluster,unified-cluster-service,40.0,45.0,320.0,100946.2,216,1740,560812,45.0
2014-02-26 03:02:00,AWS-Enterprise-Cluster,unified-cluster-service,38.0,45.0,6170.0,95806.8,225,14040,532260,47.5
2014-02-26 03:07:00,AWS-Enterprise-Cluster,unified-cluster-service,39.6,45.0,2345.0,103102.7,208,4860,572792,42.6
2014-02-26 03:12:00,AWS-Enterprise-Cluster,unified-cluster-service,37.9,45.0,320.0,97808.9,225,720,543382,47.5
2014-02-26 03:17:00,AWS-Enterprise-Cluster,unified-cluster-service,40.0,45.0,4595.0,104264.1,221,10260,579245,46.5
2014-02-26 03:22:00,AWS-Enterprise-Cluster,unified-cluster-service,37.8,45.0,1595.0,109357.7,227,3060,607542,48.1
2014-02-26 03:27:00,AWS-Enterprise-Cluster,unified-cluster-service,36.3,45.0,1820.0,93872.3,219,3600,521512,45.8
2014-02-26 03:32:00,AWS-Enterprise-Cluster,unified-cluster-service,37.3,45.0,2595.0,102389.8,222,5460,568832,46.8
2014-02-26 03:37:00,AWS-Enterprise-Cluster,unified-cluster-service,37.1,45.0,2095.0,95220.0,222,4260,529000,46.7
2014-02-26 03:42:00,AWS-Enterprise-Cluster,unified-cluster-service,39.0,45.0,1895.0,104572.8,225,3780,580960,47.5
2014-02-26 03:47:00,AWS-Enterprise-Cluster,unified-cluster-service,37.5,45.0,320.0,94470.8,219,600,524837,45.8
2014-02-26 03:52:00,AWS-Enterprise-Cluster,unified-cluster-service,39.3,45.0,3470.0,103793.9,225,7560,576632,47.5
2014-02-26 03:57:00,AWS-Enterprise-Cluster,unified-cluster-service,38.8,45.0,4220.0,96493.5,219,9360,536075,45.8
2014-02-26 04:02:00,AWS-Enterprise-Cluster,unified-cluster-service,38.9,45.0,2595.0,102458.2,225,5460,569212,47.5
2014-02-26 04:07:00,AWS-Enterprise-Cluster,unified-cluster-service,38.9,45.0,1345.0,103658.4,222,2460,575880,46.7
2014-02-26 04:12:00,AWS-Enterprise-Cluster,unified-cluster-service,38.1,45.0,320.0,98395.7,230,1800,546642,49.2
2014-02-26 04:17:00,AWS-Enterprise-Cluster,unified-cluster-service,38.0,45.0,2795.0,100061.1,222,5940,555895,46.7
2014-02-26 04:22:00,AWS-Enterprise-Cluster,unified-cluster-service,38.9,45.0,320.0,107213.0,225,960,595627,47.6
2014-02-26 04:27:00,AWS-Enterprise-Cluster,unified-cluster-service,37.0,45.0,1320.0,97136.6,222,2400,539647,46.7
2014-02-26 04:32:00,AWS-Enterprise-Cluster,unified-cluster-service,38.0,45.0,2520.0,97636.1,225,5280,542422,47.5
2014-02-26 04:37:00,AWS-Enterprise-Cluster,unified-cluster-service,37.3,45.0,3820.0,105106.9,222,8400,583927,46.7
2014-02-26 04:42:00,AWS-Enterprise-Cluster,unified-cluster-service,38.7,45.0,2370.0,90492.3,225,4920,502735,47.5
2014-02-26 04:47:00,AWS-Enterprise-Cluster,unified-cluster-service,37.2,45.0,2945.0,103560.8,216,6300,575337,45.0
2014-02-26 04:52:00,AWS-Enterprise-Cluster,unified-cluster-service,37.5,45.0,5070.0,103018.9,225,11400,572327,47.5
2014-02-26 04:57:00,AWS-Enterprise-Cluster,unified-cluster-service,39.4,45.0,1695.0,101170.4,221,3300,562057,46.5
2014-02-26 05:02:00,AWS-Enterprise-Cluster,unified-cluster-service,37.9,45.0,1495.0,96261.8,225,2820,534787,47.5
2014-02-26 05:07:00,AWS-Enterprise-Cluster,unified-cluster-service,39.4,45.0,1895.0,106949.2,222,3780,594162,46.7
2014-02-26 05:12:00,AWS-Enterprise-Cluster,unified-cluster-service,38.5,45.0,320.0,98795.2,225,1260,548862,47.5
2014-02-26 05:17:00,AWS-Enterprise-Cluster,unified-cluster-service,37.7,45.0,3670.0,98154.4,222,8040,545302,46.7
2014-02-26 05:22:00,AWS-Enterprise-Cluster,unified-cluster-service,38.5,45.0,2220.0,110318.9,225,4560,612882,47.5
2014-02-26 05:27:00,AWS-Enterprise-Cluster,unified-cluster-service,37.3,45.0,1870.0,93709.8,219,3720,520610,45.8
2014-02-26 05:32:00,AWS-Enterprise-Cluster,unified-cluster-service,38.5,45.0,1870.0,104240.2,221,3720,579112,46.6
2014-02-26 05:37:00,AWS-Enterprise-Cluster,unified-cluster-service,37.3,45.0,1995.0,93791.2,216,4020,521062,45.0
2014-02-26 05:42:00,AWS-Enterprise-Cluster,unified-cluster-service,39.6,45.0,2120.0,104109.3,227,4320,578385,48.1
2014-02-26 05:47:00,AWS-Enterprise-Cluster,unified-cluster-service,37.3,45.0,1370.0,93621.1,222,2520,520117,46.7
2014-02-26 05:52:00,AWS-Enterprise-Cluster,unified-cluster-service,38.0,45.0,4120.0,106962.7,225,9120,594237,47.6
2014-02-26 05:57:00,AWS-Enterprise-Cluster,unified-cluster-service,54.1,45.0,2770.0,93236.8,221,5880,517982,46.5
2014-02-26 06:02:00,AWS-Enterprise-Cluster,unified-cluster-service,38.1,45.0,320.0,96723.9,224,900,537355,47.4
2014-02-26 06:07:00,AWS-Enterprise-Cluster,unified-cluster-service,39.6,45.0,1145.0,125655.3,219,1980,698085,45.9
2014-02-26 06:12:00,AWS-Enterprise-Cluster,unified-cluster-service,38.9,45.0,1320.0,102117.6,224,2400,567320,47.3
2014-02-26 06:17:00,AWS-Enterprise-Cluster,unified-cluster-service,36.8,45.0,4270.0,99579.1,225,9480,553217,47.5
2014-02-26 06:22:00,AWS-Enterprise-Cluster,unified-cluster-service,37.4,45.0,1345.0,109843.2,222,2460,610240,46.7
2014-02-26 06:27:00,AWS-Enterprise-Cluster,unified-cluster-service,38.0,45.0,320.0,107892.0,219,1200,599400,45.8
2014-02-26 06:32:00,AWS-Enterprise-Cluster,unified-cluster-service,39.1,45.0,1120.0,98389.8,225,1920,546610,47.5
2014-02-26 06:37:00,AWS-Enterprise-Cluster,unified-cluster-service,36.8,45.0,4070.0,110003.4,216,9000,611130,45.0
2014-02-26 06:42:00,AWS-Enterprise-Cluster,unified-cluster-service,37.6,45.0,3620.0,99658.8,225,7920,553660,47.5
2014-02-26 06:47:00,AWS-Enterprise-Cluster,unified-cluster-service,38.8,45.0,1920.0,102439.3,222,3840,569107,46.7
2014-02-26 06:52:00,AWS-Enterprise-Cluster,unified-cluster-service,36.6,45.0,2970.0,96513.3,225,6360,536185,47.5
2014-02-26 06:57:00,AWS-Enterprise-Cluster,unified-cluster-service,39.9,45.0,1270.0,103363.6,216,2280,574242,45.0
2014-02-26 07:02:00,AWS-Enterprise-Cluster,unified-cluster-service,38.1,45.0,3420.0,96890.4,216,7440,538280,45.1
2014-02-26 07:07:00,AWS-Enterprise-Cluster,unified-cluster-service,54.3,45.0,1420.0,105458.4,219,2640,585880,45.8
2014-02-26 07:12:00,AWS-Enterprise-Cluster,unified-cluster-service,37.6,45.0,4120.0,99454.5,225,9120,552525,47.5
2014-02-26 07:17:00,AWS-Enterprise-Cluster,unified-cluster-service,38.6,45.0,6170.0,99029.7,225,14040,550165,47.5
2014-02-26 07:22:00,AWS-Enterprise-Cluster,unified-cluster-service,38.4,45.0,2945.0,110797.2,228,6300,615540,48.4
2014-02-26 07:27:00,AWS-Enterprise-Cluster,unified-cluster-service,37.3,45.0,1120.0,98356.9,222,1920,546427,46.7
2014-02-26 07:32:00,AWS-Enterprise-Cluster,unified-cluster-service,37.5,45.0,2445.0,104638.5,225,5100,581325,47.5
2014-02-26 07:37:00,AWS-Enterprise-Cluster,unified-cluster-service,38.1,45.0,320.0,99371.2,219,720,552062,45.8
2014-02-26 07:42:00,AWS-Enterprise-Cluster,unified-cluster-service,37.8,45.0,1195.0,100480.9,225,2100,558227,47.5
2014-02-26 07:47:00,AWS-Enterprise-Cluster,unified-cluster-service,39.0,45.0,320.0,109760.4,233,720,609780,50.0
2014-02-26 07:52:00,AWS-Enterprise-Cluster,unified-cluster-service,37.8,45.0,1245.0,105132.6,224,2220,584070,47.4
2014-02-26 07:57:00,AWS-Enterprise-Cluster,unified-cluster-service,54.5,45.0,320.0,100253.2,219,600,556962,45.8
2014-02-26 08:02:00,AWS-Enterprise-Cluster,unified-cluster-service,37.9,45.0,2720.0,90234.4,222,5760,501302,46.7
2014-02-26 08:07:00,AWS-Enterprise-Cluster,unified-cluster-service,40.0,45.0,3445.0,106386.8,222,7500,591037,46.7
2014-02-26 08:12:00,AWS-Enterprise-Cluster,unified-cluster-service,37.7,45.0,4320.0,98583.8,227,9600,547687,48.3
2014-02-26 08:17:00,AWS-Enterprise-Cluster,unified-cluster-service,38.5,45.0,320.0,98383.5,222,1440,546575,46.8
2014-02-26 08:22:00,AWS-Enterprise-Cluster,unified-cluster-service,37.1,45.0,1445.0,133355.2,227,2700,740862,48.3
2014-02-26 08:27:00,AWS-Enterprise-Cluster,unified-cluster-service,38.7,45.0,2895.0,116681.4,219,6180,648230,45.7
2014-02-26 08:32:00,AWS-Enterprise-Cluster,unified-cluster-service,37.3,45.0,4270.0,95850.9,216,9480,532505,45.0
2014-02-26 08:37:00,AWS-Enterprise-Cluster,unified-cluster-service,39.8,45.0,3545.0,105160.5,219,7740,584225,45.8
2014-02-26 08:42:00,AWS-Enterprise-Cluster,unified-cluster-service,37.1,45.0,5870.0,93326.4,224,13320,518480,47.3
2014-02-26 08:47:00,AWS-Enterprise-Cluster,unified-cluster-service,38.1,45.0,4645.0,105142.5,219,10380,584125,45.9
2014-02-26 08:52:00,AWS-Enterprise-Cluster,unified-cluster-service,38.2,45.0,1245.0,101158.6,222,2220,561992,46.7
2014-02-26 08:57:00,AWS-Enterprise-Cluster,unified-cluster-service,55.0,45.0,320.0,94776.8,218,600,526537,45.7
2014-02-26 09:02:00,AWS-Enterprise-Cluster,unified-cluster-service,37.5,45.0,2420.0,105996.6,225,5040,588870,47.5
2014-02-26 09:07:00,AWS-Enterprise-Cluster,unified-cluster-service,54.7,45.0,1145.0,102197.3,219,1980,567762,45.9
2014-02-26 09:12:00,AWS-Enterprise-Cluster,unified-cluster-service,38.0,45.0,320.0,106245.9,225,960,590255,47.5
2014-02-26 09:17:00,AWS-Enterprise-Cluster,unified-cluster-service,38.5,45.0,2095.0,93986.1,221,4260,522145,46.6
2014-02-26 09:22:00,AWS-Enterprise-Cluster,unified-cluster-service,37.3,45.0,320.0,112788.9,225,720,626605,47.6
2014-02-26 09:27:00,AWS-Enterprise-Cluster,unified-cluster-service,39.0,45.0,1720.0,98007.7,222,3360,544487,46.7
2014-02-26 09:32:00,AWS-Enterprise-Cluster,unified-cluster-service,36.8,45.0,320.0,101099.2,225,780,561662,47.5
2014-02-26 09:37:00,AWS-Enterprise-Cluster,unified-cluster-service,38.1,45.0,1545.0,102102.7,219,2940,567237,45.7
2014-02-26 09:42:00,AWS-Enterprise-Cluster,unified-cluster-service,38.5,45.0,4295.0,105049.8,216,9540,583610,44.9
2014-02-26 09:47:00,AWS-Enterprise-Cluster,unified-cluster-service,39.5,45.0,320.0,99751.1,219,720,554172,45.7
2014-02-26 09:52:00,AWS-Enterprise-Cluster,unified-cluster-service,38.3,45.0,1170.0,104868.0,225,2040,582600,47.5
2014-02-26 09:57:00,AWS-Enterprise-Cluster,unified-cluster-service,39.8,45.0,320.0,103973.0,214,720,577627,44.4
2014-02-26 10:02:00,AWS-Enterprise-Cluster,unified-cluster-service,38.0,45.0,1220.0,96029.5,225,2160,533497,47.5
2014-02-26 10:07:00,AWS-Enterprise-Cluster,unified-cluster-service,39.8,45.0,3470.0,106843.1,222,7560,593572,46.8
2014-02-26 10:12:00,AWS-Enterprise-Cluster,unified-cluster-service,37.8,45.0,2170.0,97070.9,222,4440,539282,46.8
2014-02-26 10:17:00,AWS-Enterprise-Cluster,unified-cluster-service,38.1,45.0,320.0,103706.1,219,720,576145,45.8
2014-02-26 10:22:00,AWS-Enterprise-Cluster,unified-cluster-service,38.1,45.0,320.0,105036.3,217,600,583535,45.1
2014-02-26 10:27:00,AWS-Enterprise-Cluster,unified-cluster-service,37.8,45.0,4120.0,99084.1,221,9120,550467,46.5
2014-02-26 10:32:00,AWS-Enterprise-Cluster,unified-cluster-service,38.7,45.0,1995.0,99453.6,225,4020,552520,47.5
2014-02-26 10:37:00,AWS-Enterprise-Cluster,unified-cluster-service,37.9,45.0,2895.0,100878.8,214,6180,560437,44.4
2014-02-26 10:42:00,AWS-Enterprise-Cluster,unified-cluster-service,37.8,45.0,5795.0,102873.2,224,13140,571517,47.3
2014-02-26 10:47:00,AWS-Enterprise-Cluster,unified-cluster-service,37.9,45.0,1195.0,99148.1,216,2100,550822,45.0
2014-02-26 10:52:00,AWS-Enterprise-Cluster,unified-cluster-service,36.8,45.0,2820.0,100138.1,221,6000,556322,46.5
2014-02-26 10:57:00,AWS-Enterprise-Cluster,unified-cluster-service,40.0,45.0,1645.0,98114.8,219,3180,545082,45.8
2014-02-26 11:02:00,AWS-Enterprise-Cluster,unified-cluster-service,38.0,45.0,2945.0,102154.5,225,6300,567525,47.5
2014-02-26 11:07:00,AWS-Enterprise-Cluster,unified-cluster-service,39.6,45.0,3370.0,104147.5,214,7320,578597,44.4
2014-02-26 11:12:00,AWS-Enterprise-Cluster,unified-cluster-service,38.1,45.0,2145.0,102316.9,228,4380,568427,48.4
2014-02-26 11:17:00,AWS-Enterprise-Cluster,unified-cluster-service,38.0,45.0,1820.0,96875.1,219,3600,538195,45.8
2014-02-26 11:22:00,AWS-Enterprise-Cluster,unified-cluster-service,37.7,45.0,8570.0,112840.2,236,19800,626890,50.8
2014-02-26 11:27:00,AWS-Enterprise-Cluster,unified-cluster-service,37.8,45.0,5420.0,99677.3,219,12240,553762,45.8
2014-02-26 11:32:00,AWS-Enterprise-Cluster,unified-cluster-service,37.7,45.0,320.0,102464.1,227,1800,569245,48.2
2014-02-26 11:37:00,AWS-Enterprise-Cluster,unified-cluster-service,39.1,45.0,3120.0,101025.0,219,6720,561250,45.9
2014-02-26 11:42:00,AWS-Enterprise-Cluster,unified-cluster-service,37.0,45.0,2570.0,101367.0,224,5400,563150,47.4
2014-02-26 11:47:00,AWS-Enterprise-Cluster,unified-cluster-service,38.7,45.0,3920.0,93729.6,219,8640,520720,45.8
2014-02-26 11:52:00,AWS-Enterprise-Cluster,unified-cluster-service,38.1,45.0,1970.0,100201.1,225,3960,556672,47.5
2014-02-26 11:57:00,AWS-Enterprise-Cluster,unified-cluster-service,39.9,45.0,2595.0,113161.9,222,5460,628677,46.7
2014-02-26 12:02:00,AWS-Enterprise-Cluster,unified-cluster-service,38.4,45.0,3670.0,92386.4,227,8040,513257,48.3
2014-02-26 12:07:00,AWS-Enterprise-Cluster,unified-cluster-service,39.7,45.0,2920.0,101232.5,222,6240,562402,46.7
2014-02-26 12:12:00,AWS-Enterprise-Cluster,unified-cluster-service,37.9,45.0,2145.0,97641.4,228,4380,542452,48.5
2014-02-26 12:17:00,AWS-Enterprise-Cluster,unified-cluster-service,36.3,45.0,4520.0,103510.8,219,10080,575060,45.9
2014-02-26 12:22:00,AWS-Enterprise-Cluster,unified-cluster-service,38.1,45.0,2945.0,107510.9,214,6300,597282,44.4
2014-02-26 12:27:00,AWS-Enterprise-Cluster,unified-cluster-service,38.1,45.0,1720.0,104045.0,222,3360,578027,46.7
2014-02-26 12:32:00,AWS-Enterprise-Cluster,unified-cluster-service,37.9,45.0,2745.0,94034.2,222,5820,522412,46.7
2014-02-26 12:37:00,AWS-Enterprise-Cluster,unified-cluster-service,37.8,45.0,1245.0,100358.1,217,2220,557545,45.1
2014-02-26 12:42:00,AWS-Enterprise-Cluster,unified-cluster-service,38.6,45.0,320.0,101190.2,222,720,562167,46.7
2014-02-26 12:47:00,AWS-Enterprise-Cluster,unified-cluster-service,37.1,45.0,1145.0,91573.6,219,1980,508742,45.8
2014-02-26 12:52:00,AWS-Enterprise-Cluster,unified-cluster-service,38.3,45.0,1270.0,103599.0,225,2280,575550,47.5
2014-02-26 12:57:00,AWS-Enterprise-Cluster,unified-cluster-service,54.4,45.0,2045.0,98421.8,222,4140,546787,46.7
2014-02-26 13:02:00,AWS-Enterprise-Cluster,unified-cluster-service,38.2,45.0,2070.0,103622.9,225,4200,575682,47.5
2014-02-26 13:07:00,AWS-Enterprise-Cluster,unified-cluster-service,54.1,45.0,1170.0,99315.0,219,2040,551750,45.8
2014-02-26 13:12:00,AWS-Enterprise-Cluster,unified-cluster-service,38.2,45.0,1095.0,105690.2,214,1860,587167,44.5
2014-02-26 13:17:00,AWS-Enterprise-Cluster,unified-cluster-service,39.0,45.0,3495.0,99009.4,219,7620,550052,45.9
2014-02-26 13:22:00,AWS-Enterprise-Cluster,unified-cluster-service,37.7,45.0,320.0,110511.9,225,720,613955,47.5
2014-02-26 13:27:00,AWS-Enterprise-Cluster,unified-cluster-service,37.8,45.0,1745.0,98675.1,219,3420,548195,45.9
2014-02-26 13:32:00,AWS-Enterprise-Cluster,unified-cluster-service,37.8,45.0,4195.0,100579.1,227,9300,558772,48.1
2014-02-26 13:37:00,AWS-Enterprise-Cluster,unified-cluster-service,38.2,45.0,2395.0,98847.9,211,4980,549155,43.3
2014-02-26 13:42:00,AWS-Enterprise-Cluster,unified-cluster-service,39.4,45.0,6445.0,100718.6,227,14700,559547,48.3
2014-02-26 13:47:00,AWS-Enterprise-Cluster,unified-cluster-service,37.6,45.0,2220.0,100229.4,225,4560,556830,47.5
2014-02-26 13:52:00,AWS-Enterprise-Cluster,unified-cluster-service,38.2,45.0,3345.0,99166.5,230,7260,550925,49.3
2014-02-26 13:57:00,AWS-Enterprise-Cluster,unified-cluster-service,54.4,45.0,2195.0,103632.7,222,4500,575737,46.7
2014-02-26 14:02:00,AWS-Enterprise-Cluster,unified-cluster-service,38.8,45.0,320.0,85646.7,227,540,475815,48.3
2014-02-26 14:07:00,AWS-Enterprise-Cluster,unified-cluster-service,54.2,45.0,1345.0,104744.7,219,2460,581915,45.8
2014-02-26 14:12:00,AWS-Enterprise-Cluster,unified-cluster-service,38.5,45.0,1945.0,102860.6,228,3900,571447,48.4
2014-02-26 14:17:00,AWS-Enterprise-Cluster,unified-cluster-service,38.1,45.0,2170.0,105721.2,221,4440,587340,46.5
2014-02-26 14:22:00,AWS-Enterprise-Cluster,unified-cluster-service,38.0,45.0,3070.0,98243.6,225,6600,545797,47.6
2014-02-26 14:27:00,AWS-Enterprise-Cluster,unified-cluster-service,37.9,45.0,4320.0,106808.0,219,9600,593377,45.9
2014-02-26 14:32:00,AWS-Enterprise-Cluster,unified-cluster-service,37.9,45.0,5520.0,95965.2,222,12480,533140,46.7
2014-02-26 14:37:00,AWS-Enterprise-Cluster,unified-cluster-service,38.1,45.0,320.0,91602.9,218,300,508905,45.7
2014-02-26 14:42:00,AWS-Enterprise-Cluster,unified-cluster-service,37.3,45.0,320.0,105935.4,225,1260,588530,47.6
2014-02-26 14:47:00,AWS-Enterprise-Cluster,unified-cluster-service,38.3,45.0,320.0,93731.8,219,300,520732,45.9
2014-02-26 14:52:00,AWS-Enterprise-Cluster,unified-cluster-service,36.9,45.0,3595.0,106437.1,225,7860,591317,47.5
2014-02-26 14:57:00,AWS-Enterprise-Cluster,unified-cluster-service,39.9,45.0,3545.0,95540.4,208,7740,530780,42.5
2014-02-26 15:02:00,AWS-Enterprise-Cluster,unified-cluster-service,37.4,45.0,1595.0,100207.3,225,3060,556707,47.6
2014-02-26 15:07:00,AWS-Enterprise-Cluster,unified-cluster-service,55.5,45.0,1945.0,98586.9,222,3900,547705,46.7
2014-02-26 15:12:00,AWS-Enterprise-Cluster,unified-cluster-service,36.8,45.0,2070.0,106680.2,227,4200,592667,48.1
2014-02-26 15:17:00,AWS-Enterprise-Cluster,unified-cluster-service,38.2,45.0,4270.0,93218.0,225,9480,517877,47.5
2014-02-26 15:22:00,AWS-Enterprise-Cluster,unified-cluster-service,36.9,45.0,320.0,108381.1,227,1680,602117,48.3
2014-02-26 15:27:00,AWS-Enterprise-Cluster,unified-cluster-service,37.9,45.0,1145.0,104048.6,213,1980,578047,44.2
2014-02-26 15:32:00,AWS-Enterprise-Cluster,unified-cluster-service,37.1,45.0,1545.0,94375.8,227,2940,524310,48.3
2014-02-26 15:37:00,AWS-Enterprise-Cluster,unified-cluster-service,38.1,45.0,320.0,99303.8,222,180,551687,46.7
2014-02-26 15:42:00,AWS-Enterprise-Cluster,unified-cluster-service,38.6,45.0,2520.0,95037.3,227,5280,527985,48.3
2014-02-26 15:47:00,AWS-Enterprise-Cluster,unified-cluster-service,39.1,45.0,1370.0,101211.3,219,2520,562285,45.8
2014-02-26 15:52:00,AWS-Enterprise-Cluster,unified-cluster-service,38.8,45.0,1145.0,96893.6,225,1980,538297,47.5
2014-02-26 15:57:00,AWS-Enterprise-Cluster,unified-cluster-service,39.1,45.0,320.0,104387.4,219,360,579930,45.9
2014-02-26 16:02:00,AWS-Enterprise-Cluster,unified-cluster-service,37.9,45.0,320.0,91921.5,225,420,510675,47.5
2014-02-26 16:07:00,AWS-Enterprise-Cluster,unified-cluster-service,39.5,45.0,320.0,107793.9,219,120,598855,45.8
2014-02-26 16:12:00,AWS-Enterprise-Cluster,unified-cluster-service,37.5,45.0,320.0,93396.6,225,240,518870,47.6
2014-02-26 16:17:00,AWS-Enterprise-Cluster,unified-cluster-service,37.8,45.0,2470.0,98280.5,225,5160,546002,47.5
2014-02-26 16:22:00,AWS-Enterprise-Cluster,unified-cluster-service,37.5,45.0,320.0,102954.1,225,420,571967,47.6
2014-02-26 16:27:00,AWS-Enterprise-Cluster,unified-cluster-service,37.6,45.0,320.0,99176.4,222,120,550980,46.7
2014-02-26 16:32:00,AWS-Enterprise-Cluster,unified-cluster-service,37.6,45.0,1095.0,100438.2,227,1860,557990,48.3
2014-02-26 16:37:00,AWS-Enterprise-Cluster,unified-cluster-service,37.7,45.0,1345.0,98775.9,222,2460,548755,46.7
2014-02-26 16:42:00,AWS-Enterprise-Cluster,unified-cluster-service,37.8,45.0,2745.0,105511.5,222,5820,586175,46.7
2014-02-26 16:47:00,AWS-Enterprise-Cluster,unified-cluster-service,37.5,45.0,3395.0,99731.7,219,7380,554065,45.8
2014-02-26 16:52:00,AWS-Enterprise-Cluster,unified-cluster-service,37.2,45.0,320.0,106985.7,222,1380,594365,46.8
2014-02-26 16:57:00,AWS-Enterprise-Cluster,unified-cluster-service,39.2,45.0,320.0,91703.2,221,180,509462,46.5
2014-02-26 17:02:00,AWS-Enterprise-Cluster,unified-cluster-service,38.1,45.0,1420.0,104094.0,227,2640,578300,48.3
2014-02-26 17:07:00,AWS-Enterprise-Cluster,unified-cluster-service,39.8,45.0,2595.0,97276.1,222,5460,540422,46.7
2014-02-26 17:12:00,AWS-Enterprise-Cluster,unified-cluster-service,38.2,45.0,1995.0,98406.0,227,4020,546700,48.4
2014-02-26 17:17:00,AWS-Enterprise-Cluster,unified-cluster-service,37.9,45.0,320.0,96211.4,222,1740,534507,46.7
2014-02-26 17:22:00,AWS-Enterprise-Cluster,unified-cluster-service,37.9,45.0,5895.0,105680.2,225,13380,587112,47.5
2014-02-26 17:27:00,AWS-Enterprise-Cluster,unified-cluster-service,37.8,45.0,320.0,103689.0,221,1260,576050,46.5
2014-02-26 17:32:00,AWS-Enterprise-Cluster,unified-cluster-service,39.0,45.0,1370.0,100760.4,227,2520,559780,48.1
2014-02-26 17:37:00,AWS-Enterprise-Cluster,unified-cluster-service,37.1,45.0,1295.0,98327.7,217,2340,546265,45.2
2014-02-26 17:42:00,AWS-Enterprise-Cluster,unified-cluster-service,37.5,45.0,1520.0,93288.6,224,2880,518270,47.3
2014-02-26 17:47:00,AWS-Enterprise-Cluster,unified-cluster-service,39.3,45.0,1145.0,103800.2,216,1980,576667,44.9
2014-02-26 17:52:00,AWS-Enterprise-Cluster,unified-cluster-service,37.4,45.0,1570.0,98094.6,227,3000,544970,48.4
2014-02-26 17:57:00,AWS-Enterprise-Cluster,unified-cluster-service,54.9,45.0,2195.0,101155.0,219,4500,561972,45.9
2014-02-26 18:02:00,AWS-Enterprise-Cluster,unified-cluster-service,37.3,45.0,1170.0,96204.6,227,2040,534470,48.3
2014-02-26 18:07:00,AWS-Enterprise-Cluster,unified-cluster-service,54.0,45.0,320.0,93286.8,219,60,518260,45.8
2014-02-26 18:12:00,AWS-Enterprise-Cluster,unified-cluster-service,37.9,45.0,1720.0,105386.8,225,3360,585482,47.5
2014-02-26 18:17:00,AWS-Enterprise-Cluster,unified-cluster-service,37.7,45.0,320.0,96325.2,225,1620,535140,47.5
2014-02-26 18:22:00,AWS-Enterprise-Cluster,unified-cluster-service,39.8,45.0,2620.0,106227.5,230,5520,590152,49.2
2014-02-26 18:27:00,AWS-Enterprise-Cluster,unified-cluster-service,35.6,45.0,1470.0,98242.7,219,2760,545792,45.8
2014-02-26 18:32:00,AWS-Enterprise-Cluster,unified-cluster-service,37.7,45.0,320.0,101995.7,222,480,566642,46.7
2014-02-26 18:37:00,AWS-Enterprise-Cluster,unified-cluster-service,38.3,45.0,1195.0,94963.9,216,2100,527577,45.0
2014-02-26 18:42:00,AWS-Enterprise-Cluster,unified-cluster-service,38.7,45.0,320.0,101149.6,225,1440,561942,47.5
2014-02-26 18:47:00,AWS-Enterprise-Cluster,unified-cluster-service,36.6,45.0,320.0,92222.5,219,780,512347,45.8
2014-02-26 18:52:00,AWS-Enterprise-Cluster,unified-cluster-service,37.9,45.0,1095.0,102829.5,225,1860,571275,47.6
2014-02-26 18:57:00,AWS-Enterprise-Cluster,unified-cluster-service,54.8,45.0,320.0,96393.6,219,1080,535520,45.8
2014-02-26 19:02:00,AWS-Enterprise-Cluster,unified-cluster-service,37.7,45.0,1970.0,98311.9,224,3960,546177,47.3
2014-02-26 19:07:00,AWS-Enterprise-Cluster,unified-cluster-service,54.5,45.0,320.0,101527.7,213,600,564042,44.1
2014-02-26 19:12:00,AWS-Enterprise-Cluster,unified-cluster-service,37.7,45.0,320.0,96510.2,230,480,536167,49.2
2014-02-26 19:17:00,AWS-Enterprise-Cluster,unified-cluster-service,38.1,45.0,320.0,101325.2,211,420,562917,43.3
2014-02-26 19:22:00,AWS-Enterprise-Cluster,unified-cluster-service,37.7,45.0,1220.0,104409.0,227,2160,580050,48.3
2014-02-26 19:27:00,AWS-Enterprise-Cluster,unified-cluster-service,38.7,45.0,1095.0,103751.6,222,1860,576397,46.7
2014-02-26 19:32:00,AWS-Enterprise-Cluster,unified-cluster-service,36.8,45.0,320.0,99184.1,227,360,551022,48.1
2014-02-26 19:37:00,AWS-Enterprise-Cluster,unified-cluster-service,37.0,45.0,320.0,105913.4,214,240,588407,44.4
2014-02-26 19:42:00,AWS-Enterprise-Cluster,unified-cluster-service,38.5,45.0,320.0,96061.9,225,1320,533677,47.5
2014-02-26 19:47:00,AWS-Enterprise-Cluster,unified-cluster-service,39.5,45.0,1520.0,106846.6,219,2880,593592,45.9
2014-02-26 19:52:00,AWS-Enterprise-Cluster,unified-cluster-service,38.3,45.0,5495.0,100115.1,225,12420,556195,47.5
2014-02-26 19:57:00,AWS-Enterprise-Cluster,unified-cluster-service,39.9,45.0,1170.0,97102.8,211,2040,539460,43.3
2014-02-26 20:02:00,AWS-Enterprise-Cluster,unified-cluster-service,38.1,45.0,320.0,106817.4,227,360,593430,48.3
2014-02-26 20:07:00,AWS-Enterprise-Cluster,unified-cluster-service,39.8,45.0,320.0,101411.1,219,1020,563395,45.8
2014-02-26 20:12:00,AWS-Enterprise-Cluster,unified-cluster-service,38.0,45.0,1645.0,104685.3,225,3180,581585,47.6
2014-02-26 20:17:00,AWS-Enterprise-Cluster,unified-cluster-service,38.0,45.0,320.0,94303.4,222,480,523907,46.7
2014-02-26 20:22:00,AWS-Enterprise-Cluster,unified-cluster-service,37.9,45.0,2245.0,112495.0,230,4620,624972,49.2
2014-02-26 20:27:00,AWS-Enterprise-Cluster,unified-cluster-service,37.7,45.0,1220.0,96114.6,222,2160,533970,46.7
2014-02-26 20:32:00,AWS-Enterprise-Cluster,unified-cluster-service,39.0,45.0,3345.0,102106.8,227,7260,567260,48.3
2014-02-26 20:37:00,AWS-Enterprise-Cluster,unified-cluster-service,36.6,45.0,320.0,102237.7,222,240,567987,46.7
2014-02-26 20:42:00,AWS-Enterprise-Cluster,unified-cluster-service,39.0,45.0,1820.0,96216.8,225,3600,534537,47.5
2014-02-26 20:47:00,AWS-Enterprise-Cluster,unified-cluster-service,36.5,45.0,320.0,99135.0,222,480,550750,46.7
2014-02-26 20:52:00,AWS-Enterprise-Cluster,unified-cluster-service,37.9,45.0,320.0,104087.7,224,240,578265,47.3
2014-02-26 20:57:00,AWS-Enterprise-Cluster,unified-cluster-service,39.7,45.0,320.0,104233.9,219,360,579077,45.8
2014-02-26 21:02:00,AWS-Enterprise-Cluster,unified-cluster-service,37.9,45.0,2420.0,98347.0,227,5040,546372,48.3
2014-02-26 21:07:00,AWS-Enterprise-Cluster,unified-cluster-service,54.4,45.0,320.0,106956.4,222,180,594202,46.8
2014-02-26 21:12:00,AWS-Enterprise-Cluster,unified-cluster-service,38.1,45.0,320.0,100344.6,230,1440,557470,49.3
2014-02-26 21:17:00,AWS-Enterprise-Cluster,unified-cluster-service,37.9,45.0,320.0,97849.3,224,60,543607,47.3
2014-02-26 21:22:00,AWS-Enterprise-Cluster,unified-cluster-service,37.6,45.0,320.0,104364.9,230,420,579805,49.2
2014-02-26 21:27:00,AWS-Enterprise-Cluster,unified-cluster-service,37.9,45.0,320.0,103706.6,222,540,576147,46.7
2014-02-26 21:32:00,AWS-Enterprise-Cluster,unified-cluster-service,37.5,45.0,1245.0,98777.7,228,2220,548765,48.4
2014-02-26 21:37:00,AWS-Enterprise-Cluster,unified-cluster-service,37.8,45.0,320.0,105229.3,219,300,584607,45.8
2014-02-26 21:42:00,AWS-Enterprise-Cluster,unified-cluster-service,38.1,45.0,320.0,100756.8,225,1560,559760,47.5
2014-02-26 21:47:00,AWS-Enterprise-Cluster,unified-cluster-service,38.3,45.0,3120.0,87088.5,222,6720,483825,46.7
2014-02-26 21:52:00,AWS-Enterprise-Cluster,unified-cluster-service,38.0,45.0,1170.0,106203.6,225,2040,590020,47.6
2014-02-26 21:57:00,AWS-Enterprise-Cluster,unified-cluster-service,39.8,45.0,320.0,95305.9,219,660,529477,45.8
2014-02-26 22:02:00,AWS-Enterprise-Cluster,unified-cluster-service,38.3,45.0,1520.0,103190.9,227,2880,573282,48.3
2014-02-26 22:07:00,AWS-Enterprise-Cluster,unified-cluster-service,39.9,45.0,320.0,100246.5,225,840,556925,47.6
2014-02-26 22:12:00,AWS-Enterprise-Cluster,unified-cluster-service,37.8,45.0,2170.0,101579.8,230,4440,564332,49.2
2014-02-26 22:17:00,AWS-Enterprise-Cluster,unified-cluster-service,37.6,45.0,2720.0,97434.4,222,5760,541302,46.7
2014-02-26 22:22:00,AWS-Enterprise-Cluster,unified-cluster-service,37.9,45.0,1720.0,108927.0,225,3360,605150,47.5
2014-02-26 22:27:00,AWS-Enterprise-Cluster,unified-cluster-service,38.2,45.0,2345.0,102767.9,222,4860,570932,46.7
2014-02-26 22:32:00,AWS-Enterprise-Cluster,unified-cluster-service,37.2,45.0,320.0,100218.2,228,480,556767,48.5
2014-02-26 22:37:00,AWS-Enterprise-Cluster,unified-cluster-service,38.0,45.0,1670.0,105537.1,222,3240,586317,46.7
2014-02-26 22:42:00,AWS-Enterprise-Cluster,unified-cluster-service,37.4,45.0,1170.0,91968.8,228,2040,510937,48.5
2014-02-26 22:47:00,AWS-Enterprise-Cluster,unified-cluster-service,37.7,45.0,320.0,103933.8,219,180,577410,45.9
2014-02-26 22:52:00,AWS-Enterprise-Cluster,unified-cluster-service,37.8,45.0,1995.0,89636.9,225,4020,497982,47.5
2014-02-26 22:57:00,AWS-Enterprise-Cluster,unified-cluster-service,54.1,45.0,3295.0,102984.3,219,7140,572135,45.9
2014-02-26 23:02:00,AWS-Enterprise-Cluster,unified-cluster-service,37.9,45.0,320.0,97965.9,227,780,544255,48.1
2014-02-26 23:07:00,AWS-Enterprise-Cluster,unified-cluster-service,54.3,45.0,2195.0,102737.3,222,4500,570762,46.7
2014-02-26 23:12:00,AWS-Enterprise-Cluster,unified-cluster-service,37.9,45.0,320.0,98025.3,227,300,544585,48.3
2014-02-26 23:17:00,AWS-Enterprise-Cluster,unified-cluster-service,38.3,45.0,320.0,103018.1,222,840,572322,46.7
2014-02-26 23:22:00,AWS-Enterprise-Cluster,unified-cluster-service,37.4,45.0,3995.0,106137.5,228,8820,589652,48.4
2014-02-26 23:27:00,AWS-Enterprise-Cluster,unified-cluster-service,37.9,45.0,1270.0,106047.5,218,2280,589152,45.6
2014-02-26 23:32:00,AWS-Enterprise-Cluster,unified-cluster-service,37.7,45.0,320.0,97467.7,220,360,541487,46.3
2014-02-26 23:37:00,AWS-Enterprise-Cluster,unified-cluster-service,38.5,45.0,2420.0,96950.7,219,5040,538615,45.9
2014-02-26 23:42:00,AWS-Enterprise-Cluster,unified-cluster-service,37.6,45.0,320.0,98914.5,225,480,549525,47.5
2014-02-26 23:47:00,AWS-Enterprise-Cluster,unified-cluster-service,38.9,45.0,2770.0,97810.7,222,5880,543392,46.7
2014-02-26 23:52:00,AWS-Enterprise-Cluster,unified-cluster-service,37.4,45.0,3320.0,104700.2,230,7200,581667,49.2
2014-02-26 23:57:00,AWS-Enterprise-Cluster,unified-cluster-service,55.2,45.0,2545.0,100451.2,225,5340,558062,47.5
2014-02-27 00:02:00,AWS-Enterprise-Cluster,unified-cluster-service,37.3,45.0,1245.0,95820.3,227,2220,532335,48.3
2014-02-27 00:07:00,AWS-Enterprise-Cluster,unified-cluster-service,54.9,45.0,320.0,99610.2,222,360,553390,46.7
2014-02-27 00:12:00,AWS-Enterprise-Cluster,unified-cluster-service,36.9,45.0,320.0,103741.2,224,960,576340,47.5
2014-02-27 00:17:00,AWS-Enterprise-Cluster,unified-cluster-service,36.5,45.0,2495.0,97898.4,222,5220,543880,46.7
2014-02-27 00:22:00,AWS-Enterprise-Cluster,unified-cluster-service,38.0,45.0,1145.0,108271.8,227,1980,601510,48.3
2014-02-27 00:27:00,AWS-Enterprise-Cluster,unified-cluster-service,37.8,45.0,1520.0,99900.9,221,2880,555005,46.5
2014-02-27 00:32:00,AWS-Enterprise-Cluster,unified-cluster-service,37.7,45.0,320.0,91543.1,221,360,508572,46.6
2014-02-27 00:37:00,AWS-Enterprise-Cluster,unified-cluster-service,37.7,45.0,1345.0,107397.9,233,2460,596655,50.0
2014-02-27 00:42:00,AWS-Enterprise-Cluster,unified-cluster-service,38.0,45.0,1095.0,94929.8,836,1860,527387,1629.0
2014-02-27 00:47:00,AWS-Enterprise-Cluster,unified-cluster-service,37.4,45.0,320.0,103231.8,210,1620,573510,43.2
2014-02-27 00:52:00,AWS-Enterprise-Cluster,unified-cluster-service,38.1,45.0,1545.0,99319.5,224,2940,551775,47.3
2014-02-27 00:57:00,AWS-Enterprise-Cluster,unified-cluster-service,39.9,45.0,2695.0,105688.4,222,5700,587157,46.7
2014-02-27 01:02:00,AWS-Enterprise-Cluster,unified-cluster-service,37.7,45.0,320.0,95279.8,224,360,529332,47.4
2014-02-27 01:07:00,AWS-Enterprise-Cluster,unified-cluster-service,39.7,45.0,320.0,107660.7,222,480,598115,46.7
2014-02-27 01:12:00,AWS-Enterprise-Cluster,unified-cluster-service,37.8,45.0,1245.0,89919.0,230,2220,499550,49.2
2014-02-27 01:17:00,AWS-Enterprise-Cluster,unified-cluster-service,38.1,45.0,320.0,104653.8,225,360,581410,47.6
2014-02-27 01:22:00,AWS-Enterprise-Cluster,unified-cluster-service,38.0,45.0,1170.0,106990.2,227,2040,594390,48.3
2014-02-27 01:27:00,AWS-Enterprise-Cluster,unified-cluster-service,38.0,45.0,320.0,96561.9,222,540,536455,46.7
2014-02-27 01:32:00,AWS-Enterprise-Cluster,unified-cluster-service,38.2,45.0,320.0,98943.8,227,660,549687,48.3
2014-02-27 01:37:00,AWS-Enterprise-Cluster,unified-cluster-service,38.6,45.0,1345.0,104700.2,225,2460,581667,47.5
2014-02-27 01:42:00,AWS-Enterprise-Cluster,unified-cluster-service,38.7,45.0,320.0,98570.2,225,1680,547612,47.5
2014-02-27 01:47:00,AWS-Enterprise-Cluster,unified-cluster-service,39.1,45.0,2745.0,98016.8,219,5820,544537,45.8
2014-02-27 01:52:00,AWS-Enterprise-Cluster,unified-cluster-service,37.1,45.0,2420.0,107769.6,225,5040,598720,47.5
2014-02-27 01:57:00,AWS-Enterprise-Cluster,unified-cluster-service,54.1,45.0,1345.0,94910.9,221,2460,527282,46.5
2014-02-27 02:02:00,AWS-Enterprise-Cluster,unified-cluster-service,38.1,45.0,4120.0,106088.4,225,9120,589380,47.5
2014-02-27 02:07:00,AWS-Enterprise-Cluster,unified-cluster-service,40.0,45.0,2170.0,99064.8,222,4440,550360,46.7
2014-02-27 02:12:00,AWS-Enterprise-Cluster,unified-cluster-service,38.1,45.0,2195.0,100221.3,227,4500,556785,48.3
2014-02-27 02:17:00,AWS-Enterprise-Cluster,unified-cluster-service,38.0,45.0,1445.0,98091.4,225,2700,544952,47.5
2014-02-27 02:22:00,AWS-Enterprise-Cluster,unified-cluster-service,37.8,45.0,4520.0,104957.5,227,10080,583097,48.3
2014-02-27 02:27:00,AWS-Enterprise-Cluster,unified-cluster-service,37.8,45.0,320.0,95026.9,222,420,527927,46.7
2014-02-27 02:32:00,AWS-Enterprise-Cluster,unified-cluster-service,38.2,45.0,320.0,97973.6,225,1740,544297,47.5
2014-02-27 02:37:00,AWS-Enterprise-Cluster,unified-cluster-service,37.8,45.0,3395.0,104330.2,222,7380,579612,46.7
2014-02-27 02:42:00,AWS-Enterprise-Cluster,unified-cluster-service,37.6,45.0,320.0,97805.2,218,300,543362,45.6
2014-02-27 02:47:00,AWS-Enterprise-Cluster,unified-cluster-service,37.6,45.0,1220.0,103822.7,221,2160,576792,46.5
2014-02-27 02:52:00,AWS-Enterprise-Cluster,unified-cluster-service,38.3,45.0,4195.0,99293.4,227,9300,551630,48.3
2014-02-27 02:57:00,AWS-Enterprise-Cluster,unified-cluster-service,39.8,45.0,1420.0,101915.1,222,2640,566195,46.7
2014-02-27 03:02:00,AWS-Enterprise-Cluster,unified-cluster-service,37.8,45.0,320.0,96561.4,228,300,536452,48.4
2014-02-27 03:07:00,AWS-Enterprise-Cluster,unified-cluster-service,39.7,45.0,3520.0,105194.2,222,7680,584412,46.7
2014-02-27 03:12:00,AWS-Enterprise-Cluster,unified-cluster-service,38.3,45.0,320.0,97849.3,224,1320,543607,47.3
2014-02-27 03:17:00,AWS-Enterprise-Cluster,unified-cluster-service,37.5,45.0,1745.0,105646.1,219,3420,586922,45.9
2014-02-27 03:22:00,AWS-Enterprise-Cluster,unified-cluster-service,38.5,45.0,1870.0,103117.5,218,3720,572875,45.6
2014-02-27 03:27:00,AWS-Enterprise-Cluster,unified-cluster-service,37.3,45.0,1970.0,100884.1,222,3960,560467,46.7
2014-02-27 03:32:00,AWS-Enterprise-Cluster,unified-cluster-service,38.0,45.0,1895.0,100180.4,228,3780,556557,48.4
2014-02-27 03:37:00,AWS-Enterprise-Cluster,unified-cluster-service,54.3,45.0,1170.0,94995.5,225,2040,527752,47.5
2014-02-27 03:42:00,AWS-Enterprise-Cluster,unified-cluster-service,39.2,45.0,320.0,105579.4,228,420,586552,48.4
2014-02-27 03:47:00,AWS-Enterprise-Cluster,unified-cluster-service,38.1,45.0,320.0,95484.6,218,120,530470,45.7
2014-02-27 03:52:00,AWS-Enterprise-Cluster,unified-cluster-service,39.0,45.0,2345.0,104394.1,225,4860,579967,47.6
2014-02-27 03:57:00,AWS-Enterprise-Cluster,unified-cluster-service,39.9,45.0,2070.0,102877.2,219,4200,571540,45.9
2014-02-27 04:02:00,AWS-Enterprise-Cluster,unified-cluster-service,38.0,45.0,3045.0,109739.2,225,6540,609662,47.6
2014-02-27 04:07:00,AWS-Enterprise-Cluster,unified-cluster-service,39.6,45.0,1620.0,100467.9,222,3120,558155,46.7
2014-02-27 04:12:00,AWS-Enterprise-Cluster,unified-cluster-service,38.1,45.0,1570.0,98334.0,230,3000,546300,49.2
2014-02-27 04:17:00,AWS-Enterprise-Cluster,unified-cluster-service,37.7,45.0,3045.0,103530.2,222,6540,575167,46.7
2014-02-27 04:22:00,AWS-Enterprise-Cluster,unified-cluster-service,38.3,45.0,320.0,107462.7,224,420,597015,47.4
2014-02-27 04:27:00,AWS-Enterprise-Cluster,unified-cluster-service,37.3,45.0,1270.0,103046.8,219,2280,572482,45.8
2014-02-27 04:32:00,AWS-Enterprise-Cluster,unified-cluster-service,37.8,45.0,1920.0,90942.8,227,3840,505237,48.3
2014-02-27 04:37:00,AWS-Enterprise-Cluster,unified-cluster-service,37.6,45.0,320.0,98700.8,221,600,548337,46.6
2014-02-27 04:42:00,AWS-Enterprise-Cluster,unified-cluster-service,37.7,45.0,1845.0,100988.6,225,3660,561047,47.5
2014-02-27 04:47:00,AWS-Enterprise-Cluster,unified-cluster-service,38.6,45.0,2520.0,103050.9,224,5280,572505,47.3
2014-02-27 04:52:00,AWS-Enterprise-Cluster,unified-cluster-service,36.9,45.0,1670.0,97305.3,225,3240,540585,47.5
2014-02-27 04:57:00,AWS-Enterprise-Cluster,unified-cluster-service,39.3,45.0,4395.0,103122.5,219,9780,572902,45.9
2014-02-27 05:02:00,AWS-Enterprise-Cluster,unified-cluster-service,38.4,45.0,1570.0,100297.8,225,3000,557210,47.5
2014-02-27 05:07:00,AWS-Enterprise-Cluster,unified-cluster-service,39.1,45.0,320.0,98252.5,222,1140,545847,46.7
2014-02-27 05:12:00,AWS-Enterprise-Cluster,unified-cluster-service,38.1,45.0,320.0,103313.7,225,240,573965,47.5
2014-02-27 05:17:00,AWS-Enterprise-Cluster,unified-cluster-service,37.5,45.0,5120.0,97870.0,216,11520,543722,44.9
2014-02-27 05:22:00,AWS-Enterprise-Cluster,unified-cluster-service,38.1,45.0,1420.0,110813.4,225,2640,615630,47.5
2014-02-27 05:27:00,AWS-Enterprise-Cluster,unified-cluster-service,37.5,45.0,1545.0,98821.4,221,2940,549007,46.5
2014-02-27 05:32:00,AWS-Enterprise-Cluster,unified-cluster-service,38.3,45.0,1870.0,103809.6,224,3720,576720,47.4
2014-02-27 05:37:00,AWS-Enterprise-Cluster,unified-cluster-service,37.4,45.0,320.0,99339.8,219,240,551887,45.9
2014-02-27 05:42:00,AWS-Enterprise-Cluster,unified-cluster-service,39.0,45.0,2670.0,115697.3,225,5640,642762,47.6
2014-02-27 05:47:00,AWS-Enterprise-Cluster,unified-cluster-service,37.7,45.0,4095.0,95013.4,219,9060,527852,45.8
2014-02-27 05:52:00,AWS-Enterprise-Cluster,unified-cluster-service,37.9,45.0,4120.0,104443.6,225,9120,580242,47.6
2014-02-27 05:57:00,AWS-Enterprise-Cluster,unified-cluster-service,54.1,45.0,1195.0,97559.1,222,2100,541995,46.7
2014-02-27 06:02:00,AWS-Enterprise-Cluster,unified-cluster-service,38.1,45.0,1370.0,100761.8,227,2520,559787,48.4
2014-02-27 06:07:00,AWS-Enterprise-Cluster,unified-cluster-service,39.7,45.0,2420.0,100377.0,219,5040,557650,45.8
2014-02-27 06:12:00,AWS-Enterprise-Cluster,unified-cluster-service,38.2,45.0,2045.0,98019.4,218,4140,544552,45.6
2014-02-27 06:17:00,AWS-Enterprise-Cluster,unified-cluster-service,37.9,45.0,320.0,560997.0,216,540,3116650,45.1
2014-02-27 06:22:00,AWS-Enterprise-Cluster,unified-cluster-service,37.8,45.0,2020.0,249850.8,225,4080,1388060,47.5
2014-02-27 06:27:00,AWS-Enterprise-Cluster,unified-cluster-service,39.1,45.0,2120.0,99247.5,219,4320,551375,45.8
2014-02-27 06:32:00,AWS-Enterprise-Cluster,unified-cluster-service,36.4,45.0,320.0,97697.7,225,660,542765,47.6
2014-02-27 06:37:00,AWS-Enterprise-Cluster,unified-cluster-service,38.6,45.0,8020.0,104212.3,216,18480,578957,44.9
2014-02-27 06:42:00,AWS-Enterprise-Cluster,unified-cluster-service,37.0,45.0,2745.0,110083.1,222,5820,611572,46.7
2014-02-27 06:47:00,AWS-Enterprise-Cluster,unified-cluster-service,38.0,45.0,5320.0,99669.6,217,12000,553720,45.1
2014-02-27 06:52:00,AWS-Enterprise-Cluster,unified-cluster-service,38.0,45.0,2820.0,99573.3,225,6000,553185,47.5
2014-02-27 06:57:00,AWS-Enterprise-Cluster,unified-cluster-service,54.5,45.0,3045.0,106866.9,219,6540,593705,45.8
2014-02-27 07:02:00,AWS-Enterprise-Cluster,unified-cluster-service,38.1,45.0,1395.0,95076.9,227,2580,528205,48.3
2014-02-27 07:07:00,AWS-Enterprise-Cluster,unified-cluster-service,38.5,45.0,6070.0,102753.4,219,13800,570852,45.8
2014-02-27 07:12:00,AWS-Enterprise-Cluster,unified-cluster-service,38.3,45.0,4845.0,100469.2,225,10860,558162,47.5
2014-02-27 07:17:00,AWS-Enterprise-Cluster,unified-cluster-service,39.1,45.0,4095.0,104813.6,219,9060,582297,45.9
2014-02-27 07:22:00,AWS-Enterprise-Cluster,unified-cluster-service,37.0,45.0,4795.0,109578.2,225,10740,608767,47.6
2014-02-27 07:27:00,AWS-Enterprise-Cluster,unified-cluster-service,37.5,45.0,1420.0,101995.2,219,2640,566640,45.9
2014-02-27 07:32:00,AWS-Enterprise-Cluster,unified-cluster-service,39.0,45.0,3445.0,108217.3,224,7500,601207,47.3
2014-02-27 07:37:00,AWS-Enterprise-Cluster,unified-cluster-service,36.8,45.0,320.0,104906.2,214,720,582812,44.4
2014-02-27 07:42:00,AWS-Enterprise-Cluster,unified-cluster-service,38.1,45.0,3220.0,104844.1,224,6960,582467,47.4
2014-02-27 07:47:00,AWS-Enterprise-Cluster,unified-cluster-service,38.2,45.0,4070.0,108989.5,233,9000,605497,50.0
2014-02-27 07:52:00,AWS-Enterprise-Cluster,unified-cluster-service,38.4,45.0,2495.0,108714.6,227,5220,603970,48.3
2014-02-27 07:57:00,AWS-Enterprise-Cluster,unified-cluster-service,40.0,45.0,2045.0,111503.2,225,4140,619462,47.5
2014-02-27 08:02:00,AWS-Enterprise-Cluster,unified-cluster-service,38.2,45.0,320.0,101151.9,225,600,561955,47.6
2014-02-27 08:07:00,AWS-Enterprise-Cluster,unified-cluster-service,56.6,45.0,1920.0,142825.5,205,3840,793475,41.7
2014-02-27 08:12:00,AWS-Enterprise-Cluster,unified-cluster-service,35.6,45.0,6420.0,99452.3,222,14640,552512,46.8
2014-02-27 08:17:00,AWS-Enterprise-Cluster,unified-cluster-service,37.7,45.0,2795.0,110623.5,218,5940,614575,45.7
2014-02-27 08:22:00,AWS-Enterprise-Cluster,unified-cluster-service,38.2,45.0,320.0,110905.2,222,660,616140,46.7
2014-02-27 08:27:00,AWS-Enterprise-Cluster,unified-cluster-service,38.9,45.0,1120.0,108295.2,208,1920,601640,42.5
2014-02-27 08:32:00,AWS-Enterprise-Cluster,unified-cluster-service,36.9,45.0,1745.0,103593.6,213,3420,575520,44.2
2014-02-27 08:37:00,AWS-Enterprise-Cluster,unified-cluster-service,38.4,45.0,1320.0,111942.9,219,2400,621905,45.9
2014-02-27 08:42:00,AWS-Enterprise-Cluster,unified-cluster-service,37.2,45.0,2470.0,105087.1,224,5160,583817,47.5
2014-02-27 08:47:00,AWS-Enterprise-Cluster,unified-cluster-service,38.1,45.0,3720.0,100625.9,222,8160,559032,46.7
2014-02-27 08:52:00,AWS-Enterprise-Cluster,unified-cluster-service,37.4,45.0,3220.0,111477.6,224,6960,619320,47.3
2014-02-27 08:57:00,AWS-Enterprise-Cluster,unified-cluster-service,38.8,45.0,2420.0,100795.5,219,5040,559975,45.8
2014-02-27 09:02:00,AWS-Enterprise-Cluster,unified-cluster-service,37.0,45.0,4070.0,100323.4,224,9000,557352,47.3
2014-02-27 09:07:00,AWS-Enterprise-Cluster,unified-cluster-service,54.7,45.0,1520.0,212749.7,216,2880,1181942,44.9
2014-02-27 09:12:00,AWS-Enterprise-Cluster,unified-cluster-service,37.2,45.0,4695.0,104701.9,211,10500,581677,43.3
2014-02-27 09:17:00,AWS-Enterprise-Cluster,unified-cluster-service,38.4,45.0,16720.0,105089.4,219,39360,583830,45.8
2014-02-27 09:22:00,AWS-Enterprise-Cluster,unified-cluster-service,37.4,45.0,6720.0,119403.4,227,15360,663352,48.3
2014-02-27 09:27:00,AWS-Enterprise-Cluster,unified-cluster-service,38.3,45.0,5195.0,100866.6,218,11700,560370,45.7
2014-02-27 09:32:00,AWS-Enterprise-Cluster,unified-cluster-service,37.4,45.0,8770.0,107535.6,222,20280,597420,46.8
2014-02-27 09:37:00,AWS-Enterprise-Cluster,unified-cluster-service,38.9,45.0,320.0,102133.4,211,780,567407,43.3
2014-02-27 09:42:00,AWS-Enterprise-Cluster,unified-cluster-service,37.1,45.0,3945.0,102826.4,225,8700,571257,47.5
2014-02-27 09:47:00,AWS-Enterprise-Cluster,unified-cluster-service,38.7,45.0,4645.0,105864.8,222,10380,588137,46.7
2014-02-27 09:52:00,AWS-Enterprise-Cluster,unified-cluster-service,38.0,45.0,3320.0,100423.8,225,7200,557910,47.6
2014-02-27 09:57:00,AWS-Enterprise-Cluster,unified-cluster-service,39.9,45.0,2620.0,106776.9,219,5520,593205,45.8
2014-02-27 10:02:00,AWS-Enterprise-Cluster,unified-cluster-service,37.0,45.0,320.0,99441.9,224,1620,552455,47.5
2014-02-27 10:07:00,AWS-Enterprise-Cluster,unified-cluster-service,39.9,45.0,2295.0,114023.7,216,4740,633465,45.0
2014-02-27 10:12:00,AWS-Enterprise-Cluster,unified-cluster-service,37.8,45.0,2570.0,99204.3,225,5400,551135,47.6
2014-02-27 10:17:00,AWS-Enterprise-Cluster,unified-cluster-service,38.5,45.0,3595.0,111577.5,222,7860,619875,46.7
2014-02-27 10:22:00,AWS-Enterprise-Cluster,unified-cluster-service,38.2,45.0,6195.0,111270.2,225,14100,618167,47.6
2014-02-27 10:27:00,AWS-Enterprise-Cluster,unified-cluster-service,38.4,45.0,1370.0,235492.6,222,2520,1308292,46.8
2014-02-27 10:32:00,AWS-Enterprise-Cluster,unified-cluster-service,38.0,45.0,2520.0,100670.4,225,5280,559280,47.5
2014-02-27 10:37:00,AWS-Enterprise-Cluster,unified-cluster-service,38.6,45.0,3720.0,104482.3,219,8160,580457,45.8
2014-02-27 10:42:00,AWS-Enterprise-Cluster,unified-cluster-service,37.4,45.0,6295.0,104278.9,224,14340,579327,47.3
2014-02-27 10:47:00,AWS-Enterprise-Cluster,unified-cluster-service,37.7,45.0,1845.0,102613.5,222,3660,570075,46.7
2014-02-27 10:52:00,AWS-Enterprise-Cluster,unified-cluster-service,36.7,45.0,1695.0,107882.5,222,3300,599347,46.7
2014-02-27 10:57:00,AWS-Enterprise-Cluster,unified-cluster-service,39.6,45.0,3695.0,96772.5,219,8100,537625,45.8
2014-02-27 11:02:00,AWS-Enterprise-Cluster,unified-cluster-service,39.2,45.0,2870.0,107765.6,225,6120,598697,47.5
2014-02-27 11:07:00,AWS-Enterprise-Cluster,unified-cluster-service,38.5,45.0,3120.0,103152.1,218,6720,573067,45.7
2014-02-27 11:12:00,AWS-Enterprise-Cluster,unified-cluster-service,38.7,45.0,4920.0,108931.5,214,11040,605175,44.2
2014-02-27 11:17:00,AWS-Enterprise-Cluster,unified-cluster-service,36.8,45.0,4920.0,106193.7,222,11040,589965,46.7
2014-02-27 11:22:00,AWS-Enterprise-Cluster,unified-cluster-service,38.5,45.0,1920.0,118328.0,225,3840,657377,47.6
2014-02-27 11:27:00,AWS-Enterprise-Cluster,unified-cluster-service,35.4,45.0,3120.0,203673.6,216,6720,1131520,45.1
2014-02-27 11:32:00,AWS-Enterprise-Cluster,unified-cluster-service,38.5,45.0,3170.0,99960.3,214,6840,555335,44.2
2014-02-27 11:37:00,AWS-Enterprise-Cluster,unified-cluster-service,37.5,45.0,4670.0,111465.9,211,10440,619255,43.4
2014-02-27 11:42:00,AWS-Enterprise-Cluster,unified-cluster-service,38.8,45.0,6045.0,97848.9,228,13740,543605,48.4
2014-02-27 11:47:00,AWS-Enterprise-Cluster,unified-cluster-service,38.8,45.0,2870.0,106474.5,216,6120,591525,45.1
2014-02-27 11:52:00,AWS-Enterprise-Cluster,unified-cluster-service,38.1,45.0,3170.0,108172.3,225,6840,600957,47.6
2014-02-27 11:57:00,AWS-Enterprise-Cluster,unified-cluster-service,54.8,45.0,2545.0,105934.5,219,5340,588525,45.9
2014-02-27 12:02:00,AWS-Enterprise-Cluster,unified-cluster-service,37.8,45.0,1795.0,102223.8,224,3540,567910,47.3
2014-02-27 12:07:00,AWS-Enterprise-Cluster,unified-cluster-service,55.2,45.0,1220.0,109021.9,216,2160,605677,44.9
2014-02-27 12:12:00,AWS-Enterprise-Cluster,unified-cluster-service,37.3,45.0,320.0,103613.9,222,1560,575632,46.7
2014-02-27 12:17:00,AWS-Enterprise-Cluster,unified-cluster-service,38.4,45.0,5995.0,106001.6,221,13620,588897,46.5
2014-02-27 12:22:00,AWS-Enterprise-Cluster,unified-cluster-service,37.4,45.0,1620.0,112542.3,211,3120,625235,43.4
2014-02-27 12:27:00,AWS-Enterprise-Cluster,unified-cluster-service,37.7,45.0,320.0,209654.1,219,660,1164745,45.9
2014-02-27 12:32:00,AWS-Enterprise-Cluster,unified-cluster-service,37.9,45.0,2420.0,104577.3,222,5040,580985,46.7
2014-02-27 12:37:00,AWS-Enterprise-Cluster,unified-cluster-service,37.9,45.0,1620.0,105553.4,219,3120,586407,45.9
2014-02-27 12:42:00,AWS-Enterprise-Cluster,unified-cluster-service,38.2,45.0,320.0,98202.1,225,840,545567,47.5
2014-02-27 12:47:00,AWS-Enterprise-Cluster,unified-cluster-service,36.9,45.0,320.0,100565.6,219,540,558697,45.9
2014-02-27 12:52:00,AWS-Enterprise-Cluster,unified-cluster-service,38.6,45.0,1570.0,107399.7,221,3000,596665,46.5
2014-02-27 12:57:00,AWS-Enterprise-Cluster,unified-cluster-service,39.0,45.0,2520.0,102590.6,219,5280,569947,45.9
2014-02-27 13:02:00,AWS-Enterprise-Cluster,unified-cluster-service,38.9,45.0,2420.0,103594.5,225,5040,575525,47.5
2014-02-27 13:07:00,AWS-Enterprise-Cluster,unified-cluster-service,38.8,45.0,3320.0,105176.7,222,7200,584315,46.7
2014-02-27 13:12:00,AWS-Enterprise-Cluster,unified-cluster-service,38.1,45.0,1570.0,108860.0,227,3000,604777,48.3
2014-02-27 13:17:00,AWS-Enterprise-Cluster,unified-cluster-service,37.9,45.0,3920.0,110851.6,216,8640,615842,45.0
2014-02-27 13:22:00,AWS-Enterprise-Cluster,unified-cluster-service,38.0,45.0,2670.0,110188.8,224,5640,612160,47.3
2014-02-27 13:27:00,AWS-Enterprise-Cluster,unified-cluster-service,37.2,45.0,320.0,197382.2,219,1020,1096567,45.8
2014-02-27 13:32:00,AWS-Enterprise-Cluster,unified-cluster-service,38.4,45.0,3045.0,99111.6,214,6540,550620,44.2
2014-02-27 13:37:00,AWS-Enterprise-Cluster,unified-cluster-service,36.9,45.0,2295.0,110295.5,219,4740,612752,45.7
2014-02-27 13:42:00,AWS-Enterprise-Cluster,unified-cluster-service,38.1,45.0,1445.0,103351.9,222,2700,574177,46.7
2014-02-27 13:47:00,AWS-Enterprise-Cluster,unified-cluster-service,38.3,45.0,320.0,105951.6,219,1440,588620,45.8
2014-02-27 13:52:00,AWS-Enterprise-Cluster,unified-cluster-service,37.8,45.0,1720.0,104762.7,222,3360,582015,46.7
2014-02-27 13:57:00,AWS-Enterprise-Cluster,unified-cluster-service,39.8,45.0,2270.0,105755.4,219,4680,587530,45.9
2014-02-27 14:02:00,AWS-Enterprise-Cluster,unified-cluster-service,38.6,45.0,1220.0,97147.8,225,2160,539710,47.6
2014-02-27 14:07:00,AWS-Enterprise-Cluster,unified-cluster-service,38.9,45.0,1645.0,113754.6,219,3180,631970,45.8
2014-02-27 14:12:00,AWS-Enterprise-Cluster,unified-cluster-service,37.8,45.0,320.0,101161.8,227,240,562010,48.3
2014-02-27 14:17:00,AWS-Enterprise-Cluster,unified-cluster-service,37.8,45.0,320.0,101025.9,222,1800,561255,46.7
2014-02-27 14:22:00,AWS-Enterprise-Cluster,unified-cluster-service,37.7,45.0,1920.0,119244.1,216,3840,662467,45.1
2014-02-27 14:27:00,AWS-Enterprise-Cluster,unified-cluster-service,37.5,45.0,2970.0,203066.1,221,6360,1128145,46.6
2014-02-27 14:32:00,AWS-Enterprise-Cluster,unified-cluster-service,38.6,45.0,320.0,106110.0,225,1500,589500,47.6
2014-02-27 14:37:00,AWS-Enterprise-Cluster,unified-cluster-service,37.3,45.0,320.0,109464.3,221,360,608135,46.6
2014-02-27 14:42:00,AWS-Enterprise-Cluster,unified-cluster-service,38.6,45.0,320.0,103256.6,225,540,573647,47.5
2014-02-27 14:47:00,AWS-Enterprise-Cluster,unified-cluster-service,36.9,45.0,3495.0,103761.0,221,7620,576450,46.6
2014-02-27 14:52:00,AWS-Enterprise-Cluster,unified-cluster-service,38.1,45.0,4145.0,108931.5,225,9180,605175,47.6
2014-02-27 14:57:00,AWS-Enterprise-Cluster,unified-cluster-service,39.3,45.0,1495.0,99814.5,222,2820,554525,46.7
2014-02-27 15:02:00,AWS-Enterprise-Cluster,unified-cluster-service,40.0,45.0,1220.0,104116.5,225,2160,578425,47.5
2014-02-27 15:07:00,AWS-Enterprise-Cluster,unified-cluster-service,37.8,45.0,320.0,104504.8,219,1620,580582,45.8
2014-02-27 15:12:00,AWS-Enterprise-Cluster,unified-cluster-service,37.8,45.0,320.0,96875.6,222,1080,538197,46.7
2014-02-27 15:17:00,AWS-Enterprise-Cluster,unified-cluster-service,37.8,45.0,2595.0,109184.4,219,5460,606580,45.9
2014-02-27 15:22:00,AWS-Enterprise-Cluster,unified-cluster-service,37.7,45.0,2670.0,108416.7,227,5640,602315,48.1
2014-02-27 15:27:00,AWS-Enterprise-Cluster,unified-cluster-service,38.0,45.0,4795.0,102438.4,218,10740,569102,45.7
2014-02-27 15:32:00,AWS-Enterprise-Cluster,unified-cluster-service,39.3,45.0,4920.0,102825.0,227,11040,571250,48.3
2014-02-27 15:37:00,AWS-Enterprise-Cluster,unified-cluster-service,37.0,45.0,1795.0,104514.3,221,3540,580635,46.5
2014-02-27 15:42:00,AWS-Enterprise-Cluster,unified-cluster-service,38.2,45.0,7845.0,100128.2,227,18060,556267,48.3
2014-02-27 15:47:00,AWS-Enterprise-Cluster,unified-cluster-service,38.5,45.0,1720.0,100504.3,222,3360,558357,46.7
2014-02-27 15:52:00,AWS-Enterprise-Cluster,unified-cluster-service,38.2,45.0,3245.0,106092.5,227,7020,589402,48.1
2014-02-27 15:57:00,AWS-Enterprise-Cluster,unified-cluster-service,39.9,45.0,2220.0,101335.9,221,4560,562977,46.5
2014-02-27 16:02:00,AWS-Enterprise-Cluster,unified-cluster-service,38.4,45.0,1920.0,100726.2,213,3840,559590,44.2
2014-02-27 16:07:00,AWS-Enterprise-Cluster,unified-cluster-service,39.8,45.0,2220.0,103950.9,219,4560,577505,45.9
2014-02-27 16:12:00,AWS-Enterprise-Cluster,unified-cluster-service,38.0,45.0,2270.0,103423.1,225,4680,574572,47.5
2014-02-27 16:17:00,AWS-Enterprise-Cluster,unified-cluster-service,38.2,45.0,320.0,106683.3,222,480,592685,46.7
2014-02-27 16:22:00,AWS-Enterprise-Cluster,unified-cluster-service,38.2,45.0,2820.0,108743.9,227,6000,604132,48.3
2014-02-27 16:27:00,AWS-Enterprise-Cluster,unified-cluster-service,37.7,45.0,320.0,101206.4,225,780,562257,47.5
2014-02-27 16:32:00,AWS-Enterprise-Cluster,unified-cluster-service,38.8,45.0,1970.0,99216.0,227,3960,551200,48.1
2014-02-27 16:37:00,AWS-Enterprise-Cluster,unified-cluster-service,37.4,45.0,2045.0,102946.9,222,4140,571927,46.7
2014-02-27 16:42:00,AWS-Enterprise-Cluster,unified-cluster-service,38.9,45.0,2970.0,101824.6,227,6360,565692,48.3
2014-02-27 16:47:00,AWS-Enterprise-Cluster,unified-cluster-service,37.3,45.0,3070.0,101274.3,225,6600,562635,47.5
2014-02-27 16:52:00,AWS-Enterprise-Cluster,unified-cluster-service,37.4,45.0,320.0,104186.2,224,660,578812,47.3
2014-02-27 16:57:00,AWS-Enterprise-Cluster,unified-cluster-service,54.2,45.0,1370.0,95668.6,222,2520,531492,46.7
2014-02-27 17:02:00,AWS-Enterprise-Cluster,unified-cluster-service,38.1,45.0,2270.0,100839.1,230,4680,560217,49.2
2014-02-27 17:07:00,AWS-Enterprise-Cluster,unified-cluster-service,39.7,45.0,1170.0,98561.7,222,2040,547565,46.7
2014-02-27 17:12:00,AWS-Enterprise-Cluster,unified-cluster-service,38.3,45.0,320.0,99198.0,230,1080,551100,49.1
2014-02-27 17:17:00,AWS-Enterprise-Cluster,unified-cluster-service,37.3,45.0,1995.0,103950.9,230,4020,577505,49.2
2014-02-27 17:22:00,AWS-Enterprise-Cluster,unified-cluster-service,39.2,45.0,2170.0,106467.7,233,4440,591487,50.0
2014-02-27 17:27:00,AWS-Enterprise-Cluster,unified-cluster-service,36.5,45.0,320.0,106315.7,222,1020,590642,46.7
2014-02-27 17:32:00,AWS-Enterprise-Cluster,unified-cluster-service,39.0,45.0,320.0,95783.9,225,1800,532132,47.5
2014-02-27 17:37:00,AWS-Enterprise-Cluster,unified-cluster-service,37.5,45.0,2820.0,106525.8,222,6000,591810,46.7
2014-02-27 17:42:00,AWS-Enterprise-Cluster,unified-cluster-service,37.8,45.0,320.0,95572.3,227,720,530957,48.3
2014-02-27 17:47:00,AWS-Enterprise-Cluster,unified-cluster-service,38.9,45.0,320.0,103566.1,225,1800,575367,47.5
2014-02-27 17:52:00,AWS-Enterprise-Cluster,unified-cluster-service,37.8,45.0,1620.0,104022.9,230,3120,577905,49.2
2014-02-27 17:57:00,AWS-Enterprise-Cluster,unified-cluster-service,54.3,45.0,320.0,94756.9,222,240,526427,46.7
2014-02-27 18:02:00,AWS-Enterprise-Cluster,unified-cluster-service,38.3,45.0,320.0,104816.7,222,480,582315,46.9
2014-02-27 18:07:00,AWS-Enterprise-Cluster,unified-cluster-service,54.2,45.0,2195.0,101807.1,222,4500,565595,46.7
2014-02-27 18:12:00,AWS-Enterprise-Cluster,unified-cluster-service,38.7,45.0,3395.0,101007.5,224,7380,561152,47.3
2014-02-27 18:17:00,AWS-Enterprise-Cluster,unified-cluster-service,37.8,45.0,2595.0,104502.1,218,5460,580567,45.7
2014-02-27 18:22:00,AWS-Enterprise-Cluster,unified-cluster-service,37.7,45.0,1395.0,109521.4,225,2580,608452,47.5
2014-02-27 18:27:00,AWS-Enterprise-Cluster,unified-cluster-service,38.1,45.0,5120.0,98545.0,219,11520,547472,45.8
2014-02-27 18:32:00,AWS-Enterprise-Cluster,unified-cluster-service,38.1,45.0,2445.0,102283.2,224,5100,568240,47.4
2014-02-27 18:37:00,AWS-Enterprise-Cluster,unified-cluster-service,38.4,45.0,1395.0,103858.2,219,2580,576990,45.7
2014-02-27 18:42:00,AWS-Enterprise-Cluster,unified-cluster-service,37.5,45.0,1220.0,102416.4,225,2160,568980,47.6
2014-02-27 18:47:00,AWS-Enterprise-Cluster,unified-cluster-service,38.2,45.0,320.0,99496.4,219,1620,552757,46.0
2014-02-27 18:52:00,AWS-Enterprise-Cluster,unified-cluster-service,37.7,45.0,1170.0,103448.2,225,2040,574712,47.5
2014-02-27 18:57:00,AWS-Enterprise-Cluster,unified-cluster-service,40.0,45.0,1695.0,104339.2,219,3300,579662,45.8
2014-02-27 19:02:00,AWS-Enterprise-Cluster,unified-cluster-service,38.4,45.0,1170.0,96009.3,230,2040,533385,49.2
2014-02-27 19:07:00,AWS-Enterprise-Cluster,unified-cluster-service,54.2,45.0,1845.0,108981.4,221,3660,605452,46.5
2014-02-27 19:12:00,AWS-Enterprise-Cluster,unified-cluster-service,38.0,45.0,320.0,100157.4,228,1140,556430,48.4
2014-02-27 19:17:00,AWS-Enterprise-Cluster,unified-cluster-service,38.6,45.0,1520.0,102793.1,222,2880,571072,46.7
2014-02-27 19:22:00,AWS-Enterprise-Cluster,unified-cluster-service,37.2,45.0,1245.0,107499.1,225,2220,597217,47.5
2014-02-27 19:27:00,AWS-Enterprise-Cluster,unified-cluster-service,37.8,45.0,2170.0,108357.3,219,4440,601985,45.9
2014-02-27 19:32:00,AWS-Enterprise-Cluster,unified-cluster-service,37.5,45.0,1470.0,99498.2,224,2760,552767,47.4
2014-02-27 19:37:00,AWS-Enterprise-Cluster,unified-cluster-service,38.1,45.0,320.0,102947.9,222,300,571932,46.7
2014-02-27 19:42:00,AWS-Enterprise-Cluster,unified-cluster-service,39.1,45.0,1245.0,102470.4,228,2220,569280,48.5
2014-02-27 19:47:00,AWS-Enterprise-Cluster,unified-cluster-service,37.6,45.0,1995.0,99475.7,219,4020,552642,45.8
2014-02-27 19:52:00,AWS-Enterprise-Cluster,unified-cluster-service,39.5,45.0,320.0,104650.2,227,1740,581390,48.3
2014-02-27 19:57:00,AWS-Enterprise-Cluster,unified-cluster-service,38.9,45.0,320.0,99747.5,222,300,554152,46.7
2014-02-27 20:02:00,AWS-Enterprise-Cluster,unified-cluster-service,38.1,45.0,1995.0,107519.4,227,4020,597330,48.3
2014-02-27 20:07:00,AWS-Enterprise-Cluster,unified-cluster-service,39.7,45.0,1420.0,105524.5,222,2640,586247,46.8
2014-02-27 20:12:00,AWS-Enterprise-Cluster,unified-cluster-service,37.8,45.0,1170.0,108513.4,227,2040,602852,48.1
2014-02-27 20:17:00,AWS-Enterprise-Cluster,unified-cluster-service,39.1,45.0,3595.0,103162.5,219,7860,573125,45.7
2014-02-27 20:22:00,AWS-Enterprise-Cluster,unified-cluster-service,36.9,45.0,3895.0,112601.2,227,8580,625562,48.3
2014-02-27 20:27:00,AWS-Enterprise-Cluster,unified-cluster-service,38.4,45.0,3845.0,100020.6,222,8460,555670,46.7
2014-02-27 20:32:00,AWS-Enterprise-Cluster,unified-cluster-service,37.6,45.0,1495.0,106049.2,227,2820,589162,48.3
2014-02-27 20:37:00,AWS-Enterprise-Cluster,unified-cluster-service,38.1,45.0,1720.0,101750.4,225,3360,565280,47.5
2014-02-27 20:42:00,AWS-Enterprise-Cluster,unified-cluster-service,37.7,45.0,2845.0,99475.2,225,6060,552640,47.5
2014-02-27 20:47:00,AWS-Enterprise-Cluster,unified-cluster-service,38.1,45.0,320.0,108567.0,219,1620,603150,45.9
2014-02-27 20:52:00,AWS-Enterprise-Cluster,unified-cluster-service,37.6,45.0,4570.0,101554.6,227,10200,564192,48.3
2014-02-27 20:57:00,AWS-Enterprise-Cluster,unified-cluster-service,39.5,45.0,1445.0,104126.4,222,2700,578480,46.7
2014-02-27 21:02:00,AWS-Enterprise-Cluster,unified-cluster-service,38.2,45.0,2495.0,99097.2,225,5220,550540,47.5
2014-02-27 21:07:00,AWS-Enterprise-Cluster,unified-cluster-service,39.6,45.0,2045.0,108150.3,218,4140,600835,45.7
2014-02-27 21:12:00,AWS-Enterprise-Cluster,unified-cluster-service,38.1,45.0,320.0,99054.0,225,720,550300,47.5
2014-02-27 21:17:00,AWS-Enterprise-Cluster,unified-cluster-service,38.7,45.0,2770.0,105016.9,227,5880,583427,48.3
2014-02-27 21:22:00,AWS-Enterprise-Cluster,unified-cluster-service,36.8,45.0,1170.0,107086.9,230,2040,594927,49.2
2014-02-27 21:27:00,AWS-Enterprise-Cluster,unified-cluster-service,38.6,45.0,3020.0,104889.1,222,6480,582717,46.7
2014-02-27 21:32:00,AWS-Enterprise-Cluster,unified-cluster-service,36.7,45.0,1370.0,96738.8,225,2520,537437,47.7
2014-02-27 21:37:00,AWS-Enterprise-Cluster,unified-cluster-service,38.9,45.0,1220.0,101618.6,219,2160,564547,45.9
2014-02-27 21:42:00,AWS-Enterprise-Cluster,unified-cluster-service,37.4,45.0,1095.0,108504.4,227,1860,602802,48.3
2014-02-27 21:47:00,AWS-Enterprise-Cluster,unified-cluster-service,37.7,45.0,1370.0,99745.2,219,2520,554140,45.8
2014-02-27 21:52:00,AWS-Enterprise-Cluster,unified-cluster-service,37.2,45.0,320.0,101481.8,225,840,563787,47.5
2014-02-27 21:57:00,AWS-Enterprise-Cluster,unified-cluster-service,55.4,45.0,320.0,103564.3,219,180,575357,45.9
2014-02-27 22:02:00,AWS-Enterprise-Cluster,unified-cluster-service,37.6,45.0,2320.0,106443.0,227,4800,591350,48.3
2014-02-27 22:07:00,AWS-Enterprise-Cluster,unified-cluster-service,54.2,45.0,2195.0,101721.1,224,4500,565117,47.3
2014-02-27 22:12:00,AWS-Enterprise-Cluster,unified-cluster-service,37.9,45.0,320.0,105760.8,228,600,587560,48.4
2014-02-27 22:17:00,AWS-Enterprise-Cluster,unified-cluster-service,37.8,45.0,2145.0,103743.9,222,4380,576355,46.8
2014-02-27 22:22:00,AWS-Enterprise-Cluster,unified-cluster-service,37.7,45.0,320.0,110730.2,222,360,615167,46.7
2014-02-27 22:27:00,AWS-Enterprise-Cluster,unified-cluster-service,37.8,45.0,320.0,98798.0,219,300,548877,45.8
2014-02-27 22:32:00,AWS-Enterprise-Cluster,unified-cluster-service,38.9,45.0,4070.0,99902.7,225,9000,555015,47.5
2014-02-27 22:37:00,AWS-Enterprise-Cluster,unified-cluster-service,36.9,45.0,320.0,106760.7,219,420,593115,45.9
2014-02-27 22:42:00,AWS-Enterprise-Cluster,unified-cluster-service,38.4,45.0,320.0,101282.4,214,1140,562680,44.4
2014-02-27 22:47:00,AWS-Enterprise-Cluster,unified-cluster-service,37.4,45.0,2670.0,108069.3,219,5640,600385,45.7
2014-02-27 22:52:00,AWS-Enterprise-Cluster,unified-cluster-service,39.0,45.0,320.0,98532.9,225,540,547405,47.5
2014-02-27 22:57:00,AWS-Enterprise-Cluster,unified-cluster-service,39.5,45.0,1995.0,99473.0,219,4020,552627,45.9
2014-02-27 23:02:00,AWS-Enterprise-Cluster,unified-cluster-service,38.7,45.0,2320.0,99830.7,225,4800,554615,47.5
2014-02-27 23:07:00,AWS-Enterprise-Cluster,unified-cluster-service,39.7,45.0,320.0,113332.0,222,300,629622,46.7
2014-02-27 23:12:00,AWS-Enterprise-Cluster,unified-cluster-service,38.0,45.0,3495.0,94730.4,230,7620,526280,49.2
2014-02-27 23:17:00,AWS-Enterprise-Cluster,unified-cluster-service,37.6,45.0,2020.0,114769.8,225,4080,637610,47.5
2014-02-27 23:22:00,AWS-Enterprise-Cluster,unified-cluster-service,37.9,45.0,320.0,105923.7,227,420,588465,48.3
2014-02-27 23:27:00,AWS-Enterprise-Cluster,unified-cluster-service,37.4,45.0,320.0,103702.0,222,1080,576122,46.7
2014-02-27 23:32:00,AWS-Enterprise-Cluster,unified-cluster-service,37.8,45.0,4220.0,111011.8,228,9360,616732,48.4
2014-02-27 23:37:00,AWS-Enterprise-Cluster,unified-cluster-service,39.0,45.0,1470.0,100754.5,222,2760,559747,46.7
2014-02-27 23:42:00,AWS-Enterprise-Cluster,unified-cluster-service,37.2,45.0,3095.0,104680.8,218,6660,581560,45.5
2014-02-27 23:47:00,AWS-Enterprise-Cluster,unified-cluster-service,38.5,45.0,320.0,104199.8,221,1740,578887,46.6
2014-02-27 23:52:00,AWS-Enterprise-Cluster,unified-cluster-service,38.3,45.0,4320.0,106550.6,230,9600,591947,49.2
2014-02-27 23:57:00,AWS-Enterprise-Cluster,unified-cluster-service,39.9,45.0,320.0,104197.5,222,1020,578875,46.7
2014-02-28 00:02:00,AWS-Enterprise-Cluster,unified-cluster-service,38.3,45.0,320.0,108366.3,230,1080,602035,49.2
2014-02-28 00:07:00,AWS-Enterprise-Cluster,unified-cluster-service,55.1,45.0,320.0,100678.5,224,780,559325,47.4
2014-02-28 00:12:00,AWS-Enterprise-Cluster,unified-cluster-service,37.1,45.0,1720.0,107490.2,228,3360,597167,48.5
2014-02-28 00:17:00,AWS-Enterprise-Cluster,unified-cluster-service,38.7,45.0,1695.0,107755.2,225,3300,598640,47.6
2014-02-28 00:22:00,AWS-Enterprise-Cluster,unified-cluster-service,37.0,45.0,320.0,106714.8,227,1140,592860,48.3
2014-02-28 00:27:00,AWS-Enterprise-Cluster,unified-cluster-service,37.7,45.0,320.0,108524.2,222,360,602912,46.7
2014-02-28 00:32:00,AWS-Enterprise-Cluster,unified-cluster-service,37.7,45.0,320.0,101323.4,225,540,562907,47.5
2014-02-28 00:37:00,AWS-Enterprise-Cluster,unified-cluster-service,37.9,45.0,1670.0,106487.1,222,3240,591595,46.7
2014-02-28 00:42:00,AWS-Enterprise-Cluster,unified-cluster-service,38.8,45.0,1170.0,101582.1,227,2040,564345,48.3
2014-02-28 00:47:00,AWS-Enterprise-Cluster,unified-cluster-service,37.0,45.0,320.0,107052.3,225,360,594735,47.5
2014-02-28 00:52:00,AWS-Enterprise-Cluster,unified-cluster-service,38.5,45.0,1445.0,103395.2,225,2700,574417,47.5
2014-02-28 00:57:00,AWS-Enterprise-Cluster,unified-cluster-service,39.0,45.0,320.0,104451.3,225,240,580285,47.5
2014-02-28 01:02:00,AWS-Enterprise-Cluster,unified-cluster-service,37.5,45.0,320.0,101368.4,227,420,563157,48.3
2014-02-28 01:07:00,AWS-Enterprise-Cluster,unified-cluster-service,39.4,45.0,3920.0,108968.0,225,8640,605377,47.5
2014-02-28 01:12:00,AWS-Enterprise-Cluster,unified-cluster-service,38.3,45.0,1295.0,104350.5,227,2340,579725,48.3
2014-02-28 01:17:00,AWS-Enterprise-Cluster,unified-cluster-service,37.7,45.0,3770.0,103265.6,219,8280,573697,45.8
2014-02-28 01:22:00,AWS-Enterprise-Cluster,unified-cluster-service,38.0,45.0,2370.0,114720.8,227,4920,637337,48.4
2014-02-28 01:27:00,AWS-Enterprise-Cluster,unified-cluster-service,38.2,45.0,320.0,100101.6,219,900,556120,45.9
2014-02-28 01:32:00,AWS-Enterprise-Cluster,unified-cluster-service,37.8,45.0,320.0,107327.7,227,600,596265,48.3
2014-02-28 01:37:00,AWS-Enterprise-Cluster,unified-cluster-service,37.9,45.0,1495.0,97318.4,219,2820,540657,45.8
2014-02-28 01:42:00,AWS-Enterprise-Cluster,unified-cluster-service,38.7,45.0,1595.0,110427.3,225,3060,613485,47.5
2014-02-28 01:47:00,AWS-Enterprise-Cluster,unified-cluster-service,37.8,45.0,1295.0,102158.1,219,2340,567545,45.8
2014-02-28 01:52:00,AWS-Enterprise-Cluster,unified-cluster-service,38.7,45.0,2095.0,107210.7,225,4260,595615,47.6
2014-02-28 01:57:00,AWS-Enterprise-Cluster,unified-cluster-service,39.1,45.0,1220.0,107390.2,219,2160,596612,45.7
2014-02-28 02:02:00,AWS-Enterprise-Cluster,unified-cluster-service,38.6,45.0,5870.0,101619.9,227,13320,564555,48.1
2014-02-28 02:07:00,AWS-Enterprise-Cluster,unified-cluster-service,38.7,45.0,2995.0,107136.4,222,6420,595202,46.7
2014-02-28 02:12:00,AWS-Enterprise-Cluster,unified-cluster-service,38.2,45.0,1995.0,100264.1,227,4020,557022,48.3
2014-02-28 02:17:00,AWS-Enterprise-Cluster,unified-cluster-service,37.1,45.0,2220.0,109080.5,219,4560,606002,45.9
2014-02-28 02:22:00,AWS-Enterprise-Cluster,unified-cluster-service,37.6,45.0,3520.0,110088.9,224,7680,611605,47.3
2014-02-28 02:27:00,AWS-Enterprise-Cluster,unified-cluster-service,37.5,45.0,3620.0,107706.1,210,7920,598367,43.3
2014-02-28 02:32:00,AWS-Enterprise-Cluster,unified-cluster-service,38.1,45.0,1620.0,101277.0,221,3120,562650,46.6
2014-02-28 02:37:00,AWS-Enterprise-Cluster,unified-cluster-service,38.0,45.0,2270.0,110968.2,219,4680,616490,45.8
2014-02-28 02:42:00,AWS-Enterprise-Cluster,unified-cluster-service,38.7,45.0,320.0,102167.5,225,300,567597,47.5
2014-02-28 02:47:00,AWS-Enterprise-Cluster,unified-cluster-service,36.5,45.0,2195.0,104412.1,219,4500,580067,45.8
2014-02-28 02:52:00,AWS-Enterprise-Cluster,unified-cluster-service,37.7,45.0,2445.0,103423.5,213,5100,574575,44.2
2014-02-28 02:57:00,AWS-Enterprise-Cluster,unified-cluster-service,39.9,45.0,1720.0,109697.4,219,3360,609430,45.9
2014-02-28 03:02:00,AWS-Enterprise-Cluster,unified-cluster-service,38.1,45.0,1970.0,101001.6,225,3960,561120,47.5
2014-02-28 03:07:00,AWS-Enterprise-Cluster,unified-cluster-service,39.8,45.0,1120.0,106563.2,222,1920,592017,46.8
2014-02-28 03:12:00,AWS-Enterprise-Cluster,unified-cluster-service,37.9,45.0,2570.0,104398.2,222,5400,579990,46.7
2014-02-28 03:17:00,AWS-Enterprise-Cluster,unified-cluster-service,37.8,45.0,320.0,105830.6,222,480,587947,46.7
2014-02-28 03:22:00,AWS-Enterprise-Cluster,unified-cluster-service,37.6,45.0,320.0,117052.2,227,360,650290,48.3
2014-02-28 03:27:00,AWS-Enterprise-Cluster,unified-cluster-service,38.9,45.0,320.0,98459.5,211,420,546997,43.4
2014-02-28 03:32:00,AWS-Enterprise-Cluster,unified-cluster-service,39.3,45.0,320.0,107311.5,225,240,596175,47.7
2014-02-28 03:37:00,AWS-Enterprise-Cluster,unified-cluster-service,37.6,45.0,1645.0,95684.4,225,3180,531580,47.5
2014-02-28 03:42:00,AWS-Enterprise-Cluster,unified-cluster-service,38.1,45.0,2195.0,107344.8,227,4500,596360,48.3
2014-02-28 03:47:00,AWS-Enterprise-Cluster,unified-cluster-service,39.3,45.0,320.0,104103.9,216,240,578355,45.0
2014-02-28 03:52:00,AWS-Enterprise-Cluster,unified-cluster-service,37.5,45.0,2045.0,108734.8,222,4140,604082,46.7
2014-02-28 03:57:00,AWS-Enterprise-Cluster,unified-cluster-service,54.8,45.0,2395.0,101148.8,219,4980,561937,45.9
2014-02-28 04:02:00,AWS-Enterprise-Cluster,unified-cluster-service,37.7,45.0,1370.0,107323.2,225,2520,596240,47.5
2014-02-28 04:07:00,AWS-Enterprise-Cluster,unified-cluster-service,54.2,45.0,320.0,101745.5,217,120,565252,45.1
2014-02-28 04:12:00,AWS-Enterprise-Cluster,unified-cluster-service,36.9,45.0,1520.0,102686.8,224,2880,570482,47.3
2014-02-28 04:17:00,AWS-Enterprise-Cluster,unified-cluster-service,39.3,45.0,8145.0,113816.2,216,18780,632312,45.0
2014-02-28 04:22:00,AWS-Enterprise-Cluster,unified-cluster-service,36.9,45.0,1395.0,106570.8,221,2580,592060,46.5
2014-02-28 04:27:00,AWS-Enterprise-Cluster,unified-cluster-service,37.7,45.0,3620.0,107528.0,222,7920,597377,46.7
2014-02-28 04:32:00,AWS-Enterprise-Cluster,unified-cluster-service,37.6,45.0,2545.0,103759.2,227,5340,576440,48.1
2014-02-28 04:37:00,AWS-Enterprise-Cluster,unified-cluster-service,37.8,45.0,2420.0,109628.6,219,5040,609047,45.9
2014-02-28 04:42:00,AWS-Enterprise-Cluster,unified-cluster-service,37.8,45.0,1220.0,101642.4,227,2160,564680,48.3
2014-02-28 04:47:00,AWS-Enterprise-Cluster,unified-cluster-service,38.2,45.0,4295.0,101540.7,219,9540,564115,45.9
2014-02-28 04:52:00,AWS-Enterprise-Cluster,unified-cluster-service,37.5,45.0,2820.0,103245.8,225,6000,573587,47.5
2014-02-28 04:57:00,AWS-Enterprise-Cluster,unified-cluster-service,54.0,45.0,3345.0,107023.1,219,7260,594572,45.9
2014-02-28 05:02:00,AWS-Enterprise-Cluster,unified-cluster-service,37.7,45.0,320.0,104922.0,225,780,582900,47.5
2014-02-28 05:07:00,AWS-Enterprise-Cluster,unified-cluster-service,54.3,45.0,1895.0,98738.6,216,3780,548547,45.0
2014-02-28 05:12:00,AWS-Enterprise-Cluster,unified-cluster-service,37.6,45.0,1620.0,108163.4,225,3120,600907,47.5
2014-02-28 05:17:00,AWS-Enterprise-Cluster,unified-cluster-service,38.6,45.0,4495.0,108648.0,219,10020,603600,45.8
2014-02-28 05:22:00,AWS-Enterprise-Cluster,unified-cluster-service,37.5,45.0,320.0,116333.1,225,1020,646295,47.5
2014-02-28 05:27:00,AWS-Enterprise-Cluster,unified-cluster-service,38.7,45.0,5370.0,104392.3,216,12120,579957,45.0
2014-02-28 05:32:00,AWS-Enterprise-Cluster,unified-cluster-service,37.7,45.0,1620.0,105427.8,224,3120,585710,47.3
2014-02-28 05:37:00,AWS-Enterprise-Cluster,unified-cluster-service,37.9,45.0,1995.0,106047.0,222,4020,589150,46.7
2014-02-28 05:42:00,AWS-Enterprise-Cluster,unified-cluster-service,38.4,45.0,1245.0,104823.4,225,2220,582352,47.6
2014-02-28 05:47:00,AWS-Enterprise-Cluster,unified-cluster-service,38.7,45.0,2345.0,101508.3,219,4860,563935,45.8
2014-02-28 05:52:00,AWS-Enterprise-Cluster,unified-cluster-service,38.0,45.0,320.0,102594.6,225,1380,569970,47.6
2014-02-28 05:57:00,AWS-Enterprise-Cluster,unified-cluster-service,54.0,45.0,1520.0,107509.1,219,2880,597272,45.9
2014-02-28 06:02:00,AWS-Enterprise-Cluster,unified-cluster-service,38.9,45.0,320.0,101475.5,225,1620,563752,47.6
2014-02-28 06:07:00,AWS-Enterprise-Cluster,unified-cluster-service,38.9,45.0,320.0,114219.9,222,780,634555,46.7
2014-02-28 06:12:00,AWS-Enterprise-Cluster,unified-cluster-service,37.9,45.0,2270.0,98564.4,225,4680,547580,47.5
2014-02-28 06:17:00,AWS-Enterprise-Cluster,unified-cluster-service,37.8,45.0,1845.0,113479.6,219,3660,630442,45.9
2014-02-28 06:22:00,AWS-Enterprise-Cluster,unified-cluster-service,37.8,45.0,320.0,110139.3,218,600,611885,45.7
2014-02-28 06:27:00,AWS-Enterprise-Cluster,unified-cluster-service,37.8,45.0,4495.0,106394.8,222,10020,591082,46.7
2014-02-28 06:32:00,AWS-Enterprise-Cluster,unified-cluster-service,38.1,45.0,1820.0,99010.8,227,3600,550060,48.2
2014-02-28 06:37:00,AWS-Enterprise-Cluster,unified-cluster-service,37.8,45.0,1770.0,112081.9,210,3480,622677,43.2
2014-02-28 06:42:00,AWS-Enterprise-Cluster,unified-cluster-service,38.2,45.0,2795.0,101748.2,225,5940,565267,47.7
2014-02-28 06:47:00,AWS-Enterprise-Cluster,unified-cluster-service,37.7,45.0,1720.0,99992.7,222,3360,555515,46.7
2014-02-28 06:52:00,AWS-Enterprise-Cluster,unified-cluster-service,39.4,45.0,2420.0,109775.7,227,5040,609865,48.3
2014-02-28 06:57:00,AWS-Enterprise-Cluster,unified-cluster-service,38.0,45.0,4095.0,102069.0,221,9060,567050,46.5
2014-02-28 07:02:00,AWS-Enterprise-Cluster,unified-cluster-service,38.0,45.0,1295.0,107444.7,227,2340,596915,48.3
2014-02-28 07:07:00,AWS-Enterprise-Cluster,unified-cluster-service,39.6,45.0,3520.0,104215.5,219,7680,578975,45.9
2014-02-28 07:12:00,AWS-Enterprise-Cluster,unified-cluster-service,38.1,45.0,2170.0,111695.0,225,4440,620527,47.5
2014-02-28 07:17:00,AWS-Enterprise-Cluster,unified-cluster-service,38.2,45.0,2395.0,103804.2,219,4980,576690,46.0
2014-02-28 07:22:00,AWS-Enterprise-Cluster,unified-cluster-service,36.8,45.0,1220.0,119994.3,224,2160,666635,47.3
2014-02-28 07:27:00,AWS-Enterprise-Cluster,unified-cluster-service,38.6,45.0,4245.0,99710.6,219,9420,553947,45.8
2014-02-28 07:32:00,AWS-Enterprise-Cluster,unified-cluster-service,36.9,45.0,7795.0,111489.3,225,17940,619385,47.6
2014-02-28 07:37:00,AWS-Enterprise-Cluster,unified-cluster-service,38.0,45.0,3995.0,102784.1,216,8820,571022,45.0
2014-02-28 07:42:00,AWS-Enterprise-Cluster,unified-cluster-service,38.7,45.0,2920.0,100841.8,227,6240,560232,48.3
2014-02-28 07:47:00,AWS-Enterprise-Cluster,unified-cluster-service,39.7,45.0,1670.0,109067.9,236,3240,605932,50.9
2014-02-28 07:52:00,AWS-Enterprise-Cluster,unified-cluster-service,37.2,45.0,1445.0,107498.2,227,2700,597212,48.3
2014-02-28 07:57:00,AWS-Enterprise-Cluster,unified-cluster-service,55.0,45.0,320.0,110312.5,219,900,612847,45.9
2014-02-28 08:02:00,AWS-Enterprise-Cluster,unified-cluster-service,37.4,45.0,2795.0,102198.2,227,5940,567767,48.3
2014-02-28 08:07:00,AWS-Enterprise-Cluster,unified-cluster-service,54.6,45.0,1670.0,112097.7,219,3240,622765,45.9
2014-02-28 08:12:00,AWS-Enterprise-Cluster,unified-cluster-service,37.8,45.0,3245.0,108010.4,227,7020,600057,48.2
2014-02-28 08:17:00,AWS-Enterprise-Cluster,unified-cluster-service,38.3,45.0,320.0,104637.6,222,900,581320,46.7
2014-02-28 08:22:00,AWS-Enterprise-Cluster,unified-cluster-service,37.8,45.0,1095.0,110213.6,228,1860,612297,48.5
2014-02-28 08:27:00,AWS-Enterprise-Cluster,unified-cluster-service,37.9,45.0,2645.0,110705.4,218,5580,615030,45.7
2014-02-28 08:32:00,AWS-Enterprise-Cluster,unified-cluster-service,37.7,45.0,3495.0,97731.9,228,7620,542955,48.5
2014-02-28 08:37:00,AWS-Enterprise-Cluster,unified-cluster-service,38.4,45.0,4545.0,103635.9,221,10140,575755,46.6
2014-02-28 08:42:00,AWS-Enterprise-Cluster,unified-cluster-service,37.8,45.0,3695.0,107663.4,225,8100,598130,47.6
2014-02-28 08:47:00,AWS-Enterprise-Cluster,unified-cluster-service,37.9,45.0,320.0,101512.8,219,600,563960,45.8
2014-02-28 08:52:00,AWS-Enterprise-Cluster,unified-cluster-service,38.0,45.0,320.0,108540.0,228,900,603000,48.4
2014-02-28 08:57:00,AWS-Enterprise-Cluster,unified-cluster-service,54.5,45.0,2920.0,101941.2,225,6240,566340,47.5
2014-02-28 09:02:00,AWS-Enterprise-Cluster,unified-cluster-service,37.6,45.0,3270.0,104621.4,227,7080,581230,48.3
2014-02-28 09:07:00,AWS-Enterprise-Cluster,unified-cluster-service,54.8,45.0,4420.0,104644.8,225,9840,581360,47.5
2014-02-28 09:12:00,AWS-Enterprise-Cluster,unified-cluster-service,37.8,45.0,3170.0,109236.6,225,6840,606870,47.5
2014-02-28 09:17:00,AWS-Enterprise-Cluster,unified-cluster-service,38.7,45.0,320.0,103095.5,221,780,572752,46.5
2014-02-28 09:22:00,AWS-Enterprise-Cluster,unified-cluster-service,37.3,45.0,2570.0,115752.6,213,5400,643070,44.2
2014-02-28 09:27:00,AWS-Enterprise-Cluster,unified-cluster-service,38.6,45.0,1745.0,101859.3,219,3420,565885,45.8
2014-02-28 09:32:00,AWS-Enterprise-Cluster,unified-cluster-service,36.6,45.0,6845.0,102983.0,225,15660,572127,47.6
2014-02-28 09:37:00,AWS-Enterprise-Cluster,unified-cluster-service,38.2,45.0,1770.0,107212.0,221,3480,595622,46.5
2014-02-28 09:42:00,AWS-Enterprise-Cluster,unified-cluster-service,38.4,45.0,4370.0,101398.5,225,9720,563325,47.5
2014-02-28 09:47:00,AWS-Enterprise-Cluster,unified-cluster-service,38.5,45.0,1895.0,109898.6,222,3780,610547,46.7
2014-02-28 09:52:00,AWS-Enterprise-Cluster,unified-cluster-service,38.4,45.0,2320.0,102055.5,227,4800,566975,48.1
2014-02-28 09:57:00,AWS-Enterprise-Cluster,unified-cluster-service,54.5,45.0,3045.0,102879.9,219,6540,571555,45.8
2014-02-28 10:02:00,AWS-Enterprise-Cluster,unified-cluster-service,38.0,45.0,2645.0,101532.1,227,5580,564067,48.3
2014-02-28 10:07:00,AWS-Enterprise-Cluster,unified-cluster-service,39.6,45.0,320.0,109965.6,225,960,610920,47.6
2014-02-28 10:12:00,AWS-Enterprise-Cluster,unified-cluster-service,38.1,45.0,3295.0,104254.2,227,7140,579190,48.1
2014-02-28 10:17:00,AWS-Enterprise-Cluster,unified-cluster-service,37.9,45.0,320.0,108990.5,219,1020,605502,45.9
2014-02-28 10:22:00,AWS-Enterprise-Cluster,unified-cluster-service,37.7,45.0,3845.0,112293.9,222,8460,623855,46.8
2014-02-28 10:27:00,AWS-Enterprise-Cluster,unified-cluster-service,38.1,45.0,1645.0,96632.5,221,3180,536847,46.5
2014-02-28 10:32:00,AWS-Enterprise-Cluster,unified-cluster-service,38.0,45.0,2470.0,112858.2,230,5160,626990,49.2
2014-02-28 10:37:00,AWS-Enterprise-Cluster,unified-cluster-service,38.1,45.0,4595.0,102004.6,222,10260,566692,46.7
2014-02-28 10:42:00,AWS-Enterprise-Cluster,unified-cluster-service,37.8,45.0,5120.0,107442.9,224,11520,596905,47.4
2014-02-28 10:47:00,AWS-Enterprise-Cluster,unified-cluster-service,37.7,45.0,4445.0,100598.0,219,9900,558877,46.0
2014-02-28 10:52:00,AWS-Enterprise-Cluster,unified-cluster-service,38.3,45.0,2420.0,107914.1,227,5040,599522,48.3
2014-02-28 10:57:00,AWS-Enterprise-Cluster,unified-cluster-service,54.4,45.0,3595.0,101940.3,225,7860,566335,47.5
2014-02-28 11:02:00,AWS-Enterprise-Cluster,unified-cluster-service,37.6,45.0,320.0,106524.0,224,1620,591800,47.5
2014-02-28 11:07:00,AWS-Enterprise-Cluster,unified-cluster-service,54.9,45.0,4445.0,104523.8,221,9900,580687,46.5
2014-02-28 11:12:00,AWS-Enterprise-Cluster,unified-cluster-service,37.6,45.0,1820.0,103740.3,213,3600,576335,44.2
2014-02-28 11:17:00,AWS-Enterprise-Cluster,unified-cluster-service,38.2,45.0,2595.0,108293.0,219,5460,601627,45.9
2014-02-28 11:22:00,AWS-Enterprise-Cluster,unified-cluster-service,37.6,45.0,2395.0,109257.7,228,4980,606987,48.5
2014-02-28 11:27:00,AWS-Enterprise-Cluster,unified-cluster-service,37.7,45.0,2020.0,104791.1,222,4080,582172,46.7
2014-02-28 11:32:00,AWS-Enterprise-Cluster,unified-cluster-service,38.0,45.0,320.0,97845.8,224,1440,543587,47.3
2014-02-28 11:37:00,AWS-Enterprise-Cluster,unified-cluster-service,39.7,45.0,2045.0,118428.3,219,4140,657935,45.8
2014-02-28 11:42:00,AWS-Enterprise-Cluster,unified-cluster-service,37.7,45.0,1145.0,107923.9,227,1980,599577,48.2
2014-02-28 11:47:00,AWS-Enterprise-Cluster,unified-cluster-service,39.3,45.0,320.0,130840.7,219,240,726892,45.8
2014-02-28 11:52:00,AWS-Enterprise-Cluster,unified-cluster-service,37.6,45.0,5545.0,124738.6,227,12540,692992,48.3
2014-02-28 11:57:00,AWS-Enterprise-Cluster,unified-cluster-service,39.9,45.0,2720.0,137403.9,219,5760,763355,45.9
2014-02-28 12:02:00,AWS-Enterprise-Cluster,unified-cluster-service,38.8,45.0,4420.0,116895.2,225,9840,649417,47.7
2014-02-28 12:07:00,AWS-Enterprise-Cluster,unified-cluster-service,38.9,45.0,320.0,111202.7,222,600,617792,46.7
2014-02-28 12:12:00,AWS-Enterprise-Cluster,unified-cluster-service,39.0,45.0,1970.0,107904.6,230,3960,599470,49.2
2014-02-28 12:17:00,AWS-Enterprise-Cluster,unified-cluster-service,36.6,45.0,320.0,114606.9,221,1020,636705,46.5
2014-02-28 12:22:00,AWS-Enterprise-Cluster,unified-cluster-service,38.2,45.0,1295.0,111826.8,225,2340,621260,47.6
2014-02-28 12:27:00,AWS-Enterprise-Cluster,unified-cluster-service,38.1,45.0,320.0,102209.8,219,360,567832,45.8
2014-02-28 12:32:00,AWS-Enterprise-Cluster,unified-cluster-service,37.9,45.0,320.0,110184.8,228,780,612137,48.5
2014-02-28 12:37:00,AWS-Enterprise-Cluster,unified-cluster-service,37.9,45.0,1370.0,103594.1,224,2520,575522,47.5
2014-02-28 12:42:00,AWS-Enterprise-Cluster,unified-cluster-service,37.7,45.0,2120.0,117689.8,227,4320,653832,48.3
2014-02-28 12:47:00,AWS-Enterprise-Cluster,unified-cluster-service,37.9,45.0,2645.0,106747.7,219,5580,593042,46.0
2014-02-28 12:52:00,AWS-Enterprise-Cluster,unified-cluster-service,37.9,45.0,320.0,107994.1,225,780,599967,47.6
2014-02-28 12:57:00,AWS-Enterprise-Cluster,unified-cluster-service,39.7,45.0,320.0,99244.3,225,300,551357,47.5
2014-02-28 13:02:00,AWS-Enterprise-Cluster,unified-cluster-service,38.3,45.0,320.0,110117.3,230,540,611762,49.3
2014-02-28 13:07:00,AWS-Enterprise-Cluster,unified-cluster-service,39.7,45.0,2345.0,108298.4,222,4860,601657,46.8
2014-02-28 13:12:00,AWS-Enterprise-Cluster,unified-cluster-service,39.1,45.0,3195.0,101008.8,225,6900,561160,47.6
2014-02-28 13:17:00,AWS-Enterprise-Cluster,unified-cluster-service,37.1,45.0,6845.0,113041.4,222,15660,628007,46.7
2014-02-28 13:22:00,AWS-Enterprise-Cluster,unified-cluster-service,38.7,45.0,2195.0,108420.8,227,4500,602337,48.1
2014-02-28 13:27:00,AWS-Enterprise-Cluster,unified-cluster-service,36.7,45.0,320.0,105707.7,222,360,587265,46.7
2014-02-28 13:32:00,AWS-Enterprise-Cluster,unified-cluster-service,38.7,45.0,320.0,100889.5,227,600,560497,48.4
2014-02-28 13:37:00,AWS-Enterprise-Cluster,unified-cluster-service,37.2,45.0,320.0,117600.8,211,780,653337,43.3
2014-02-28 13:42:00,AWS-Enterprise-Cluster,unified-cluster-service,38.3,45.0,4870.0,95130.9,210,10920,528505,43.1
2014-02-28 13:47:00,AWS-Enterprise-Cluster,unified-cluster-service,39.6,45.0,320.0,100951.6,221,1740,560842,46.5
2014-02-28 13:52:00,AWS-Enterprise-Cluster,unified-cluster-service,37.1,45.0,320.0,103152.6,225,720,573070,47.5
2014-02-28 13:57:00,AWS-Enterprise-Cluster,unified-cluster-service,39.9,45.0,320.0,111004.6,222,240,616692,46.7
2014-02-28 14:02:00,AWS-Enterprise-Cluster,unified-cluster-service,38.5,45.0,1120.0,102064.1,227,1920,567022,48.3
2014-02-28 14:07:00,AWS-Enterprise-Cluster,unified-cluster-service,54.5,45.0,1745.0,106893.0,222,3420,593850,46.7
2014-02-28 14:12:00,AWS-Enterprise-Cluster,unified-cluster-service,37.9,45.0,320.0,105235.7,227,600,584642,48.2
2014-02-28 14:17:00,AWS-Enterprise-Cluster,unified-cluster-service,38.5,45.0,320.0,107235.9,219,1080,595755,45.9
2014-02-28 14:22:00,AWS-Enterprise-Cluster,unified-cluster-service,37.7,45.0,1820.0,108937.8,227,3600,605210,48.3
